Price,Close,High,Low,Open,Volume
Ticker,BZ=F,BZ=F,BZ=F,BZ=F,BZ=F
Date,,,,,
2007-07-30,75.73999786376953,76.52999877929688,75.44000244140625,75.8499984741211,2575
2007-07-31,77.05000305175781,77.16999816894531,75.66999816894531,75.69999694824219,3513
2007-08-01,75.3499984741211,77.05999755859375,74.86000061035156,77.0,3930
2007-08-02,75.76000213623047,76.20999908447266,74.2699966430664,75.22000122070312,6180
2007-08-03,74.75,76.0,74.52999877929688,75.38999938964844,4387
2007-08-06,71.16999816894531,74.5999984741211,70.87000274658203,74.54000091552734,7201
2007-08-07,71.80000305175781,72.01000213623047,70.55999755859375,70.80000305175781,6775
2007-08-08,70.98999786376953,72.02999877929688,70.66000366210938,71.44000244140625,5768
2007-08-09,70.20999908447266,71.08000183105469,69.2699966430664,70.91000366210938,6232
2007-08-10,70.38999938964844,70.44999694824219,68.97000122070312,69.91000366210938,3947
2007-08-13,70.2300033569336,71.83000183105469,69.9000015258789,70.95999908447266,4088
2007-08-14,70.51000213623047,70.80000305175781,69.61000061035156,70.30999755859375,3966
2007-08-15,71.63999938964844,72.19999694824219,70.83000183105469,70.83999633789062,3664
2007-08-16,69.7699966430664,70.62000274658203,69.05000305175781,70.62000274658203,4762
2007-08-17,70.44000244140625,71.06999969482422,70.04000091552734,70.33000183105469,3279
2007-08-20,69.8499984741211,70.31999969482422,68.94000244140625,69.68000030517578,3852
2007-08-21,68.69000244140625,70.51000213623047,68.18000030517578,69.76000213623047,5588
2007-08-22,68.69999694824219,69.36000061035156,68.19000244140625,68.97000122070312,4232
2007-08-23,69.86000061035156,69.97000122070312,69.11000061035156,69.1500015258789,4087
2007-08-24,70.62000274658203,70.80999755859375,69.5199966430664,69.55000305175781,2786
2007-08-27,70.94999694824219,71.11000061035156,69.48999786376953,70.44000244140625,3128
2007-08-28,70.55000305175781,71.05000305175781,70.19999694824219,71.05000305175781,3421
2007-08-29,72.12999725341797,72.26000213623047,70.7699966430664,70.80000305175781,4245
2007-08-30,71.9000015258789,72.45999908447266,71.37999725341797,72.0999984741211,3257
2007-08-31,72.69000244140625,73.05999755859375,72.05000305175781,72.2300033569336,3257
2007-09-04,73.91999816894531,74.05000305175781,72.80000305175781,73.26000213623047,4057
2007-09-05,74.33999633789062,74.37999725341797,73.76000213623047,74.12999725341797,3139
2007-09-06,74.7699966430664,75.63999938964844,73.75,74.77999877929688,4852
2007-09-07,75.06999969482422,75.22000122070312,74.27999877929688,74.36000061035156,3685
2007-09-10,75.4800033569336,75.73999786376953,73.86000061035156,74.56999969482422,3082
2007-09-11,76.37999725341797,76.4000015258789,74.98999786376953,75.48999786376953,3305
2007-09-12,77.68000030517578,77.8499984741211,76.27999877929688,76.37999725341797,3294
2007-09-13,77.12000274658203,77.27999877929688,76.30000305175781,76.86000061035156,2470
2007-09-14,76.22000122070312,77.23999786376953,76.06999969482422,76.69000244140625,2912
2007-09-17,76.9800033569336,77.04000091552734,75.54000091552734,75.54000091552734,2573
2007-09-18,77.58999633789062,78.33000183105469,76.33000183105469,76.66999816894531,3427
2007-09-19,78.47000122070312,78.55999755859375,77.45999908447266,78.04000091552734,3109
2007-09-20,79.08999633789062,79.2699966430664,77.81999969482422,77.87000274658203,2426
2007-09-21,79.30000305175781,79.94999694824219,78.4800033569336,79.25,2768
2007-09-24,78.91000366210938,79.47000122070312,78.2300033569336,78.6500015258789,2619
2007-09-25,77.62000274658203,78.4800033569336,77.19000244140625,78.41999816894531,4042
2007-09-26,77.43000030517578,78.27999877929688,76.37999725341797,77.9000015258789,4071
2007-09-27,80.02999877929688,80.18000030517578,78.01000213623047,78.01000213623047,3604
2007-09-28,79.16999816894531,81.02999877929688,78.91999816894531,80.05999755859375,2607
2007-10-01,77.63999938964844,78.94000244140625,76.94000244140625,78.83000183105469,4079
2007-10-02,77.37999725341797,77.44999694824219,76.33000183105469,77.06999969482422,3748
2007-10-03,77.37999725341797,77.80999755859375,76.87000274658203,77.41999816894531,3765
2007-10-04,78.97000122070312,79.23999786376953,76.55999755859375,76.9800033569336,3821
2007-10-05,78.9000015258789,79.08000183105469,78.19000244140625,79.04000091552734,3024
2007-10-08,76.58000183105469,78.33999633789062,76.16000366210938,78.33999633789062,2623
2007-10-09,77.48999786376953,78.16000366210938,75.66999816894531,75.91999816894531,2981
2007-10-10,78.5999984741211,78.6500015258789,76.98999786376953,77.44000244140625,5814
2007-10-11,80.1500015258789,80.68000030517578,79.0999984741211,79.43000030517578,3076
2007-10-12,80.55000305175781,80.88999938964844,79.79000091552734,79.87000274658203,1864
2007-10-15,82.75,82.86000061035156,81.37000274658203,81.4000015258789,1211
2007-10-16,83.55000305175781,83.79000091552734,82.16999816894531,82.93000030517578,3747
2007-10-17,83.12999725341797,84.41000366210938,82.66999816894531,83.27999877929688,4623
2007-10-18,84.5999984741211,84.69999694824219,83.13999938964844,83.33999633789062,3256
2007-10-19,83.79000091552734,84.66000366210938,83.16999816894531,84.6500015258789,3570
2007-10-22,83.2699966430664,84.06999969482422,81.94999694824219,81.94999694824219,3145
2007-10-23,82.8499984741211,83.58000183105469,82.36000061035156,83.55999755859375,3005
2007-10-24,84.37000274658203,84.47000122070312,82.69999694824219,82.73999786376953,2766
2007-10-25,87.4800033569336,87.56999969482422,85.33000183105469,85.55999755859375,2467
2007-10-26,88.69000244140625,88.75,87.63999938964844,88.13999938964844,2952
2007-10-29,90.31999969482422,90.43000030517578,88.77999877929688,89.58999633789062,2303
2007-10-30,87.44000244140625,89.55000305175781,86.91000366210938,88.9800033569336,4041
2007-10-31,90.62999725341797,90.9000015258789,86.94000244140625,88.30999755859375,2093
2007-11-01,89.72000122070312,91.25,88.5999984741211,91.19999694824219,3831
2007-11-02,92.08000183105469,92.2300033569336,90.26000213623047,90.61000061035156,1781
2007-11-05,90.48999786376953,92.2699966430664,90.26000213623047,90.58000183105469,1992
2007-11-06,93.26000213623047,93.54000091552734,92.20999908447266,92.31999969482422,2594
2007-11-07,93.23999786376953,94.58999633789062,91.75,94.37999725341797,2778
2007-11-08,92.79000091552734,94.73999786376953,92.5199966430664,93.91999816894531,2421
2007-11-09,93.18000030517578,93.7699966430664,91.80999755859375,92.05000305175781,2177
2007-11-12,91.9800033569336,92.37999725341797,91.0,92.26000213623047,2000
2007-11-13,88.83000183105469,91.33999633789062,87.91000366210938,91.01000213623047,2488
2007-11-14,91.36000061035156,91.55000305175781,89.41999816894531,89.58000183105469,1082
2007-11-15,90.2300033569336,90.6500015258789,88.72000122070312,90.55999755859375,935
2007-11-16,91.62000274658203,91.94999694824219,90.88999938964844,90.93000030517578,1032
2007-11-19,92.27999877929688,92.5199966430664,91.0199966430664,92.31999969482422,986
2007-11-20,95.48999786376953,95.7300033569336,93.16000366210938,93.4800033569336,2063
2007-11-21,94.83999633789062,96.13999938964844,94.04000091552734,95.62999725341797,1649
2007-11-23,95.76000213623047,95.93000030517578,94.01000213623047,94.01000213623047,447
2007-11-26,95.31999969482422,96.12000274658203,94.29000091552734,95.97000122070312,1358
2007-11-27,92.5199966430664,93.86000061035156,92.43000030517578,93.86000061035156,2162
2007-11-28,89.80999755859375,93.37000274658203,89.66000366210938,92.95999908447266,2968
2007-11-29,90.22000122070312,91.93000030517578,89.75,91.72000122070312,2605
2007-11-30,88.26000213623047,90.1500015258789,87.91000366210938,88.70999908447266,1332
2007-12-03,89.80000305175781,90.02999877929688,87.05000305175781,87.6500015258789,1804
2007-12-04,89.52999877929688,90.3499984741211,88.98999786376953,90.0199966430664,1948
2007-12-05,88.48999786376953,91.22000122070312,88.37000274658203,91.0199966430664,1864
2007-12-06,90.18000030517578,90.62999725341797,87.05999755859375,87.5,2366
2007-12-07,88.63999938964844,90.41000366210938,87.55000305175781,89.97000122070312,1496
2007-12-10,88.04000091552734,89.83999633789062,87.5,88.20999908447266,1526
2007-12-11,89.98999786376953,90.36000061035156,88.19999694824219,88.51000213623047,1939
2007-12-12,94.0199966430664,94.44000244140625,90.38999938964844,90.38999938964844,1383
2007-12-13,92.12000274658203,94.33000183105469,92.01000213623047,94.04000091552734,1064
2007-12-14,91.69000244140625,93.30999755859375,91.12999725341797,92.30999755859375,2077
2007-12-17,91.29000091552734,92.33999633789062,90.1500015258789,91.80000305175781,1859
2007-12-18,90.12000274658203,92.87999725341797,89.36000061035156,91.58000183105469,1446
2007-12-19,91.4800033569336,92.27999877929688,89.79000091552734,90.69999694824219,1047
2007-12-20,90.87999725341797,92.23999786376953,90.70999908447266,92.23999786376953,1137
2007-12-21,92.45999908447266,92.91999816894531,90.70999908447266,90.76000213623047,885
2007-12-24,92.69999694824219,92.3499984741211,91.37999725341797,92.2699966430664,87
2007-12-26,93.94000244140625,95.04000091552734,92.83999633789062,93.08000183105469,1335
2007-12-27,94.77999877929688,95.86000061035156,93.56999969482422,94.11000061035156,1453
2007-12-28,93.87999725341797,95.8499984741211,93.8499984741211,95.19000244140625,1108
2007-12-31,93.8499984741211,95.26000213623047,93.27999877929688,93.9000015258789,1108
2008-01-02,97.83999633789062,98.0199966430664,94.19999694824219,94.30000305175781,1149
2008-01-03,97.5999984741211,98.47000122070312,97.06999969482422,97.5,1386
2008-01-04,96.79000091552734,97.88999938964844,96.20999908447266,97.73999786376953,1240
2008-01-07,94.38999938964844,97.45999908447266,93.7300033569336,96.81999969482422,1826
2008-01-08,95.54000091552734,96.66999816894531,94.51000213623047,95.44000244140625,1082
2008-01-09,94.37000274658203,96.70999908447266,94.12000274658203,95.63999938964844,1903
2008-01-10,92.22000122070312,94.83000183105469,92.16999816894531,94.23999786376953,2675
2008-01-11,91.06999969482422,92.55999755859375,90.8499984741211,91.68000030517578,1646
2008-01-14,92.91999816894531,93.0199966430664,91.19999694824219,91.19999694824219,1873
2008-01-15,90.9800033569336,93.0,90.36000061035156,92.95999908447266,1165
2008-01-16,89.5,90.47000122070312,88.31999969482422,89.94999694824219,918
2008-01-17,88.75,90.69000244140625,88.19999694824219,90.06999969482422,1170
2008-01-18,89.2300033569336,89.95999908447266,88.72000122070312,89.1500015258789,1170
2008-01-22,88.44999694824219,88.87000274658203,85.0999984741211,88.5999984741211,2072
2008-01-23,86.62000274658203,88.63999938964844,86.38999938964844,88.47000122070312,1197
2008-01-24,89.06999969482422,89.31999969482422,86.9000015258789,87.66000366210938,1392
2008-01-25,90.9000015258789,91.37000274658203,89.41000366210938,90.08999633789062,2660
2008-01-28,91.37999725341797,91.73999786376953,89.31999969482422,89.9000015258789,1328
2008-01-29,92.0,92.20999908447266,91.04000091552734,91.2699966430664,1358
2008-01-30,92.52999877929688,92.76000213623047,91.4800033569336,92.43000030517578,848
2008-01-31,92.20999908447266,92.80000305175781,90.19999694824219,91.44999694824219,1865
2008-02-01,89.44000244140625,92.44000244140625,88.9800033569336,91.41999816894531,2110
2008-02-04,90.4000015258789,91.11000061035156,88.66000366210938,89.01000213623047,1760
2008-02-05,88.81999969482422,89.7300033569336,88.08999633789062,89.48999786376953,1819
2008-02-06,87.77999877929688,89.56999969482422,87.55000305175781,88.51000213623047,1381
2008-02-07,88.51000213623047,88.75,86.8499984741211,87.5,3593
2008-02-08,91.94000244140625,92.30000305175781,89.11000061035156,89.6500015258789,2755
2008-02-11,93.52999877929688,94.51000213623047,91.11000061035156,92.04000091552734,1816
2008-02-12,92.86000061035156,94.12999725341797,92.22000122070312,92.56999969482422,1484
2008-02-13,93.31999969482422,93.9800033569336,92.4000015258789,93.52999877929688,708
2008-02-14,95.16000366210938,95.30999755859375,93.06999969482422,93.91000366210938,1054
2008-02-15,94.62999725341797,95.77999877929688,94.04000091552734,95.02999877929688,1054
2008-02-19,98.55999755859375,98.72000122070312,94.4800033569336,94.4800033569336,1837
2008-02-20,98.41999816894531,99.19999694824219,96.77999877929688,97.4800033569336,1361
2008-02-21,96.23999786376953,98.91999816894531,95.51000213623047,98.87999725341797,2049
2008-02-22,97.01000213623047,97.55000305175781,95.75,96.26000213623047,1117
2008-02-25,97.69000244140625,98.1500015258789,96.3499984741211,97.86000061035156,1547
2008-02-26,99.47000122070312,99.75,97.20999908447266,97.6500015258789,2272
2008-02-27,98.2699966430664,100.48999786376953,97.98999786376953,100.05999755859375,1629
2008-02-28,100.9000015258789,101.27999877929688,97.51000213623047,98.12999725341797,2029
2008-02-29,100.0999984741211,101.23999786376953,99.68000030517578,101.23999786376953,1601
2008-03-03,100.4800033569336,102.26000213623047,99.26000213623047,100.25,2539
2008-03-04,97.5199966430664,101.30999755859375,96.98999786376953,100.5999984741211,5074
2008-03-05,101.63999938964844,102.0199966430664,97.58000183105469,97.5999984741211,3129
2008-03-06,102.61000061035156,102.91999816894531,100.29000091552734,101.62000274658203,3977
2008-03-07,102.37999725341797,103.94000244140625,101.38999938964844,102.41999816894531,3166
2008-03-10,104.16000366210938,104.41999816894531,101.19999694824219,102.19000244140625,2395
2008-03-11,105.25,105.79000091552734,103.30999755859375,104.94999694824219,2684
2008-03-12,106.2699966430664,106.38999938964844,104.0199966430664,105.0999984741211,1607
2008-03-13,107.54000091552734,107.86000061035156,105.62999725341797,106.4000015258789,674
2008-03-14,106.19999694824219,106.9800033569336,105.08000183105469,106.16000366210938,768
2008-03-17,101.75,104.16999816894531,99.69000244140625,102.87000274658203,933
2008-03-18,105.55999755859375,106.11000061035156,101.76000213623047,102.08000183105469,1949
2008-03-19,100.72000122070312,104.25,100.18000030517578,103.94999694824219,2602
2008-03-20,100.37999725341797,100.79000091552734,97.9800033569336,99.93000030517578,1843
2008-03-24,99.86000061035156,101.20999908447266,99.05000305175781,99.62000274658203,615
2008-03-25,100.5999984741211,101.06999969482422,98.86000061035156,100.26000213623047,1484
2008-03-26,103.98999786376953,104.12000274658203,101.0199966430664,101.29000091552734,2573
2008-03-27,105.0,105.54000091552734,103.44000244140625,104.4000015258789,1559
2008-03-28,103.7699966430664,105.37000274658203,103.04000091552734,105.08999633789062,1039
2008-03-31,100.30000305175781,105.30999755859375,99.16000366210938,103.52999877929688,2274
2008-04-01,100.16999816894531,101.47000122070312,98.9800033569336,100.02999877929688,1611
2008-04-02,103.75,103.97000122070312,99.11000061035156,100.68000030517578,1605
2008-04-03,102.5199966430664,104.5,102.12999725341797,102.25,1190
2008-04-04,104.9000015258789,105.02999877929688,102.73999786376953,103.11000061035156,1108
2008-04-07,107.13999938964844,107.48999786376953,104.62999725341797,105.61000061035156,1121
2008-04-08,106.33999633789062,107.6500015258789,105.72000122070312,107.37999725341797,1189
2008-04-09,108.47000122070312,109.5199966430664,105.79000091552734,105.97000122070312,2562
2008-04-10,108.19999694824219,109.94999694824219,106.83999633789062,109.23999786376953,2029
2008-04-11,108.75,109.11000061035156,107.7300033569336,108.70999908447266,1574
2008-04-14,109.83999633789062,110.01000213623047,108.12999725341797,108.72000122070312,1079
2008-04-15,111.58000183105469,111.87000274658203,110.08999633789062,110.08999633789062,605
2008-04-16,112.66000366210938,112.83999633789062,110.12000274658203,111.61000061035156,1213
2008-04-17,112.43000030517578,113.20999908447266,111.80000305175781,112.87999725341797,1098
2008-04-18,113.91999816894531,114.16999816894531,110.66000366210938,111.87999725341797,936
2008-04-21,114.43000030517578,114.86000061035156,113.05999755859375,114.30000305175781,1016
2008-04-22,115.94999694824219,116.7300033569336,113.95999908447266,114.79000091552734,1396
2008-04-23,116.45999908447266,116.63999938964844,114.62999725341797,115.41999816894531,966
2008-04-24,114.33999633789062,116.80999755859375,112.69999694824219,115.69000244140625,2426
2008-04-25,116.33999633789062,117.58000183105469,112.5199966430664,113.63999938964844,1229
2008-04-28,116.73999786376953,117.47000122070312,116.06999969482422,116.9000015258789,630
2008-04-29,113.43000030517578,115.83999633789062,113.04000091552734,115.31999969482422,1545
2008-04-30,111.36000061035156,114.62999725341797,111.23999786376953,113.13999938964844,2069
2008-05-01,110.5,112.91999816894531,108.44999694824219,112.11000061035156,1253
2008-05-02,114.55999755859375,114.7699966430664,110.72000122070312,111.25,1433
2008-05-05,117.98999786376953,118.56999969482422,114.25,115.19999694824219,693
2008-05-06,120.30999755859375,121.0199966430664,117.72000122070312,118.38999938964844,1137
2008-05-07,122.31999969482422,122.7300033569336,119.3499984741211,120.61000061035156,1550
2008-05-08,122.83999633789062,123.80999755859375,120.93000030517578,122.06999969482422,854
2008-05-09,125.4000015258789,125.87000274658203,123.7699966430664,124.25,1383
2008-05-12,122.91000366210938,125.16999816894531,122.54000091552734,124.58999633789062,1327
2008-05-13,124.0999984741211,124.94000244140625,121.93000030517578,122.94999694824219,1721
2008-05-14,121.86000061035156,124.26000213623047,121.62000274658203,123.30000305175781,897
2008-05-15,122.62999725341797,125.52999877929688,120.12999725341797,123.62000274658203,296
2008-05-16,124.98999786376953,126.30999755859375,124.16000366210938,124.87000274658203,1345
2008-05-19,125.05999755859375,126.01000213623047,123.6500015258789,124.26000213623047,1030
2008-05-20,127.83999633789062,128.0500030517578,124.54000091552734,125.02999877929688,1055
2008-05-21,132.6999969482422,133.58999633789062,127.91999816894531,128.52000427246094,1442
2008-05-22,130.50999450683594,135.11000061035156,131.52000427246094,133.82000732421875,1953
2008-05-23,131.57000732421875,133.72999572753906,130.11000061035156,132.22000122070312,1953
2008-05-27,128.30999755859375,133.3800048828125,127.87000274658203,132.55999755859375,1968
2008-05-28,130.92999267578125,131.13999938964844,126.08000183105469,128.9600067138672,2178
2008-05-29,126.88999938964844,132.5500030517578,126.30000305175781,130.5500030517578,3138
2008-05-30,127.77999877929688,128.97000122070312,125.0999984741211,125.0999984741211,2604
2008-06-02,128.02000427246094,129.1999969482422,125.73999786376953,127.11000061035156,1457
2008-06-03,124.58000183105469,128.05999755859375,124.22000122070312,128.0399932861328,1691
2008-06-04,122.0999984741211,124.66999816894531,121.72000122070312,123.44999694824219,1157
2008-06-05,127.54000091552734,127.83999633789062,121.38999938964844,121.98999786376953,1422
2008-06-06,137.69000244140625,137.5399932861328,127.27999877929688,128.80999755859375,1510
2008-06-09,133.91000366210938,137.47999572753906,132.5,137.11000061035156,1393
2008-06-10,131.02000427246094,137.69000244140625,130.82000732421875,133.2100067138672,1832
2008-06-11,135.02000427246094,137.22999572753906,131.72999572753906,132.60000610351562,930
2008-06-12,136.08999633789062,136.6699981689453,131.33999633789062,133.55999755859375,723
2008-06-13,135.11000061035156,137.4600067138672,134.22000122070312,136.6699981689453,544
2008-06-16,134.7100067138672,139.10000610351562,132.97000122070312,135.13999938964844,996
2008-06-17,133.72000122070312,135.24000549316406,132.00999450683594,134.61000061035156,1411
2008-06-18,136.44000244140625,135.0399932861328,132.1999969482422,133.58999633789062,751
2008-06-19,132.0,137.3699951171875,131.97000122070312,136.77000427246094,1667
2008-06-20,134.86000061035156,136.75,131.5500030517578,132.9499969482422,998
2008-06-23,135.91000366210938,137.27999877929688,133.69000244140625,136.97000122070312,1175
2008-06-24,136.4600067138672,137.72000122070312,135.47000122070312,136.80999755859375,1660
2008-06-25,134.3300018310547,137.17999267578125,132.07000732421875,137.02000427246094,1438
2008-06-26,139.8300018310547,140.5500030517578,133.5500030517578,134.94000244140625,1771
2008-06-27,140.30999755859375,142.91000366210938,139.02999877929688,140.3800048828125,1472
2008-06-30,139.8300018310547,143.86000061035156,139.75999450683594,142.35000610351562,562
2008-07-01,140.6699981689453,143.36000061035156,140.32000732421875,141.60000610351562,811
2008-07-02,144.25999450683594,144.89999389648438,140.49000549316406,141.63999938964844,1064
2008-07-03,146.0800018310547,146.27000427246094,144.27000427246094,146.0800018310547,1064
2008-07-07,141.8699951171875,143.9499969482422,140.3699951171875,143.27000427246094,1332
2008-07-08,136.42999267578125,139.42999267578125,135.6199951171875,139.27000427246094,1547
2008-07-09,136.5800018310547,138.85000610351562,136.0800018310547,137.99000549316406,631
2008-07-10,142.02999877929688,142.41000366210938,136.22999572753906,136.44000244140625,1035
2008-07-11,144.49000549316406,147.42999267578125,141.64999389648438,144.75999450683594,1581
2008-07-14,143.9199981689453,145.24000549316406,142.30999755859375,143.75999450683594,699
2008-07-15,138.75,145.50999450683594,136.64999389648438,145.27999877929688,621
2008-07-16,135.80999755859375,140.22999572753906,134.47999572753906,139.0500030517578,415
2008-07-17,131.07000732421875,137.6300048828125,131.0399932861328,136.05999755859375,960
2008-07-18,130.19000244140625,133.13999938964844,130.02000427246094,132.85000610351562,573
2008-07-21,132.61000061035156,133.50999450683594,130.1999969482422,130.72000122070312,859
2008-07-22,129.5500030517578,133.7100067138672,127.80000305175781,132.83999633789062,849
2008-07-23,125.29000091552734,129.4499969482422,125.1500015258789,127.2699966430664,1292
2008-07-24,126.44000244140625,126.5199966430664,124.62999725341797,125.05999755859375,1099
2008-07-25,124.5199966430664,127.43000030517578,123.44999694824219,126.91000366210938,1159
2008-07-28,125.83999633789062,126.44999694824219,124.55999755859375,125.87000274658203,845
2008-07-29,122.70999908447266,126.75,121.27999877929688,125.3499984741211,1267
2008-07-30,127.0999984741211,127.58999633789062,121.55999755859375,122.19999694824219,1633
2008-07-31,123.9800033569336,127.48999786376953,122.9800033569336,126.29000091552734,1997
2008-08-01,124.18000030517578,127.91000366210938,122.0,122.01000213623047,855
2008-08-04,120.68000030517578,124.8499984741211,120.20999908447266,124.66000366210938,1339
2008-08-05,117.69999694824219,119.80999755859375,117.0,118.08999633789062,1105
2008-08-06,117.0,118.72000122070312,115.69999694824219,117.79000091552734,1216
2008-08-07,117.86000061035156,119.69999694824219,116.30000305175781,117.88999938964844,1534
2008-08-08,113.33000183105469,116.27999877929688,113.16999816894531,115.95999908447266,1523
2008-08-11,112.66999816894531,115.08999633789062,111.12000274658203,115.08999633789062,1630
2008-08-12,111.1500015258789,114.25,110.66999816894531,110.7300033569336,1568
2008-08-13,113.47000122070312,114.81999969482422,111.4800033569336,111.91000366210938,1053
2008-08-14,113.68000030517578,115.51000213623047,111.6500015258789,114.51000213623047,1132
2008-08-15,112.55000305175781,112.95999908447266,110.36000061035156,112.26000213623047,952
2008-08-18,111.94000244140625,113.80999755859375,110.87000274658203,113.12999725341797,1145
2008-08-19,113.25,115.33000183105469,110.75,111.11000061035156,1106
2008-08-20,114.36000061035156,115.4800033569336,111.6500015258789,114.08999633789062,1149
2008-08-21,120.16000366210938,120.79000091552734,117.30999755859375,117.30999755859375,802
2008-08-22,113.91999816894531,118.98999786376953,113.55999755859375,118.5199966430664,1049
2008-08-25,114.02999877929688,115.4800033569336,113.2300033569336,114.79000091552734,422
2008-08-26,114.62999725341797,116.33000183105469,113.75,114.33000183105469,961
2008-08-27,116.22000122070312,117.27999877929688,115.16000366210938,115.80000305175781,1082
2008-08-28,114.16999816894531,118.29000091552734,112.9000015258789,117.76000213623047,1015
2008-08-29,114.05000305175781,116.69999694824219,113.98999786376953,116.69999694824219,1015
2008-09-02,108.33999633789062,109.22000122070312,105.41999816894531,106.55000305175781,618
2008-09-03,108.05999755859375,108.20999908447266,106.22000122070312,107.0999984741211,812
2008-09-04,106.30000305175781,108.66000366210938,105.19000244140625,108.51000213623047,1352
2008-09-05,104.08999633789062,106.2300033569336,103.4800033569336,105.87000274658203,802
2008-09-08,103.44000244140625,105.5,102.43000030517578,105.43000030517578,938
2008-09-09,100.33999633789062,101.9800033569336,100.66000366210938,101.80000305175781,826
2008-09-10,98.97000122070312,101.30000305175781,98.12000274658203,100.81999969482422,1153
2008-09-11,97.63999938964844,100.0199966430664,97.06999969482422,98.66000366210938,1060
2008-09-12,97.58000183105469,98.91000366210938,96.5,98.29000091552734,255
2008-09-15,94.23999786376953,95.75,94.22000122070312,94.55000305175781,589
2008-09-16,89.22000122070312,91.93000030517578,89.08000183105469,90.18000030517578,689
2008-09-17,94.83999633789062,94.25,89.16999816894531,91.81999969482422,751
2008-09-18,95.19000244140625,98.43000030517578,94.37000274658203,98.43000030517578,840
2008-09-19,99.61000061035156,100.41000366210938,96.22000122070312,98.08999633789062,974
2008-09-22,106.04000091552734,106.30999755859375,102.20999908447266,102.20999908447266,1252
2008-09-23,103.08000183105469,105.13999938964844,100.76000213623047,103.83000183105469,848
2008-09-24,102.44999694824219,105.7699966430664,101.93000030517578,105.5999984741211,750
2008-09-25,104.5999984741211,104.97000122070312,100.77999877929688,101.04000091552734,668
2008-09-26,103.54000091552734,103.19000244140625,101.66999816894531,102.33999633789062,1058
2008-09-29,93.9800033569336,99.0999984741211,94.47000122070312,98.51000213623047,433
2008-09-30,98.16999816894531,98.83000183105469,95.55000305175781,95.98999786376953,678
2008-10-01,95.33000183105469,97.4000015258789,92.91000366210938,97.4000015258789,855
2008-10-02,90.55999755859375,93.19000244140625,90.5199966430664,92.3499984741211,1068
2008-10-03,90.25,92.11000061035156,88.12000274658203,90.81999969482422,993
2008-10-06,83.68000030517578,88.18000030517578,83.94999694824219,86.80999755859375,887
2008-10-07,84.66000366210938,87.80999755859375,82.91000366210938,86.12000274658203,849
2008-10-08,84.36000061035156,85.19999694824219,81.63999938964844,83.0999984741211,1069
2008-10-09,82.66000366210938,84.88999938964844,82.2699966430664,84.41000366210938,583
2008-10-10,74.08999633789062,78.69000244140625,74.25,78.69000244140625,971
2008-10-13,77.45999908447266,78.44000244140625,76.05000305175781,78.01000213623047,756
2008-10-14,74.52999877929688,79.33999633789062,74.77999877929688,79.23999786376953,765
2008-10-15,70.80000305175781,72.2300033569336,70.37999725341797,71.9800033569336,400
2008-10-17,69.5999984741211,71.75,67.77999877929688,67.77999877929688,703
2008-10-20,72.02999877929688,73.12000274658203,69.62999725341797,71.20999908447266,897
2008-10-21,69.72000122070312,69.9800033569336,68.16999816894531,68.94000244140625,253
2008-10-22,64.5199966430664,66.51000213623047,64.66000366210938,66.44999694824219,519
2008-10-23,65.91999816894531,67.30999755859375,64.4800033569336,64.4800033569336,461
2008-10-24,62.04999923706055,63.540000915527344,61.06999969482422,61.79999923706055,577
2008-10-27,61.40999984741211,63.4900016784668,60.2400016784668,61.349998474121094,386
2008-10-28,60.290000915527344,62.529998779296875,59.4900016784668,62.36000061035156,200
2008-10-29,65.47000122070312,66.69999694824219,63.75,64.5,318
2008-10-30,63.709999084472656,66.41999816894531,62.290000915527344,66.41999816894531,491
2008-10-31,65.31999969482422,66.0999984741211,60.9900016784668,61.20000076293945,275
2008-11-03,60.47999954223633,64.16999816894531,60.2599983215332,63.040000915527344,635
2008-11-04,66.44000244140625,67.66999816894531,61.130001068115234,61.33000183105469,955
2008-11-05,61.869998931884766,65.48999786376953,61.41999816894531,64.62000274658203,928
2008-11-06,57.43000030517578,61.209999084472656,56.810001373291016,61.119998931884766,1167
2008-11-07,57.349998474121094,59.06999969482422,57.189998626708984,57.59000015258789,515
2008-11-10,59.08000183105469,61.61000061035156,56.13999938964844,61.59000015258789,980
2008-11-11,55.709999084472656,57.540000915527344,54.97999954223633,57.11000061035156,723
2008-11-12,52.369998931884766,55.619998931884766,52.0,55.619998931884766,290
2008-11-14,54.2400016784668,56.08000183105469,53.61000061035156,55.529998779296875,191
2008-11-17,52.310001373291016,56.0099983215332,52.220001220703125,54.470001220703125,299
2008-11-18,51.84000015258789,53.119998931884766,51.779998779296875,52.68000030517578,125
2008-11-19,51.720001220703125,52.779998779296875,51.43000030517578,52.470001220703125,186
2008-11-20,48.08000183105469,50.189998626708984,47.45000076293945,48.970001220703125,624
2008-11-21,49.189998626708984,49.91999816894531,47.54999923706055,49.869998931884766,605
2008-11-24,53.93000030517578,54.4900016784668,49.540000915527344,50.15999984741211,318
2008-11-25,50.349998474121094,53.58000183105469,50.41999816894531,53.29999923706055,615
2008-11-26,53.91999816894531,54.310001373291016,50.790000915527344,52.06999969482422,758
2008-11-28,53.4900016784668,53.4900016784668,53.4900016784668,53.4900016784668,26
2008-12-01,47.970001220703125,50.41999816894531,47.9900016784668,50.15999984741211,1103
2008-12-02,45.439998626708984,48.91999816894531,45.5,48.29999923706055,900
2008-12-03,45.439998626708984,46.25,44.95000076293945,45.13999938964844,869
2008-12-04,42.279998779296875,45.5,42.22999954223633,44.5,519
2008-12-05,39.7400016784668,42.04999923706055,39.380001068115234,41.939998626708984,496
2008-12-08,43.41999816894531,44.029998779296875,42.34000015258789,43.06999969482422,433
2008-12-09,41.529998779296875,43.869998931884766,41.36000061035156,43.04999923706055,548
2008-12-10,42.400001525878906,45.099998474121094,41.119998931884766,43.220001220703125,284
2008-12-11,47.38999938964844,48.310001373291016,44.150001525878906,44.150001525878906,452
2008-12-12,46.40999984741211,47.040000915527344,43.40999984741211,44.56999969482422,668
2008-12-15,44.599998474121094,49.7599983215332,44.52000045776367,49.540000915527344,261
2008-12-17,45.529998779296875,48.29999923706055,45.470001220703125,47.439998626708984,747
2008-12-18,43.36000061035156,46.33000183105469,43.25,46.0099983215332,902
2008-12-19,44.0,45.040000915527344,43.33000183105469,44.029998779296875,568
2008-12-22,41.45000076293945,44.380001068115234,41.33000183105469,43.470001220703125,445
2008-12-23,40.36000061035156,41.90999984741211,39.369998931884766,41.90999984741211,772
2008-12-24,36.61000061035156,39.22999954223633,37.0,38.45000076293945,112
2008-12-26,38.369998931884766,38.650001525878906,37.06999969482422,37.33000183105469,64
2008-12-29,40.54999923706055,40.790000915527344,38.22999954223633,39.880001068115234,430
2008-12-30,40.150001525878906,40.63999938964844,38.66999816894531,39.779998779296875,377
2008-12-31,45.59000015258789,45.66999816894531,39.54999923706055,39.54999923706055,14
2009-01-02,46.90999984741211,46.90999984741211,46.90999984741211,46.90999984741211,50
2009-01-05,49.619998931884766,49.97999954223633,46.400001525878906,46.400001525878906,560
2009-01-06,50.529998779296875,52.130001068115234,49.599998474121094,51.779998779296875,203
2009-01-07,45.86000061035156,50.54999923706055,45.72999954223633,50.43000030517578,244
2009-01-08,44.66999816894531,46.34000015258789,43.79999923706055,45.810001373291016,370
2009-01-09,44.41999816894531,44.630001068115234,42.849998474121094,43.97999954223633,457
2009-01-12,42.90999984741211,43.380001068115234,42.650001525878906,42.959999084472656,256
2009-01-13,44.83000183105469,45.209999084472656,44.25,44.41999816894531,74
2009-01-14,45.08000183105469,45.61000061035156,43.84000015258789,44.84000015258789,139
2009-01-16,46.56999969482422,48.869998931884766,46.060001373291016,48.75,139
2009-01-20,43.619998931884766,45.599998474121094,43.20000076293945,44.25,216
2009-01-21,45.02000045776367,45.16999816894531,43.380001068115234,43.58000183105469,191
2009-01-22,45.38999938964844,45.38999938964844,43.41999816894531,44.720001220703125,140
2009-01-23,48.369998931884766,48.47999954223633,43.93000030517578,44.65999984741211,208
2009-01-26,46.959999084472656,49.5,46.83000183105469,47.66999816894531,259
2009-01-27,43.72999954223633,46.33000183105469,43.59000015258789,46.150001525878906,235
2009-01-28,44.900001525878906,46.130001068115234,43.900001525878906,44.630001068115234,423
2009-01-29,45.400001525878906,45.970001220703125,44.189998626708984,44.22999954223633,105
2009-01-30,45.880001068115234,47.47999954223633,45.630001068115234,45.83000183105469,114
2009-02-02,43.81999969482422,45.16999816894531,44.400001525878906,44.9900016784668,36
2009-02-03,44.08000183105469,44.5099983215332,43.900001525878906,44.40999984741211,143
2009-02-04,44.150001525878906,44.97999954223633,43.68000030517578,44.5,538
2009-02-05,46.459999084472656,46.470001220703125,44.18000030517578,44.880001068115234,134
2009-02-06,46.209999084472656,47.060001373291016,44.22999954223633,44.81999969482422,206
2009-02-09,46.02000045776367,48.20000076293945,46.43000030517578,48.20000076293945,42
2009-02-10,44.61000061035156,47.060001373291016,44.65999984741211,47.060001373291016,68
2009-02-11,44.279998779296875,45.29999923706055,44.06999969482422,45.16999816894531,240
2009-02-13,46.2599983215332,46.2599983215332,46.2599983215332,46.2599983215332,240
2009-02-17,42.45000076293945,42.45000076293945,42.45000076293945,42.45000076293945,240
2009-02-18,40.75,40.75,40.75,40.75,240
2009-02-19,43.279998779296875,43.279998779296875,43.279998779296875,43.279998779296875,240
2009-02-20,43.13999938964844,43.13999938964844,43.13999938964844,43.13999938964844,240
2009-02-23,42.36000061035156,42.279998779296875,42.279998779296875,42.279998779296875,2
2009-02-24,43.84000015258789,43.439998626708984,42.4900016784668,42.4900016784668,4
2009-02-25,45.41999816894531,45.47999954223633,44.18000030517578,44.209999084472656,176
2009-02-26,47.61000061035156,47.459999084472656,46.599998474121094,46.849998474121094,7
2009-02-27,47.20000076293945,46.56999969482422,46.27000045776367,46.27000045776367,4
2009-03-02,43.15999984741211,44.61000061035156,43.0,44.369998931884766,13
2009-03-03,44.560001373291016,44.599998474121094,42.90999984741211,43.540000915527344,9
2009-03-04,46.9900016784668,47.150001525878906,46.0,46.95000076293945,18
2009-03-05,44.779998779296875,45.939998626708984,44.040000915527344,45.939998626708984,12
2009-03-06,45.939998626708984,46.13999938964844,44.43000030517578,44.540000915527344,13
2009-03-09,45.349998474121094,45.939998626708984,45.279998779296875,45.59000015258789,16
2009-03-10,45.150001525878906,46.86000061035156,45.029998779296875,46.7400016784668,7
2009-03-11,42.54999923706055,44.619998931884766,42.4900016784668,44.27000045776367,20
2009-03-12,46.20000076293945,46.439998626708984,43.2400016784668,43.43000030517578,74
2009-03-13,45.880001068115234,47.290000915527344,45.16999816894531,46.72999954223633,35
2009-03-16,46.459999084472656,46.72999954223633,43.790000915527344,44.02000045776367,83
2009-03-17,48.2400016784668,48.630001068115234,46.290000915527344,46.93000030517578,52
2009-03-18,47.65999984741211,48.880001068115234,46.09000015258789,47.58000183105469,99
2009-03-19,50.66999816894531,51.16999816894531,49.58000183105469,50.9900016784668,91
2009-03-20,51.220001220703125,51.599998474121094,49.939998626708984,50.2400016784668,36
2009-03-23,53.470001220703125,53.81999969482422,51.18000030517578,51.619998931884766,59
2009-03-24,53.5,53.540000915527344,52.540000915527344,53.060001373291016,5
2009-03-25,51.75,53.459999084472656,51.20000076293945,51.91999816894531,82
2009-03-26,53.459999084472656,53.77000045776367,52.5099983215332,53.290000915527344,79
2009-03-27,51.97999954223633,52.220001220703125,51.220001220703125,51.95000076293945,92
2009-03-30,47.9900016784668,50.529998779296875,47.689998626708984,50.380001068115234,74
2009-03-31,49.22999954223633,49.66999816894531,47.5099983215332,49.09000015258789,31
2009-04-01,48.439998626708984,48.66999816894531,47.290000915527344,47.619998931884766,82
2009-04-02,52.75,53.02000045776367,51.41999816894531,51.540000915527344,194
2009-04-03,53.470001220703125,53.5,51.560001373291016,52.290000915527344,10
2009-04-06,52.2400016784668,53.09000015258789,51.18000030517578,52.25,76
2009-04-07,51.220001220703125,51.849998474121094,50.88999938964844,51.310001373291016,37
2009-04-08,51.59000015258789,53.540000915527344,50.599998474121094,50.970001220703125,70
2009-04-09,54.060001373291016,54.209999084472656,52.619998931884766,53.06999969482422,29
2009-04-13,52.13999938964844,53.56999969482422,50.959999084472656,53.34000015258789,62
2009-04-14,51.959999084472656,53.529998779296875,51.630001068115234,53.529998779296875,130
2009-05-01,52.849998474121094,53.029998779296875,50.619998931884766,51.70000076293945,53
2009-05-04,54.58000183105469,54.650001525878906,52.439998626708984,52.630001068115234,90
2009-05-05,54.119998931884766,54.79999923706055,53.65999984741211,54.79999923706055,254
2009-05-06,56.150001525878906,56.279998779296875,54.75,54.959999084472656,183
2009-05-07,56.470001220703125,58.189998626708984,55.5099983215332,58.099998474121094,188
2009-05-08,58.13999938964844,58.29999923706055,56.880001068115234,57.63999938964844,95
2009-05-11,57.47999954223633,57.7400016784668,56.5099983215332,56.61000061035156,68
2009-05-12,57.939998626708984,58.81999969482422,57.22999954223633,58.459999084472656,34
2009-05-13,57.34000015258789,58.7400016784668,56.93000030517578,58.290000915527344,17
2009-05-15,55.97999954223633,58.20000076293945,55.900001525878906,57.790000915527344,17
2009-05-18,58.470001220703125,58.79999923706055,57.52000045776367,57.93000030517578,52
2009-05-19,58.91999816894531,59.25,57.720001220703125,59.040000915527344,97
2009-05-20,60.59000015258789,60.75,59.189998626708984,59.529998779296875,96
2009-05-21,59.93000030517578,60.2400016784668,58.849998474121094,58.97999954223633,142
2009-05-22,60.779998779296875,60.869998931884766,59.630001068115234,60.31999969482422,18
2009-05-26,61.2400016784668,61.2599983215332,59.13999938964844,59.349998474121094,34
2009-05-27,62.5,62.68000030517578,61.36000061035156,61.939998626708984,67
2009-05-28,64.38999938964844,64.62000274658203,62.52000045776367,63.040000915527344,70
2009-05-29,65.5199966430664,65.6500015258789,64.36000061035156,64.91000366210938,34
2009-06-01,67.97000122070312,67.9800033569336,66.62999725341797,67.18000030517578,39
2009-06-02,68.16999816894531,68.5,67.20999908447266,67.23999786376953,68
2009-06-03,65.87999725341797,68.19000244140625,64.91000366210938,67.31999969482422,94
2009-06-04,68.70999908447266,69.45999908447266,67.5199966430664,67.88999938964844,73
2009-06-05,68.33999633789062,69.8499984741211,67.38999938964844,68.7699966430664,109
2009-06-08,67.87999725341797,68.75,67.0,67.88999938964844,24
2009-06-09,69.62000274658203,69.80000305175781,68.62999725341797,69.36000061035156,27
2009-06-10,70.80000305175781,71.13999938964844,70.08000183105469,70.25,13
2009-06-11,71.79000091552734,72.2300033569336,70.86000061035156,71.58000183105469,23
2009-06-12,70.91999816894531,71.23999786376953,70.04000091552734,71.0,20
2009-06-15,69.44000244140625,69.44000244140625,68.62999725341797,69.44000244140625,2
2009-06-16,70.23999786376953,72.33999633789062,69.68000030517578,72.0999984741211,25
2009-06-17,70.8499984741211,70.9000015258789,69.06999969482422,69.45999908447266,35
2009-06-18,71.05999755859375,71.41000366210938,69.94999694824219,70.05999755859375,34
2009-06-19,69.19000244140625,71.87999725341797,68.72000122070312,71.41000366210938,36
2009-06-22,66.9800033569336,66.9800033569336,66.16999816894531,66.9800033569336,36
2009-06-23,68.80000305175781,69.18000030517578,66.6500015258789,67.11000061035156,56
2009-06-24,68.33000183105469,69.31999969482422,68.05000305175781,68.19999694824219,515
2009-06-25,69.77999877929688,70.51000213623047,68.55000305175781,68.87999725341797,110
2009-06-26,68.91999816894531,70.4800033569336,68.54000091552734,69.04000091552734,4
2009-06-29,70.98999786376953,71.41000366210938,69.44000244140625,69.72000122070312,78
2009-06-30,69.30000305175781,71.6500015258789,68.44999694824219,70.83999633789062,61
2009-07-01,68.79000091552734,71.2699966430664,68.16000366210938,71.20999908447266,72
2009-07-02,66.6500015258789,67.75,66.62999725341797,67.75,20
2009-07-06,64.05000305175781,64.62999725341797,63.33000183105469,64.05000305175781,12
2009-07-07,63.22999954223633,64.81999969482422,62.72999954223633,64.5199966430664,20
2009-07-08,60.43000030517578,62.5,60.36000061035156,62.45000076293945,23
2009-07-09,61.099998474121094,62.119998931884766,59.880001068115234,61.369998931884766,55
2009-07-10,60.52000045776367,60.77000045776367,59.56999969482422,60.279998779296875,24
2009-07-13,60.689998626708984,61.5099983215332,59.540000915527344,60.279998779296875,20
2009-07-14,60.86000061035156,62.209999084472656,60.52000045776367,61.900001525878906,23
2009-07-15,63.09000015258789,63.77000045776367,61.970001220703125,61.97999954223633,2
2009-07-17,65.37999725341797,65.86000061035156,63.13999938964844,64.08000183105469,2
2009-07-20,66.44000244140625,66.6500015258789,65.30999755859375,65.4000015258789,3
2009-07-21,66.87000274658203,67.8499984741211,66.11000061035156,67.66000366210938,6
2009-07-22,67.20999908447266,67.38999938964844,65.55000305175781,66.45999908447266,15
2009-07-23,69.25,69.69999694824219,66.73999786376953,68.0199966430664,32
2009-07-24,70.31999969482422,70.29000091552734,69.08000183105469,70.31999969482422,32
2009-07-27,70.80999755859375,71.05999755859375,70.11000061035156,70.5999984741211,16
2009-07-28,69.87999725341797,70.97000122070312,69.11000061035156,69.87999725341797,16
2009-07-29,66.52999877929688,69.19000244140625,66.19999694824219,69.0199966430664,42
2009-07-30,70.11000061035156,70.29000091552734,67.56999969482422,68.91000366210938,18
2009-07-31,71.69999694824219,72.05999755859375,68.26000213623047,69.83999633789062,18
2009-08-03,73.55000305175781,73.91000366210938,72.91000366210938,72.94000244140625,7
2009-08-04,74.27999877929688,74.66000366210938,72.5999984741211,73.29000091552734,15
2009-08-05,75.51000213623047,75.5,73.25,74.37999725341797,16
2009-08-06,74.83000183105469,75.81999969482422,74.08999633789062,74.73999786376953,5
2009-08-07,73.58999633789062,75.5,73.20999908447266,74.47000122070312,7
2009-08-10,73.5,74.19000244140625,73.13999938964844,73.31999969482422,3
2009-08-11,72.45999908447266,74.12999725341797,71.95999908447266,72.77999877929688,18
2009-08-12,72.88999938964844,73.45999908447266,72.16999816894531,72.91000366210938,5
2009-08-13,73.4800033569336,73.9000015258789,73.9000015258789,73.9000015258789,2
2009-08-14,72.41000366210938,71.94000244140625,71.94000244140625,71.94000244140625,8
2009-08-17,70.54000091552734,70.05999755859375,69.26000213623047,70.05000305175781,11
2009-08-18,72.37000274658203,73.0199966430664,69.51000213623047,70.0199966430664,16
2009-08-19,74.58999633789062,74.81999969482422,71.26000213623047,73.0,11
2009-08-20,73.33000183105469,73.33000183105469,73.19000244140625,73.33000183105469,11
2009-08-21,74.19000244140625,74.69999694824219,74.04000091552734,74.51000213623047,8
2009-08-24,74.26000213623047,74.56999969482422,73.93000030517578,74.26000213623047,8
2009-08-25,71.81999969482422,73.9000015258789,71.16999816894531,73.62999725341797,23
2009-08-26,71.6500015258789,72.3499984741211,70.68000030517578,71.8499984741211,7
2009-08-27,72.51000213623047,72.77999877929688,70.47000122070312,70.88999938964844,2
2009-08-28,72.79000091552734,73.37999725341797,71.9800033569336,73.37999725341797,2
2009-08-31,69.6500015258789,70.5199966430664,68.93000030517578,70.51000213623047,13
2009-09-01,67.7300033569336,70.9800033569336,67.66999816894531,69.58999633789062,22
2009-09-02,67.66000366210938,68.5,66.83999633789062,67.44000244140625,39
2009-09-03,67.12000274658203,68.41000366210938,67.01000213623047,67.38999938964844,4
2009-09-04,66.81999969482422,67.48999786376953,66.0199966430664,66.81999969482422,4
2009-09-08,69.41999816894531,70.0199966430664,68.05000305175781,69.4000015258789,15
2009-09-09,69.83000183105469,70.80999755859375,69.72000122070312,70.33000183105469,6
2009-09-10,69.86000061035156,70.55999755859375,69.16999816894531,70.05999755859375,4
2009-09-11,67.69000244140625,70.69999694824219,67.05999755859375,70.45999908447266,21
2009-09-14,67.44000244140625,67.91999816894531,66.95999908447266,67.41000366210938,13
2009-09-16,71.66999816894531,71.66000366210938,69.29000091552734,69.9800033569336,13
2009-09-17,71.55000305175781,72.16999816894531,70.9800033569336,71.16999816894531,80
2009-09-18,71.31999969482422,71.75,71.75,71.75,114
2009-09-21,68.69000244140625,69.26000213623047,68.13999938964844,69.12000274658203,22
2009-09-22,70.52999877929688,70.68000030517578,69.5999984741211,69.76000213623047,8
2009-09-23,67.98999786376953,69.41000366210938,67.5199966430664,69.20999908447266,9
2009-09-24,64.81999969482422,67.45999908447266,66.05000305175781,67.45999908447266,20
2009-09-25,65.11000061035156,65.05000305175781,64.56999969482422,64.80000305175781,12
2009-09-28,65.54000091552734,66.16999816894531,64.83000183105469,66.16999816894531,17
2009-09-29,65.48999786376953,65.83999633789062,64.8499984741211,65.70999908447266,4
2009-09-30,69.06999969482422,69.25,65.04000091552734,65.29000091552734,14
2009-10-01,69.19000244140625,69.72000122070312,67.69999694824219,68.4800033569336,26
2009-10-02,68.06999969482422,68.36000061035156,66.80000305175781,67.45999908447266,27
2009-10-05,68.04000091552734,68.44000244140625,65.94999694824219,65.94999694824219,2
2009-10-06,68.55999755859375,69.68000030517578,68.3499984741211,69.19999694824219,2
2009-10-07,67.19999694824219,69.06999969482422,66.8499984741211,68.9800033569336,2
2009-10-08,69.7699966430664,70.1500015258789,67.23999786376953,67.37999725341797,11
2009-10-09,70.0,70.30000305175781,69.11000061035156,69.26000213623047,18
2009-10-12,71.36000061035156,71.66999816894531,71.5,71.66999816894531,4
2009-10-13,72.4000015258789,72.48999786376953,71.30999755859375,71.54000091552734,4
2009-10-14,73.0999984741211,73.25,72.4000015258789,73.13999938964844,9
2009-10-16,76.98999786376953,76.27999877929688,76.05999755859375,76.05999755859375,4
2009-10-19,77.7699966430664,77.80000305175781,76.58999633789062,77.3499984741211,2
2009-10-20,77.23999786376953,77.9800033569336,76.5199966430664,76.52999877929688,8
2009-10-21,79.69000244140625,80.19999694824219,76.3499984741211,77.18000030517578,58
2009-10-22,79.51000213623047,79.70999908447266,78.6500015258789,79.4800033569336,8
2009-10-23,78.91999816894531,79.54000091552734,78.23999786376953,79.4000015258789,22
2009-10-26,77.26000213623047,80.02999877929688,76.69999694824219,78.38999938964844,48
2009-10-27,77.91999816894531,78.30000305175781,76.48999786376953,77.05000305175781,16
2009-10-28,75.86000061035156,76.91999816894531,75.72000122070312,76.80000305175781,23
2009-10-29,78.04000091552734,78.55999755859375,76.77999877929688,77.76000213623047,5
2009-10-30,75.19999694824219,77.05000305175781,75.2699966430664,76.9800033569336,14
2009-11-02,76.55000305175781,77.0199966430664,75.25,75.62000274658203,12
2009-11-03,78.11000061035156,78.23999786376953,75.16000366210938,75.48999786376953,26
2009-11-04,78.88999938964844,79.37999725341797,78.12999725341797,78.52999877929688,18
2009-11-05,77.98999786376953,78.4800033569336,77.95999908447266,78.30999755859375,2
2009-11-06,75.87000274658203,77.1500015258789,75.30999755859375,77.01000213623047,2
2009-11-09,77.7699966430664,78.20999908447266,77.7699966430664,77.7699966430664,2
2009-11-10,77.5,78.66999816894531,76.58000183105469,77.5,2
2009-11-11,77.94999694824219,78.55999755859375,77.33999633789062,77.8499984741211,9
2009-11-12,76.0199966430664,76.76000213623047,75.69999694824219,76.6500015258789,12
2009-11-13,75.55000305175781,75.9800033569336,75.33999633789062,75.9000015258789,3
2009-11-16,78.76000213623047,79.20999908447266,76.63999938964844,77.87000274658203,5
2009-11-17,78.97000122070312,79.48999786376953,78.2300033569336,78.97000122070312,5
2009-11-18,79.47000122070312,80.06999969482422,78.7300033569336,79.68000030517578,2
2009-11-19,77.63999938964844,78.25,77.2699966430664,77.93000030517578,6
2009-11-20,77.19999694824219,77.19999694824219,76.70999908447266,77.19999694824219,6
2009-11-23,77.45999908447266,79.51000213623047,77.19999694824219,79.31999969482422,12
2009-11-24,76.45999908447266,77.77999877929688,76.08999633789062,76.2699966430664,2
2009-11-25,78.44000244140625,78.56999969482422,76.38999938964844,76.41999816894531,2
2009-11-27,77.18000030517578,77.18000030517578,74.91999816894531,77.18000030517578,3
2009-11-30,78.47000122070312,79.22000122070312,76.5199966430664,78.47000122070312,3
2009-12-01,79.3499984741211,79.66000366210938,78.36000061035156,79.3499984741211,3
2009-12-02,77.87999725341797,79.5999984741211,77.55000305175781,78.54000091552734,4
2009-12-03,78.36000061035156,78.86000061035156,77.48999786376953,78.22000122070312,1
2009-12-04,77.5199966430664,79.69999694824219,77.0199966430664,78.16999816894531,10
2009-12-07,76.43000030517578,77.95999908447266,76.55000305175781,76.43000030517578,10
2009-12-08,75.19000244140625,76.79000091552734,75.31999969482422,75.19000244140625,10
2009-12-09,72.38999938964844,76.0999984741211,72.08999633789062,75.29000091552734,13
2009-12-10,71.86000061035156,72.88999938964844,71.22000122070312,71.86000061035156,13
2009-12-11,71.87999725341797,72.52999877929688,71.08000183105469,71.5999984741211,105
2009-12-14,71.88999938964844,72.29000091552734,71.26000213623047,71.88999938964844,105
2009-12-15,72.05000305175781,72.73999786376953,71.69000244140625,72.05000305175781,105
2009-12-16,73.55000305175781,73.75,73.55000305175781,73.55000305175781,4
2009-12-17,73.37000274658203,73.37000274658203,72.62000274658203,73.37000274658203,4
2009-12-18,73.75,73.75,73.75,73.75,1
2009-12-21,72.98999786376953,73.95999908447266,72.94999694824219,72.98999786376953,1
2009-12-22,73.45999908447266,73.83999633789062,72.58000183105469,73.45999908447266,1
2009-12-23,75.44999694824219,75.12999725341797,75.44999694824219,75.44999694824219,1
2009-12-24,76.30999755859375,75.93000030517578,76.30999755859375,76.30999755859375,1
2009-12-28,77.31999969482422,77.31999969482422,77.31999969482422,77.31999969482422,1
2009-12-29,77.63999938964844,77.86000061035156,76.87000274658203,77.63999938964844,1
2009-12-30,78.02999877929688,78.56999969482422,78.02999877929688,78.02999877929688,1
2009-12-31,77.93000030517578,78.5999984741211,77.87000274658203,77.93000030517578,1
2010-01-04,80.12000274658203,79.81999969482422,80.12000274658203,80.12000274658203,97
2010-01-05,80.58999633789062,80.26000213623047,80.58999633789062,80.58999633789062,97
2010-01-06,81.88999938964844,81.69999694824219,80.12999725341797,81.12999725341797,7
2010-01-07,81.51000213623047,81.51000213623047,81.62999725341797,81.51000213623047,7
2010-01-08,81.37000274658203,81.52999877929688,81.08999633789062,81.37000274658203,7
2010-01-11,80.97000122070312,81.70999908447266,81.01000213623047,80.97000122070312,7
2010-01-12,79.30000305175781,79.30000305175781,79.02999877929688,79.30000305175781,7
2010-01-13,78.30999755859375,79.0199966430664,77.25,78.52999877929688,18
2010-01-14,77.81999969482422,78.47000122070312,78.01000213623047,77.81999969482422,6
2010-01-15,77.11000061035156,77.81999969482422,76.87999725341797,77.55000305175781,4
2010-01-19,77.62999725341797,77.75,76.26000213623047,77.62999725341797,200
2010-01-20,76.31999969482422,76.31999969482422,75.87000274658203,76.31999969482422,200
2010-01-21,74.58000183105469,76.45999908447266,74.29000091552734,74.58000183105469,1
2010-01-22,72.83000183105469,73.9000015258789,72.45999908447266,73.72000122070312,1
2010-01-25,73.69000244140625,73.7300033569336,72.83000183105469,73.68000030517578,1
2010-01-26,73.29000091552734,73.29000091552734,72.91000366210938,73.29000091552734,15
2010-01-27,72.23999786376953,73.54000091552734,71.37000274658203,72.97000122070312,5
2010-01-28,72.12999725341797,72.61000061035156,71.72000122070312,72.12999725341797,9
2010-01-29,71.45999908447266,73.18000030517578,71.2300033569336,71.45999908447266,9
2010-02-01,73.11000061035156,73.58000183105469,71.66000366210938,72.13999938964844,8
2010-02-02,76.05999755859375,76.18000030517578,73.81999969482422,74.30999755859375,27
2010-02-03,75.91999816894531,76.86000061035156,75.5,76.58999633789062,224
2010-02-04,72.12999725341797,74.81999969482422,71.44999694824219,74.81999969482422,35
2010-02-05,69.58999633789062,72.5,67.94999694824219,71.69000244140625,30
2010-02-08,70.11000061035156,70.44999694824219,69.2300033569336,70.0999984741211,5
2010-02-09,72.12999725341797,72.36000061035156,70.47000122070312,71.11000061035156,211
2010-02-10,72.54000091552734,72.91000366210938,70.94000244140625,71.37999725341797,16
2010-02-11,73.05000305175781,73.05000305175781,73.05000305175781,73.05000305175781,41
2010-02-12,72.9000015258789,72.93000030517578,71.68000030517578,72.48999786376953,11
2010-02-16,75.68000030517578,75.98999786376953,73.83999633789062,74.16999816894531,12
2010-02-17,76.2699966430664,76.3499984741211,75.43000030517578,75.97000122070312,7
2010-02-18,77.77999877929688,77.83000183105469,75.4000015258789,75.91000366210938,50
2010-02-19,78.19000244140625,78.2699966430664,76.73999786376953,77.05999755859375,35
2010-02-22,78.61000061035156,78.69999694824219,77.94999694824219,78.2699966430664,119
2010-02-23,77.25,77.81999969482422,76.6500015258789,77.36000061035156,28
2010-02-24,78.08999633789062,78.4000015258789,76.83000183105469,77.33000183105469,87
2010-02-25,76.29000091552734,77.51000213623047,75.30999755859375,77.44000244140625,76
2010-02-26,77.58999633789062,77.91000366210938,76.0999984741211,76.7300033569336,17
2010-03-01,76.88999938964844,78.37000274658203,76.30999755859375,77.54000091552734,11
2010-03-02,78.18000030517578,79.2300033569336,77.47000122070312,77.94999694824219,27
2010-03-03,79.25,79.54000091552734,77.93000030517578,77.93000030517578,29
2010-03-04,78.54000091552734,79.20999908447266,78.16000366210938,79.0,26
2010-03-05,79.88999938964844,80.5,79.36000061035156,79.62000274658203,80
2010-03-08,80.47000122070312,80.79000091552734,79.4800033569336,80.45999908447266,18
2010-03-09,79.91000366210938,80.37000274658203,78.79000091552734,79.38999938964844,18
2010-03-10,80.4800033569336,81.43000030517578,79.2300033569336,79.94999694824219,43
2010-03-11,80.27999877929688,80.48999786376953,79.66999816894531,79.76000213623047,11
2010-03-12,79.38999938964844,81.23999786376953,78.79000091552734,81.23999786376953,3
2010-03-15,77.88999938964844,77.88999938964844,77.88999938964844,77.88999938964844,6
2010-03-16,79.0199966430664,79.0199966430664,79.0199966430664,79.0199966430664,16
2010-03-17,81.95999908447266,82.05000305175781,80.83000183105469,81.4000015258789,31
2010-03-18,81.4800033569336,81.79000091552734,80.93000030517578,81.38999938964844,31
2010-03-19,79.87999725341797,81.36000061035156,79.2300033569336,80.83999633789062,96
2010-03-22,80.54000091552734,80.62000274658203,78.01000213623047,78.81999969482422,70
2010-03-23,80.69999694824219,81.1500015258789,79.86000061035156,79.94000244140625,201
2010-03-24,79.62000274658203,79.87999725341797,78.98999786376953,79.37999725341797,29
2010-03-25,79.61000061035156,80.44000244140625,79.47000122070312,80.11000061035156,24
2010-03-26,79.29000091552734,80.6500015258789,78.80999755859375,80.29000091552734,28
2010-03-29,81.16999816894531,81.88999938964844,79.87000274658203,80.11000061035156,21
2010-03-30,81.27999877929688,81.5199966430664,80.73999786376953,81.27999877929688,2
2010-03-31,82.69999694824219,82.77999877929688,81.29000091552734,82.37999725341797,20
2010-04-01,84.01000213623047,84.30000305175781,83.25,83.62000274658203,14
2010-04-05,85.87999725341797,86.08999633789062,84.37000274658203,85.11000061035156,22
2010-04-06,86.1500015258789,86.37999725341797,85.6500015258789,86.05999755859375,37
2010-04-07,85.58999633789062,86.44999694824219,85.30000305175781,85.6500015258789,58
2010-04-08,84.80999755859375,85.2699966430664,84.2300033569336,84.55000305175781,37
2010-04-09,84.83000183105469,85.66999816894531,83.98999786376953,85.58000183105469,54
2010-04-12,84.7699966430664,85.5199966430664,84.58000183105469,84.79000091552734,88
2010-04-13,84.72000122070312,84.80999755859375,84.25,84.27999877929688,12
2010-04-14,86.1500015258789,85.19999694824219,84.86000061035156,85.18000030517578,15
2010-04-15,87.16999816894531,87.12999725341797,87.16999816894531,87.16999816894531,14
2010-04-16,85.98999786376953,87.33999633789062,85.1500015258789,87.2699966430664,63
2010-04-19,84.2300033569336,84.31999969482422,83.58000183105469,83.68000030517578,34
2010-04-20,84.80000305175781,85.4800033569336,84.5199966430664,85.0999984741211,54
2010-04-21,85.69999694824219,86.16000366210938,84.70999908447266,85.19999694824219,87
2010-04-22,85.66999816894531,85.83000183105469,84.16000366210938,84.83999633789062,56
2010-04-23,87.25,87.31999969482422,85.4000015258789,85.83000183105469,55
2010-04-26,86.83000183105469,87.51000213623047,86.51000213623047,87.51000213623047,35
2010-04-27,85.77999877929688,86.69999694824219,85.4800033569336,86.20999908447266,18
2010-04-28,86.16000366210938,86.27999877929688,85.08999633789062,85.5,37
2010-04-29,86.9000015258789,87.55000305175781,86.91999816894531,87.25,22
2010-04-30,87.44000244140625,87.6500015258789,86.76000213623047,87.1500015258789,25
2010-05-03,88.94000244140625,89.45999908447266,88.30999755859375,88.45999908447266,89
2010-05-05,82.61000061035156,84.95999908447266,82.16000366210938,84.95999908447266,95
2010-05-06,79.83000183105469,82.36000061035156,79.41000366210938,82.36000061035156,49
2010-05-07,78.2699966430664,80.62999725341797,77.58999633789062,80.5,94
2010-05-10,80.12000274658203,81.48999786376953,79.58999633789062,81.33000183105469,60
2010-05-11,80.48999786376953,80.81999969482422,79.97000122070312,79.9800033569336,56
2010-05-12,81.19999694824219,81.69000244140625,80.5199966430664,81.3499984741211,57
2010-05-13,80.11000061035156,80.11000061035156,79.91000366210938,80.11000061035156,1
2010-05-14,77.18000030517578,77.18000030517578,77.18000030517578,77.18000030517578,230
2010-05-17,75.0999984741211,77.62999725341797,75.06999969482422,77.62999725341797,20
2010-05-18,74.43000030517578,76.48999786376953,74.05000305175781,76.48999786376953,32
2010-05-19,73.69000244140625,74.33000183105469,72.93000030517578,73.75,55
2010-05-20,71.83999633789062,72.45999908447266,70.37000274658203,72.2699966430664,45
2010-05-21,71.68000030517578,72.77999877929688,70.62999725341797,71.36000061035156,445
2010-05-24,71.16999816894531,71.94999694824219,71.05999755859375,71.73999786376953,117
2010-05-25,69.55000305175781,69.91999816894531,68.2300033569336,68.62000274658203,63
2010-05-26,71.73999786376953,72.06999969482422,70.77999877929688,71.12999725341797,75
2010-05-27,74.66000366210938,74.80000305175781,72.93000030517578,73.1500015258789,48
2010-05-28,74.0199966430664,75.58000183105469,73.33999633789062,74.77999877929688,26
2010-06-01,72.70999908447266,75.05999755859375,72.36000061035156,73.93000030517578,89
2010-06-02,73.75,74.4000015258789,72.31999969482422,72.66999816894531,77
2010-06-03,75.41000366210938,75.47000122070312,73.9800033569336,74.55999755859375,117
2010-06-04,72.08999633789062,76.48999786376953,71.51000213623047,75.4000015258789,300
2010-06-07,72.08999633789062,72.80000305175781,71.61000061035156,72.30000305175781,46
2010-06-08,72.08999633789062,72.5999984741211,71.4000015258789,71.94000244140625,61
2010-06-09,72.08999633789062,74.6500015258789,72.83000183105469,72.86000061035156,126
2010-06-10,75.29000091552734,75.86000061035156,74.5199966430664,74.54000091552734,459
2010-06-11,74.3499984741211,75.54000091552734,73.58999633789062,75.3499984741211,154
2010-06-14,75.19999694824219,76.0999984741211,75.83000183105469,75.8499984741211,88
2010-06-15,76.19999694824219,76.19999694824219,76.19999694824219,76.19999694824219,244
2010-06-16,78.13999938964844,78.54000091552734,76.7300033569336,76.95999908447266,239
2010-06-17,78.68000030517578,79.05999755859375,78.19999694824219,78.51000213623047,316
2010-06-18,78.22000122070312,78.63999938964844,77.3499984741211,77.44000244140625,71
2010-06-21,78.81999969482422,79.77999877929688,77.75,79.38999938964844,256
2010-06-22,78.04000091552734,79.05999755859375,77.81999969482422,77.83999633789062,166
2010-06-23,76.2699966430664,77.91999816894531,75.69999694824219,77.91999816894531,351
2010-06-24,76.47000122070312,76.54000091552734,75.45999908447266,75.94999694824219,66
2010-06-25,78.12000274658203,78.47000122070312,76.36000061035156,76.45999908447266,195
2010-06-28,77.58999633789062,77.72000122070312,77.16999816894531,77.61000061035156,96
2010-06-29,75.44000244140625,76.16000366210938,74.86000061035156,76.16000366210938,161
2010-06-30,75.01000213623047,75.94999694824219,74.05999755859375,75.58999633789062,242
2010-07-01,72.33999633789062,74.26000213623047,71.58000183105469,74.12000274658203,300
2010-07-02,71.6500015258789,72.70999908447266,71.4800033569336,72.48999786376953,156
2010-07-06,71.44999694824219,73.23999786376953,71.01000213623047,72.44999694824219,232
2010-07-07,73.51000213623047,73.73999786376953,72.26000213623047,72.26000213623047,116
2010-07-08,74.70999908447266,75.16999816894531,73.97000122070312,74.2699966430664,231
2010-07-09,75.41999816894531,75.83999633789062,74.44000244140625,74.52999877929688,206
2010-07-12,74.37000274658203,75.58000183105469,73.93000030517578,74.98999786376953,192
2010-07-13,76.6500015258789,76.91999816894531,74.8499984741211,74.94000244140625,143
2010-07-14,76.7699966430664,76.98999786376953,76.19999694824219,76.66000366210938,561
2010-07-16,75.37000274658203,76.19000244140625,74.66999816894531,76.06999969482422,92
2010-07-19,75.62000274658203,77.18000030517578,74.79000091552734,75.18000030517578,259
2010-07-20,76.22000122070312,76.4800033569336,74.7699966430664,75.08999633789062,408
2010-07-21,75.37000274658203,77.20999908447266,75.08000183105469,76.93000030517578,576
2010-07-22,77.81999969482422,77.91000366210938,75.5199966430664,75.62000274658203,521
2010-07-23,77.44999694824219,77.83999633789062,76.94999694824219,77.47000122070312,120
2010-07-26,77.5,77.6500015258789,76.62999725341797,76.87999725341797,116
2010-07-27,76.12999725341797,78.08999633789062,75.54000091552734,77.66000366210938,304
2010-07-28,76.05999755859375,76.26000213623047,74.8499984741211,76.05999755859375,269
2010-07-29,77.58999633789062,78.12999725341797,75.66000366210938,76.30000305175781,497
2010-07-30,78.18000030517578,78.30000305175781,76.2300033569336,76.7699966430664,161
2010-08-02,80.81999969482422,81.08999633789062,79.1500015258789,79.25,146
2010-08-03,82.68000030517578,82.77999877929688,81.04000091552734,81.04000091552734,270
2010-08-04,82.19999694824219,82.79000091552734,81.62999725341797,82.31999969482422,219
2010-08-05,81.61000061035156,81.75,81.0999984741211,81.75,54
2010-08-06,80.16000366210938,81.5199966430664,79.56999969482422,81.16999816894531,264
2010-08-09,80.98999786376953,81.2699966430664,80.4000015258789,81.01000213623047,156
2010-08-10,79.5999984741211,79.95999908447266,78.51000213623047,79.38999938964844,266
2010-08-11,77.63999938964844,79.02999877929688,77.43000030517578,79.02999877929688,188
2010-08-12,75.5199966430664,76.77999877929688,75.33000183105469,76.48999786376953,283
2010-08-13,75.11000061035156,75.75,74.75,75.5199966430664,116
2010-08-16,74.8499984741211,74.8499984741211,74.8499984741211,74.8499984741211,119
2010-08-17,76.93000030517578,77.69000244140625,76.4800033569336,76.7699966430664,302
2010-08-18,76.47000122070312,76.66999816894531,75.33000183105469,75.95999908447266,247
2010-08-19,75.30000305175781,76.73999786376953,75.0199966430664,76.73999786376953,260
2010-08-20,74.26000213623047,74.77999877929688,74.01000213623047,74.51000213623047,160
2010-08-23,73.62000274658203,74.8499984741211,73.2699966430664,74.83000183105469,421
2010-08-24,72.37999725341797,73.13999938964844,72.12999725341797,72.80000305175781,284
2010-08-25,73.4800033569336,73.79000091552734,71.75,72.55000305175781,328
2010-08-26,75.0199966430664,75.55000305175781,74.36000061035156,74.80999755859375,255
2010-08-27,76.6500015258789,76.97000122070312,74.41000366210938,75.38999938964844,329
2010-08-30,76.5999984741211,76.66999816894531,76.04000091552734,76.27999877929688,148
2010-08-31,74.63999938964844,76.70999908447266,74.43000030517578,75.83000183105469,762
2010-09-01,76.3499984741211,76.73999786376953,75.37000274658203,75.37000274658203,297
2010-09-02,76.93000030517578,77.0199966430664,75.26000213623047,75.66000366210938,161
2010-09-03,76.66999816894531,77.43000030517578,75.33999633789062,76.5199966430664,193
2010-09-07,77.73999786376953,78.31999969482422,75.56999969482422,75.80999755859375,242
2010-09-08,78.16999816894531,78.75,77.2300033569336,77.48999786376953,210
2010-09-09,77.47000122070312,78.79000091552734,77.12000274658203,78.01000213623047,250
2010-09-10,78.16000366210938,78.37999725341797,77.16999816894531,77.66000366210938,643
2010-09-13,79.02999877929688,79.37000274658203,77.91999816894531,78.3499984741211,1451
2010-09-14,79.16000366210938,79.9000015258789,78.61000061035156,78.61000061035156,1067
2010-09-15,78.91000366210938,78.66000366210938,78.56999969482422,78.66000366210938,551
2010-09-16,78.4800033569336,79.61000061035156,77.93000030517578,79.44999694824219,502
2010-09-17,78.20999908447266,79.1500015258789,77.2699966430664,79.1500015258789,425
2010-09-20,79.31999969482422,79.9000015258789,77.68000030517578,77.72000122070312,218
2010-09-21,78.41999816894531,79.94000244140625,78.12999725341797,79.56999969482422,364
2010-09-22,77.94999694824219,78.7699966430664,77.48999786376953,78.38999938964844,298
2010-09-23,78.11000061035156,78.44000244140625,76.69000244140625,76.94999694824219,516
2010-09-24,78.87000274658203,79.38999938964844,78.05999755859375,78.37000274658203,396
2010-09-27,78.56999969482422,79.06999969482422,77.68000030517578,78.79000091552734,393
2010-09-28,78.70999908447266,79.52999877929688,77.79000091552734,78.1500015258789,402
2010-09-29,80.7699966430664,80.91999816894531,78.33999633789062,78.80999755859375,586
2010-09-30,82.30999755859375,82.37000274658203,81.22000122070312,81.55999755859375,426
2010-10-01,83.75,83.7699966430664,82.5,82.5,413
2010-10-04,83.27999877929688,84.4000015258789,83.06999969482422,83.3499984741211,228
2010-10-05,84.83999633789062,84.9000015258789,83.4000015258789,83.4000015258789,791
2010-10-06,85.05999755859375,85.81999969482422,84.36000061035156,84.47000122070312,298
2010-10-07,83.43000030517578,86.01000213623047,82.94000244140625,85.52999877929688,325
2010-10-08,84.02999877929688,84.55000305175781,81.9000015258789,82.43000030517578,353
2010-10-11,83.72000122070312,84.02999877929688,83.3499984741211,83.87999725341797,122
2010-10-12,83.5,83.95999908447266,82.98999786376953,83.29000091552734,184
2010-10-13,84.63999938964844,84.94000244140625,84.13999938964844,84.22000122070312,174
2010-10-14,84.52999877929688,84.52999877929688,84.52999877929688,84.52999877929688,136
2010-10-15,82.44999694824219,84.51000213623047,82.0199966430664,83.86000061035156,1214
2010-10-18,84.37000274658203,84.37999725341797,81.97000122070312,81.97000122070312,165
2010-10-19,81.0999984741211,83.44000244140625,81.05000305175781,83.0999984741211,515
2010-10-20,83.5999984741211,83.58000183105469,81.6500015258789,82.11000061035156,258
2010-10-21,81.83000183105469,83.80999755859375,81.58999633789062,83.02999877929688,313
2010-10-22,82.95999908447266,83.11000061035156,81.97000122070312,81.97000122070312,199
2010-10-25,83.54000091552734,84.16000366210938,82.80000305175781,83.81999969482422,266
2010-10-26,83.66000366210938,83.80999755859375,83.06999969482422,83.12999725341797,815
2010-10-27,83.2300033569336,83.37000274658203,81.86000061035156,82.98999786376953,371
2010-10-28,83.58999633789062,83.86000061035156,83.08000183105469,83.37000274658203,163
2010-10-29,83.1500015258789,83.5,82.2300033569336,83.06999969482422,411
2010-11-01,84.62000274658203,85.33000183105469,84.0,84.0,496
2010-11-02,85.41000366210938,85.73999786376953,84.66999816894531,85.0999984741211,337
2010-11-03,86.37999725341797,86.87999725341797,85.26000213623047,86.20999908447266,1276
2010-11-04,88.0,88.22000122070312,87.33000183105469,87.5,421
2010-11-05,88.11000061035156,88.47000122070312,87.36000061035156,87.8499984741211,421
2010-11-08,88.45999908447266,88.55000305175781,87.36000061035156,87.7300033569336,3096
2010-11-09,88.33000183105469,88.97000122070312,87.19000244140625,88.4000015258789,326
2010-11-10,88.95999908447266,89.30000305175781,87.9800033569336,88.2300033569336,738
2010-11-11,88.80999755859375,89.41000366210938,88.61000061035156,89.37000274658203,384
2010-11-12,86.33999633789062,87.87000274658203,85.81999969482422,87.87000274658203,240
2010-11-15,86.69999694824219,86.69999694824219,86.69999694824219,86.69999694824219,145
2010-11-16,84.7300033569336,86.51000213623047,84.52999877929688,86.5,631
2010-11-17,83.27999877929688,85.05000305175781,82.97000122070312,84.41999816894531,1014
2010-11-18,85.05000305175781,85.4000015258789,84.43000030517578,84.80000305175781,428
2010-11-19,84.33999633789062,85.5199966430664,83.88999938964844,84.6500015258789,1103
2010-11-22,83.95999908447266,85.13999938964844,83.12000274658203,84.81999969482422,402
2010-11-23,83.25,83.9000015258789,82.45999908447266,83.30000305175781,321
2010-11-24,85.83999633789062,86.05999755859375,83.44999694824219,83.5999984741211,321
2010-11-26,85.58000183105469,86.08999633789062,84.9000015258789,86.08999633789062,29
2010-11-29,87.33999633789062,87.48999786376953,85.58000183105469,86.12999725341797,251
2010-11-30,85.91999816894531,87.30000305175781,85.7699966430664,87.08999633789062,244
2010-12-01,88.87000274658203,88.98999786376953,87.19000244140625,87.2300033569336,393
2010-12-02,90.69000244140625,90.81999969482422,88.88999938964844,89.06999969482422,657
2010-12-03,91.41999816894531,91.83999633789062,90.12000274658203,90.66999816894531,550
2010-12-06,91.44999694824219,91.80000305175781,90.88999938964844,90.9800033569336,359
2010-12-07,91.38999938964844,92.8499984741211,90.73999786376953,92.45999908447266,294
2010-12-08,90.7699966430664,91.73999786376953,90.16000366210938,90.69999694824219,485
2010-12-09,90.98999786376953,91.58000183105469,90.30000305175781,91.0999984741211,433
2010-12-10,90.4800033569336,91.55000305175781,89.88999938964844,91.29000091552734,372
2010-12-13,91.19000244140625,92.27999877929688,90.58999633789062,90.69999694824219,419
2010-12-14,91.20999908447266,91.72000122070312,90.69000244140625,91.45999908447266,398
2010-12-15,92.19999694824219,92.0999984741211,91.0,91.23999786376953,776
2010-12-16,91.70999908447266,92.29000091552734,91.81999969482422,91.81999969482422,213
2010-12-17,91.66999816894531,92.37000274658203,90.9800033569336,91.4000015258789,417
2010-12-20,92.73999786376953,92.88999938964844,91.05000305175781,91.70999908447266,420
2010-12-21,93.19999694824219,93.4000015258789,92.36000061035156,92.77999877929688,349
2010-12-22,93.6500015258789,93.91999816894531,93.27999877929688,93.45999908447266,508
2010-12-23,94.25,94.54000091552734,93.5,93.61000061035156,550
2010-12-27,93.8499984741211,94.47000122070312,93.12000274658203,94.47000122070312,196
2010-12-28,94.37999725341797,94.4000015258789,93.76000213623047,94.04000091552734,155
2010-12-29,94.13999938964844,94.36000061035156,93.66000366210938,93.86000061035156,269
2010-12-30,93.08999633789062,93.94999694824219,92.3499984741211,93.94999694824219,511
2010-12-31,94.75,95.12000274658203,92.20999908447266,92.41000366210938,266
2011-01-03,94.83999633789062,96.16000366210938,94.91000366210938,95.44999694824219,266
2011-01-04,93.52999877929688,95.3499984741211,92.5999984741211,95.22000122070312,586
2011-01-05,95.5,95.69999694824219,92.41999816894531,93.43000030517578,1265
2011-01-06,94.5199966430664,96.0199966430664,94.02999877929688,95.66000366210938,1439
2011-01-07,93.33000183105469,94.56999969482422,92.69000244140625,94.56999969482422,772
2011-01-10,95.69999694824219,95.80999755859375,94.05000305175781,94.12999725341797,851
2011-01-11,97.61000061035156,97.80000305175781,96.20999908447266,96.33999633789062,1355
2011-01-12,98.12000274658203,98.83000183105469,97.80999755859375,97.80999755859375,503
2011-01-13,98.05999755859375,98.62999725341797,97.81999969482422,98.23999786376953,391
2011-01-18,97.80000305175781,98.19000244140625,96.6500015258789,98.0999984741211,445
2011-01-19,98.16000366210938,98.55000305175781,97.62999725341797,98.26000213623047,369
2011-01-20,96.58000183105469,97.79000091552734,95.5999984741211,97.79000091552734,804
2011-01-21,97.5999984741211,97.81999969482422,96.58999633789062,96.58999633789062,675
2011-01-24,96.61000061035156,98.0199966430664,96.33000183105469,97.9000015258789,683
2011-01-25,95.25,95.91999816894531,94.86000061035156,95.91999816894531,668
2011-01-26,97.91000366210938,97.9800033569336,96.05999755859375,96.05999755859375,1073
2011-01-27,97.38999938964844,98.94999694824219,97.11000061035156,97.6500015258789,1752
2011-01-28,99.41999816894531,99.55000305175781,97.05999755859375,98.0,2302
2011-01-31,101.01000213623047,101.66999816894531,98.55999755859375,99.41999816894531,1505
2011-02-01,101.73999786376953,102.04000091552734,100.41999816894531,100.48999786376953,1352
2011-02-02,102.33999633789062,102.44999694824219,101.33000183105469,101.9800033569336,1008
2011-02-03,101.76000213623047,103.45999908447266,101.44999694824219,103.45999908447266,722
2011-02-04,99.83000183105469,102.12000274658203,99.47000122070312,101.55999755859375,1085
2011-02-07,99.25,100.81999969482422,98.94000244140625,100.52999877929688,1008
2011-02-08,99.91999816894531,100.3499984741211,97.55999755859375,98.97000122070312,2279
2011-02-09,101.81999969482422,102.0999984741211,100.30000305175781,100.30000305175781,5013
2011-02-10,100.87000274658203,102.81999969482422,100.5999984741211,101.97000122070312,1049
2011-02-11,101.43000030517578,102.0,100.7699966430664,101.41999816894531,754
2011-02-14,103.08000183105469,104.27999877929688,101.08000183105469,101.69999694824219,955
2011-02-15,101.63999938964844,103.69999694824219,101.31999969482422,103.44000244140625,1325
2011-02-16,103.77999877929688,104.4800033569336,101.62999725341797,101.62999725341797,940
2011-02-17,102.58999633789062,104.26000213623047,102.4800033569336,104.25,1104
2011-02-18,102.5199966430664,103.4800033569336,100.94999694824219,102.80000305175781,1687
2011-02-22,105.77999877929688,108.58000183105469,103.98999786376953,104.41999816894531,1617
2011-02-23,111.25,112.0,107.0,107.0,2032
2011-02-24,111.36000061035156,118.02999877929688,109.87000274658203,112.19999694824219,2335
2011-02-25,112.13999938964844,113.69999694824219,111.11000061035156,111.94000244140625,746
2011-02-28,111.80000305175781,114.44000244140625,111.55000305175781,114.19999694824219,840
2011-03-01,115.41999816894531,116.69999694824219,111.94000244140625,112.37000274658203,1160
2011-03-02,116.3499984741211,117.80999755859375,115.16000366210938,116.0999984741211,2052
2011-03-03,114.79000091552734,116.5,113.7300033569336,116.5,1958
2011-03-04,115.97000122070312,116.4800033569336,115.23999786376953,116.12000274658203,1072
2011-03-07,115.04000091552734,117.9000015258789,114.69000244140625,116.30000305175781,1859
2011-03-08,113.05999755859375,114.8499984741211,112.25,113.8499984741211,1653
2011-03-09,115.94000244140625,116.12000274658203,112.98999786376953,112.98999786376953,2496
2011-03-10,115.43000030517578,116.5,113.54000091552734,116.5,2094
2011-03-11,113.83999633789062,115.62000274658203,112.41000366210938,115.30999755859375,1526
2011-03-14,113.66999816894531,113.9800033569336,111.41999816894531,111.41999816894531,1746
2011-03-15,108.5199966430664,113.54000091552734,108.08000183105469,113.41000366210938,1085
2011-03-16,110.62000274658203,111.0999984741211,110.25,110.37000274658203,1596
2011-03-17,114.9000015258789,115.33999633789062,110.83000183105469,110.83000183105469,858
2011-03-18,113.93000030517578,116.33000183105469,113.08999633789062,116.0,1686
2011-03-21,114.95999908447266,116.0,114.69999694824219,114.9800033569336,705
2011-03-22,115.69999694824219,115.98999786376953,114.23999786376953,114.56999969482422,650
2011-03-23,115.55000305175781,116.33000183105469,115.18000030517578,115.69999694824219,818
2011-03-24,115.72000122070312,115.8499984741211,114.54000091552734,115.5999984741211,1117
2011-03-25,115.58999633789062,116.08000183105469,115.2699966430664,115.80000305175781,872
2011-03-28,114.80000305175781,115.81999969482422,114.54000091552734,114.93000030517578,528
2011-03-30,115.12999725341797,115.29000091552734,114.94000244140625,115.29000091552734,586
2011-03-31,117.36000061035156,117.43000030517578,116.18000030517578,116.18000030517578,853
2011-04-01,118.69999694824219,118.8499984741211,116.83999633789062,117.79000091552734,896
2011-04-04,121.05999755859375,121.30000305175781,119.05000305175781,119.05000305175781,961
2011-04-05,122.22000122070312,122.81999969482422,120.19999694824219,120.47000122070312,1512
2011-04-06,122.30000305175781,123.37000274658203,121.55000305175781,122.0999984741211,929
2011-04-07,122.66999816894531,122.9000015258789,121.4000015258789,122.37000274658203,1326
2011-04-08,126.6500015258789,126.87000274658203,122.9000015258789,122.9000015258789,1320
2011-04-11,123.9800033569336,127.30000305175781,123.69999694824219,126.80000305175781,1380
2011-04-12,120.91999816894531,125.0999984741211,120.58999633789062,125.0999984741211,1362
2011-04-13,122.87999725341797,122.36000061035156,121.5,121.55999755859375,1128
2011-04-14,122.36000061035156,122.9000015258789,122.5999984741211,122.5999984741211,934
2011-04-15,123.44999694824219,123.70999908447266,121.73999786376953,122.37000274658203,452
2011-04-18,121.61000061035156,122.69999694824219,121.06999969482422,122.69999694824219,825
2011-04-19,121.33000183105469,122.22000122070312,119.2699966430664,121.23999786376953,1099
2011-04-21,123.98999786376953,124.4000015258789,123.19999694824219,124.33000183105469,966
2011-04-25,123.66000366210938,124.70999908447266,122.87000274658203,124.63999938964844,326
2011-04-26,124.13999938964844,124.30999755859375,123.56999969482422,124.01000213623047,1089
2011-04-27,125.12999725341797,125.4800033569336,123.69000244140625,123.97000122070312,912
2011-04-28,125.0199966430664,126.19000244140625,124.25,125.73999786376953,796
2011-04-29,125.88999938964844,126.02999877929688,125.0,125.0,582
2011-05-02,125.12000274658203,126.11000061035156,123.76000213623047,125.5,667
2011-05-03,122.44999694824219,124.12999725341797,121.80999755859375,123.80000305175781,1289
2011-05-04,121.19000244140625,123.01000213623047,120.56999969482422,123.01000213623047,829
2011-05-05,110.80000305175781,118.22000122070312,110.37999725341797,118.22000122070312,1969
2011-05-06,109.12999725341797,114.0999984741211,108.3499984741211,111.69000244140625,2944
2011-05-09,115.9000015258789,115.94999694824219,110.61000061035156,110.61000061035156,1184
2011-05-10,117.62999725341797,117.80000305175781,114.61000061035156,114.61000061035156,1082
2011-05-11,112.56999969482422,116.94000244140625,112.68000030517578,116.94000244140625,2908
2011-05-12,112.9800033569336,113.2699966430664,110.87999725341797,110.87999725341797,2746
2011-05-13,113.83000183105469,114.05000305175781,111.9000015258789,112.05000305175781,628
2011-05-16,112.7300033569336,113.73999786376953,113.19999694824219,113.33000183105469,462
2011-05-17,109.98999786376953,111.33999633789062,108.63999938964844,111.23999786376953,462
2011-05-18,112.30000305175781,113.04000091552734,111.05999755859375,111.7300033569336,287
2011-05-19,111.41999816894531,112.88999938964844,111.73999786376953,112.11000061035156,246
2011-05-20,112.38999938964844,112.66000366210938,109.3499984741211,111.5999984741211,416
2011-05-23,110.0999984741211,110.37999725341797,109.33000183105469,109.5,423
2011-05-24,112.52999877929688,112.68000030517578,110.48999786376953,110.72000122070312,398
2011-05-25,114.93000030517578,115.0199966430664,111.23999786376953,112.45999908447266,768
2011-05-26,115.05000305175781,115.36000061035156,114.26000213623047,114.5,579
2011-05-27,115.02999877929688,115.54000091552734,114.48999786376953,115.54000091552734,498
2011-05-31,116.7300033569336,116.86000061035156,114.62999725341797,114.62999725341797,696
2011-06-01,114.52999877929688,116.16000366210938,114.5,115.97000122070312,537
2011-06-02,115.54000091552734,115.66999816894531,113.80000305175781,114.3499984741211,879
2011-06-03,115.83999633789062,116.16000366210938,113.58999633789062,114.94000244140625,902
2011-06-06,114.4800033569336,115.55000305175781,114.1500015258789,114.9000015258789,443
2011-06-07,116.77999877929688,117.05999755859375,114.87999725341797,115.48999786376953,1104
2011-06-08,117.8499984741211,118.56999969482422,116.1500015258789,116.19999694824219,1192
2011-06-09,119.56999969482422,119.5999984741211,117.62999725341797,118.4000015258789,609
2011-06-10,118.77999877929688,119.38999938964844,117.66000366210938,119.19000244140625,910
2011-06-13,119.0999984741211,120.05999755859375,117.30000305175781,118.52999877929688,1241
2011-06-14,120.16000366210938,120.70999908447266,119.88999938964844,119.95999908447266,885
2011-06-15,117.0999984741211,118.44999694824219,117.87999725341797,118.44999694824219,972
2011-06-16,114.0199966430664,114.44000244140625,113.12000274658203,113.7300033569336,665
2011-06-17,113.20999908447266,113.79000091552734,111.87999725341797,112.91000366210938,859
2011-06-20,111.69000244140625,112.54000091552734,111.5,112.06999969482422,667
2011-06-21,110.94999694824219,112.5,110.0,112.38999938964844,1160
2011-06-22,114.20999908447266,114.31999969482422,110.9800033569336,110.9800033569336,1653
2011-06-23,107.26000213623047,113.20999908447266,105.80000305175781,113.20999908447266,1434
2011-06-24,105.12000274658203,108.44999694824219,103.72000122070312,108.44999694824219,850
2011-06-27,105.98999786376953,106.75,102.4000015258789,104.91999816894531,672
2011-06-28,108.77999877929688,108.81999969482422,106.80000305175781,107.26000213623047,537
2011-06-29,112.4000015258789,112.58000183105469,108.9800033569336,108.9800033569336,756
2011-06-30,112.4800033569336,112.91999816894531,111.41999816894531,112.0199966430664,598
2011-07-01,111.7699966430664,111.8499984741211,109.94000244140625,110.58000183105469,651
2011-07-06,113.62000274658203,114.08000183105469,112.58000183105469,113.6500015258789,521
2011-07-07,118.58999633789062,118.25,114.19999694824219,114.19999694824219,986
2011-07-08,118.33000183105469,119.79000091552734,117.18000030517578,118.0199966430664,966
2011-07-11,117.23999786376953,118.12000274658203,115.37000274658203,116.62000274658203,1016
2011-07-12,117.75,117.80999755859375,115.30000305175781,115.44000244140625,682
2011-07-14,118.31999969482422,118.75,118.19999694824219,118.33000183105469,610
2011-07-15,117.26000213623047,117.6500015258789,115.25,115.80000305175781,497
2011-07-18,116.05000305175781,116.9000015258789,114.79000091552734,116.5,484
2011-07-20,118.1500015258789,118.52999877929688,117.20999908447266,118.3499984741211,725
2011-07-21,117.51000213623047,119.04000091552734,116.94999694824219,118.3499984741211,540
2011-07-22,118.66999816894531,118.77999877929688,117.66999816894531,117.66999816894531,425
2011-07-25,117.94000244140625,118.16999816894531,117.12999725341797,117.98999786376953,419
2011-07-26,118.27999877929688,118.80000305175781,117.05000305175781,117.0999984741211,578
2011-07-27,117.43000030517578,118.27999877929688,117.31999969482422,118.27999877929688,915
2011-07-28,117.36000061035156,118.19000244140625,117.08999633789062,117.8499984741211,1446
2011-07-29,116.73999786376953,117.05999755859375,115.80000305175781,116.5,631
2011-08-01,116.80999755859375,119.94999694824219,114.94000244140625,118.08999633789062,1488
2011-08-02,116.45999908447266,118.22000122070312,115.91999816894531,116.25,835
2011-08-03,113.2300033569336,115.80999755859375,113.26000213623047,115.80999755859375,905
2011-08-04,107.25,113.5999984741211,107.06999969482422,113.38999938964844,1386
2011-08-05,109.37000274658203,109.9000015258789,105.69000244140625,107.06999969482422,1324
2011-08-08,103.73999786376953,106.91999816894531,103.47000122070312,106.8499984741211,1080
2011-08-09,102.56999969482422,105.16999816894531,99.05999755859375,101.63999938964844,1756
2011-08-10,106.68000030517578,106.58000183105469,103.66000366210938,104.37999725341797,1410
2011-08-11,108.0199966430664,108.02999877929688,104.66999816894531,106.44000244140625,1058
2011-08-12,108.02999877929688,108.9000015258789,107.66999816894531,108.87999725341797,891
2011-08-15,109.91000366210938,109.91999816894531,108.19999694824219,108.19999694824219,964
2011-08-17,110.5999984741211,111.62999725341797,110.58000183105469,110.7300033569336,572
2011-08-18,106.98999786376953,109.26000213623047,106.47000122070312,109.26000213623047,1462
2011-08-19,108.62000274658203,109.30000305175781,106.43000030517578,106.52999877929688,1062
2011-08-22,108.36000061035156,108.08999633789062,105.33000183105469,106.3499984741211,1287
2011-08-23,109.30999755859375,110.0999984741211,107.51000213623047,108.8499984741211,1025
2011-08-24,110.1500015258789,110.7699966430664,109.19999694824219,109.5,3287
2011-08-26,111.36000061035156,111.52999877929688,109.4000015258789,110.23999786376953,1719
2011-08-29,111.87999725341797,112.62999725341797,111.05999755859375,111.05999755859375,1153
2011-08-30,114.0199966430664,114.19999694824219,111.4000015258789,111.4000015258789,800
2011-08-31,114.8499984741211,115.05999755859375,113.73999786376953,114.01000213623047,896
2011-09-01,114.29000091552734,115.27999877929688,114.08000183105469,114.08000183105469,770
2011-09-02,112.33000183105469,113.58999633789062,111.41000366210938,112.05000305175781,1048
2011-09-06,112.88999938964844,112.98999786376953,110.8499984741211,110.93000030517578,871
2011-09-07,115.80000305175781,115.76000213623047,113.06999969482422,113.06999969482422,1062
2011-09-08,114.55000305175781,116.48999786376953,114.19999694824219,115.58000183105469,770
2011-09-09,112.7699966430664,113.88999938964844,111.08999633789062,113.88999938964844,684
2011-09-12,112.25,113.02999877929688,110.98999786376953,111.62999725341797,480
2011-09-13,111.88999938964844,112.4000015258789,111.37000274658203,112.4000015258789,299
2011-09-14,112.4000015258789,112.41999816894531,111.58000183105469,111.58000183105469,260
2011-09-15,115.33999633789062,115.33999633789062,115.33999633789062,115.33999633789062,1362
2011-09-16,112.22000122070312,114.18000030517578,111.61000061035156,112.77999877929688,741
2011-09-19,109.13999938964844,112.0,108.80000305175781,111.83999633789062,850
2011-09-20,110.54000091552734,111.41000366210938,108.93000030517578,109.18000030517578,762
2011-09-21,110.36000061035156,112.4000015258789,109.69999694824219,110.62000274658203,1922
2011-09-22,105.48999786376953,108.94999694824219,105.0,108.6500015258789,1204
2011-09-23,103.97000122070312,106.87999725341797,103.48999786376953,105.70999908447266,1050
2011-09-27,107.13999938964844,107.22000122070312,105.08999633789062,105.55000305175781,822
2011-09-28,103.80999755859375,107.1500015258789,103.63999938964844,106.72000122070312,985
2011-09-29,103.94999694824219,105.7699966430664,102.5,104.9000015258789,814
2011-09-30,102.76000213623047,104.7699966430664,101.83000183105469,102.33999633789062,831
2011-10-03,101.70999908447266,102.5999984741211,100.91000366210938,101.8499984741211,1000
2011-10-04,99.79000091552734,101.86000061035156,99.37999725341797,101.16000366210938,539
2011-10-06,105.7300033569336,105.63999938964844,101.75,103.30000305175781,706
2011-10-07,105.87999725341797,106.29000091552734,104.41000366210938,105.4000015258789,699
2011-10-10,108.94999694824219,109.19999694824219,105.77999877929688,106.08000183105469,376
2011-10-11,110.7300033569336,111.11000061035156,107.52999877929688,108.30000305175781,426
2011-10-12,111.36000061035156,112.6500015258789,110.87999725341797,111.86000061035156,337
2011-10-13,111.11000061035156,111.37000274658203,109.30999755859375,110.16999816894531,118
2011-10-14,114.68000030517578,114.73999786376953,113.18000030517578,113.80999755859375,1820
2011-10-17,110.16000366210938,112.31999969482422,109.73999786376953,112.0,849
2011-10-18,111.1500015258789,111.76000213623047,108.44999694824219,109.5199966430664,1582
2011-10-19,108.38999938964844,111.83999633789062,108.25,111.30000305175781,1933
2011-10-20,109.76000213623047,110.12999725341797,107.3499984741211,108.0,1872
2011-10-21,109.55999755859375,111.88999938964844,109.33000183105469,109.91000366210938,1024
2011-10-24,111.44999694824219,111.54000091552734,109.87000274658203,110.2699966430664,1467
2011-10-25,110.91999816894531,111.75,109.68000030517578,111.41000366210938,2164
2011-10-26,108.91000366210938,110.91999816894531,108.83000183105469,110.56999969482422,2194
2011-10-27,112.08000183105469,112.69999694824219,110.18000030517578,110.18000030517578,2726
2011-10-28,109.91000366210938,111.01000213623047,109.70999908447266,110.41999816894531,1035
2011-10-31,109.55999755859375,109.76000213623047,108.44000244140625,109.4000015258789,571
2011-11-01,109.54000091552734,109.55999755859375,109.01000213623047,109.25,1035
2011-11-02,109.33999633789062,111.41000366210938,108.58999633789062,109.83999633789062,1941
2011-11-03,110.83000183105469,111.18000030517578,108.97000122070312,110.08999633789062,1495
2011-11-04,111.97000122070312,111.97000122070312,110.55999755859375,111.37000274658203,841
2011-11-07,114.55999755859375,114.8499984741211,112.81999969482422,113.0,1751
2011-11-08,115.0,116.43000030517578,114.33999633789062,115.5999984741211,1647
2011-11-09,112.30999755859375,115.56999969482422,111.94999694824219,115.56999969482422,1730
2011-11-10,113.70999908447266,113.98999786376953,111.43000030517578,113.80000305175781,1778
2011-11-11,114.16000366210938,114.83999633789062,113.16999816894531,114.2300033569336,1285
2011-11-14,111.88999938964844,113.18000030517578,111.70999908447266,113.18000030517578,190
2011-11-15,112.38999938964844,112.38999938964844,112.38999938964844,112.38999938964844,593
2011-11-16,111.87999725341797,112.36000061035156,110.43000030517578,112.06999969482422,1628
2011-11-17,108.22000122070312,110.19000244140625,107.94999694824219,108.80000305175781,1291
2011-11-18,107.55999755859375,109.47000122070312,107.0,109.47000122070312,694
2011-11-22,109.02999877929688,109.5,107.51000213623047,107.51000213623047,1135
2011-11-23,107.0199966430664,108.0999984741211,106.86000061035156,107.83000183105469,669
2011-11-25,106.4000015258789,107.75,107.56999969482422,107.56999969482422,448
2011-11-28,109.0,109.45999908447266,107.63999938964844,108.86000061035156,638
2011-11-29,110.81999969482422,111.01000213623047,109.52999877929688,109.7300033569336,744
2011-12-01,108.98999786376953,110.55000305175781,108.29000091552734,109.68000030517578,701
2011-12-02,109.94000244140625,110.30999755859375,108.70999908447266,110.30999755859375,628
2011-12-05,109.80999755859375,111.45999908447266,109.37999725341797,111.22000122070312,597
2011-12-06,110.80999755859375,110.87999725341797,109.54000091552734,109.61000061035156,712
2011-12-07,109.52999877929688,110.47000122070312,109.08999633789062,110.36000061035156,824
2011-12-08,108.11000061035156,110.23999786376953,107.5199966430664,110.23999786376953,1405
2011-12-09,108.62000274658203,108.69999694824219,107.31999969482422,108.19999694824219,1494
2011-12-12,107.26000213623047,108.31999969482422,107.25,107.5999984741211,372
2011-12-13,109.5,109.68000030517578,108.1500015258789,108.25,921
2011-12-14,105.0199966430664,107.93000030517578,104.77999877929688,107.93000030517578,160
2011-12-15,105.08999633789062,106.0,105.08999633789062,106.0,399
2011-12-16,103.3499984741211,104.23999786376953,102.83000183105469,104.23999786376953,289
2011-12-19,103.63999938964844,104.27999877929688,103.2300033569336,104.19999694824219,265
2011-12-20,106.7300033569336,107.25,105.41999816894531,105.5,542
2011-12-21,107.70999908447266,107.86000061035156,106.47000122070312,106.47000122070312,432
2011-12-22,107.88999938964844,108.2300033569336,107.77999877929688,108.04000091552734,235
2011-12-23,107.95999908447266,108.16999816894531,107.4800033569336,107.4800033569336,189
2011-12-27,109.2699966430664,109.4800033569336,108.33000183105469,108.33000183105469,137
2011-12-28,107.55999755859375,108.69000244140625,107.25,108.69000244140625,357
2011-12-29,108.01000213623047,108.01000213623047,106.91000366210938,107.5999984741211,334
2011-12-30,107.37999725341797,107.37999725341797,107.2699966430664,107.2699966430664,396
2012-01-03,112.12999725341797,112.29000091552734,109.94999694824219,109.94999694824219,1064
2012-01-04,113.69999694824219,113.81999969482422,111.69999694824219,111.69999694824219,1426
2012-01-05,112.73999786376953,114.05000305175781,112.56999969482422,113.94999694824219,687
2012-01-06,113.05999755859375,113.30000305175781,112.19000244140625,112.91000366210938,709
2012-01-09,112.44999694824219,113.58999633789062,112.20999908447266,113.43000030517578,595
2012-01-10,113.27999877929688,113.43000030517578,113.16999816894531,113.26000213623047,715
2012-01-11,112.23999786376953,113.1500015258789,112.16000366210938,113.1500015258789,783
2012-01-12,111.26000213623047,114.5199966430664,110.66000366210938,113.38999938964844,513
2012-01-13,110.44000244140625,111.0,109.79000091552734,110.5999984741211,801
2012-01-17,111.52999877929688,112.4800033569336,110.97000122070312,112.4800033569336,858
2012-01-18,110.66000366210938,111.3499984741211,110.5,111.3499984741211,911
2012-01-19,111.55000305175781,111.5999984741211,110.54000091552734,111.44999694824219,793
2012-01-20,109.86000061035156,111.4800033569336,109.6500015258789,111.4800033569336,367
2012-01-23,110.58000183105469,111.26000213623047,110.4000015258789,110.87000274658203,363
2012-01-24,110.02999877929688,110.33999633789062,109.83999633789062,110.33999633789062,524
2012-01-25,109.80999755859375,110.83000183105469,109.04000091552734,109.6500015258789,580
2012-01-26,110.79000091552734,111.83000183105469,110.58000183105469,111.19000244140625,500
2012-01-27,111.45999908447266,111.95999908447266,110.88999938964844,111.22000122070312,1050
2012-01-30,110.75,111.22000122070312,110.4800033569336,111.22000122070312,453
2012-01-31,110.9800033569336,112.61000061035156,110.83999633789062,112.08999633789062,712
2012-02-01,111.55999755859375,112.76000213623047,111.30000305175781,112.31999969482422,891
2012-02-02,112.06999969482422,112.5,111.29000091552734,111.54000091552734,1348
2012-02-03,114.58000183105469,114.62000274658203,112.75,112.75,758
2012-02-06,115.93000030517578,116.5,113.91999816894531,114.05999755859375,980
2012-02-07,116.2300033569336,117.25,115.6500015258789,116.06999969482422,1400
2012-02-08,117.19999694824219,117.6500015258789,115.95999908447266,116.69999694824219,866
2012-02-09,118.58999633789062,118.7699966430664,117.62000274658203,118.2300033569336,812
2012-02-10,117.30999755859375,117.66999816894531,116.33999633789062,117.05000305175781,1055
2012-02-13,117.93000030517578,118.44999694824219,117.44999694824219,118.29000091552734,602
2012-02-14,118.16000366210938,118.16000366210938,117.66999816894531,117.80000305175781,815
2012-02-15,118.93000030517578,119.52999877929688,118.37000274658203,118.68000030517578,756
2012-02-16,120.11000061035156,120.30999755859375,119.1500015258789,119.1500015258789,1479
2012-02-17,119.58000183105469,120.04000091552734,118.8499984741211,120.04000091552734,815
2012-02-21,121.66000366210938,121.66999816894531,119.80000305175781,119.80000305175781,495
2012-02-22,122.9000015258789,123.18000030517578,121.58000183105469,121.80000305175781,1019
2012-02-23,123.62000274658203,124.4800033569336,122.0999984741211,124.2300033569336,884
2012-02-24,125.47000122070312,125.55000305175781,123.68000030517578,123.9000015258789,389
2012-02-27,124.16999816894531,124.58000183105469,123.05999755859375,124.30000305175781,575
2012-02-28,121.55000305175781,123.79000091552734,121.55000305175781,123.05000305175781,2378
2012-02-29,122.66000366210938,123.08000183105469,120.68000030517578,122.31999969482422,1389
2012-03-01,126.19999694824219,128.25,123.38999938964844,123.45999908447266,1951
2012-03-02,123.6500015258789,124.97000122070312,123.38999938964844,124.87999725341797,736
2012-03-05,123.80000305175781,124.62000274658203,123.37000274658203,123.87000274658203,592
2012-03-06,121.9800033569336,123.0199966430664,121.6500015258789,123.01000213623047,630
2012-03-07,124.12000274658203,124.2699966430664,122.0999984741211,123.12000274658203,913
2012-03-08,125.44000244140625,126.29000091552734,124.95999908447266,125.33999633789062,960
2012-03-09,125.9800033569336,126.25,124.80999755859375,125.55999755859375,817
2012-03-12,125.33999633789062,125.33999633789062,124.25,124.30000305175781,648
2012-03-13,126.22000122070312,126.70999908447266,125.08000183105469,125.5999984741211,506
2012-03-14,124.97000122070312,126.63999938964844,124.97000122070312,126.16000366210938,294
2012-03-15,123.55000305175781,125.04000091552734,123.55000305175781,124.80999755859375,1260
2012-03-16,125.80999755859375,126.0999984741211,123.20999908447266,123.30999755859375,412
2012-03-19,125.70999908447266,125.91999816894531,125.12999725341797,125.12999725341797,453
2012-03-20,124.12000274658203,125.91999816894531,123.20999908447266,125.12999725341797,665
2012-03-21,124.19999694824219,124.77999877929688,123.79000091552734,124.41999816894531,741
2012-03-22,123.13999938964844,123.79000091552734,122.31999969482422,123.33999633789062,567
2012-03-23,125.12999725341797,127.0199966430664,123.68000030517578,123.68000030517578,747
2012-03-26,125.6500015258789,125.81999969482422,125.30000305175781,125.68000030517578,265
2012-03-27,125.54000091552734,126.12000274658203,124.93000030517578,125.1500015258789,765
2012-03-28,124.16000366210938,124.33999633789062,123.62000274658203,124.27999877929688,797
2012-03-29,122.38999938964844,124.3499984741211,121.43000030517578,123.81999969482422,646
2012-03-30,122.87999725341797,124.04000091552734,122.69000244140625,123.2699966430664,701
2012-04-02,125.43000030517578,125.48999786376953,121.75,122.20999908447266,481
2012-04-03,124.86000061035156,125.94999694824219,124.38999938964844,125.18000030517578,592
2012-04-04,122.33999633789062,124.55000305175781,122.33000183105469,124.12999725341797,822
2012-04-05,123.43000030517578,123.4800033569336,121.83000183105469,122.0999984741211,449
2012-04-09,122.66999816894531,122.70999908447266,121.0999984741211,121.87999725341797,256
2012-04-10,119.87999725341797,122.2699966430664,119.80000305175781,121.5199966430664,627
2012-04-11,120.18000030517578,120.73999786376953,119.30999755859375,120.0999984741211,781
2012-04-12,121.70999908447266,121.70999908447266,119.45999908447266,119.98999786376953,280
2012-04-13,121.83000183105469,121.83000183105469,120.87999725341797,121.62000274658203,441
2012-04-16,118.68000030517578,120.05000305175781,118.27999877929688,120.02999877929688,832
2012-04-17,118.77999877929688,119.27999877929688,118.19999694824219,118.62000274658203,741
2012-04-18,117.97000122070312,118.26000213623047,116.73999786376953,117.69999694824219,894
2012-04-19,118.0,119.1500015258789,117.70999908447266,118.8499984741211,1122
2012-04-20,118.76000213623047,119.62999725341797,118.38999938964844,119.36000061035156,662
2012-04-23,118.70999908447266,118.86000061035156,117.2699966430664,117.93000030517578,727
2012-04-24,118.16000366210938,118.8499984741211,117.9000015258789,118.19000244140625,583
2012-04-25,119.12000274658203,119.19000244140625,117.47000122070312,119.0,541
2012-04-26,119.91999816894531,120.0999984741211,119.23999786376953,119.23999786376953,652
2012-04-27,119.83000183105469,119.83000183105469,119.12000274658203,119.7699966430664,513
2012-04-30,119.47000122070312,119.66999816894531,118.76000213623047,119.37000274658203,782
2012-05-01,119.66000366210938,119.95999908447266,118.91000366210938,119.0,2605
2012-05-02,118.19999694824219,119.19999694824219,117.7699966430664,119.19999694824219,2624
2012-05-03,116.08000183105469,117.88999938964844,116.0,117.76000213623047,2253
2012-05-04,113.18000030517578,114.80000305175781,111.83000183105469,114.80000305175781,3510
2012-05-07,113.16000366210938,113.16000366210938,112.08999633789062,113.06999969482422,1462
2012-05-08,112.7300033569336,113.04000091552734,110.55999755859375,112.23999786376953,2937
2012-05-09,113.19999694824219,113.26000213623047,111.3499984741211,111.9000015258789,1530
2012-05-10,112.7300033569336,113.6500015258789,112.16000366210938,112.93000030517578,2771
2012-05-11,112.26000213623047,112.7699966430664,111.6500015258789,112.0199966430664,767
2012-05-14,111.56999969482422,111.69000244140625,110.9800033569336,111.0199966430664,749
2012-05-15,112.23999786376953,112.52999877929688,111.5,112.23999786376953,490
2012-05-16,111.70999908447266,111.70999908447266,111.55000305175781,111.55000305175781,1327
2012-05-17,107.48999786376953,109.62999725341797,106.95999908447266,109.25,1732
2012-05-18,107.13999938964844,107.8499984741211,106.86000061035156,107.66999816894531,617
2012-05-21,108.80999755859375,109.22000122070312,107.7699966430664,107.83000183105469,571
2012-05-22,108.41000366210938,109.2699966430664,107.97000122070312,109.2699966430664,1151
2012-05-23,105.55999755859375,107.33000183105469,105.47000122070312,107.23999786376953,656
2012-05-24,106.55000305175781,107.12999725341797,105.76000213623047,105.9800033569336,1067
2012-05-25,106.83000183105469,107.08999633789062,106.63999938964844,106.66000366210938,389
2012-05-29,106.68000030517578,107.83000183105469,106.06999969482422,107.19000244140625,467
2012-05-30,103.47000122070312,105.25,103.08000183105469,105.23999786376953,418
2012-05-31,101.87000274658203,103.76000213623047,101.31999969482422,103.76000213623047,662
2012-06-01,98.43000030517578,99.63999938964844,97.58000183105469,99.52999877929688,755
2012-06-04,98.8499984741211,99.08000183105469,96.7300033569336,96.7699966430664,528
2012-06-05,98.83999633789062,99.12000274658203,98.37999725341797,98.7699966430664,525
2012-06-06,100.63999938964844,101.27999877929688,99.7300033569336,100.45999908447266,964
2012-06-07,99.93000030517578,102.29000091552734,99.5199966430664,101.37999725341797,1301
2012-06-08,99.47000122070312,99.88999938964844,97.3499984741211,97.3499984741211,451
2012-06-11,98.0,100.58999633789062,96.94000244140625,100.38999938964844,1856
2012-06-12,97.13999938964844,97.91000366210938,96.69999694824219,97.2300033569336,1258
2012-06-13,97.12999725341797,98.23999786376953,96.77999877929688,97.16999816894531,1258
2012-06-14,97.02999877929688,97.02999877929688,96.6500015258789,96.6500015258789,2047
2012-06-15,97.61000061035156,98.05999755859375,97.06999969482422,97.62000274658203,282
2012-06-18,96.05000305175781,97.0,95.5,97.0,2225
2012-06-19,95.76000213623047,96.7300033569336,95.76000213623047,96.0,1795
2012-06-20,92.69000244140625,95.48999786376953,92.47000122070312,95.25,718
2012-06-21,89.2300033569336,92.44000244140625,89.04000091552734,92.4000015258789,1121
2012-06-22,90.9800033569336,91.51000213623047,89.80999755859375,89.9000015258789,562
2012-06-25,91.01000213623047,91.26000213623047,89.73999786376953,90.23999786376953,1452
2012-06-26,93.0199966430664,93.13999938964844,91.30999755859375,91.73999786376953,2275
2012-06-27,93.5,93.79000091552734,92.91000366210938,92.91000366210938,680
2012-06-28,91.36000061035156,93.6500015258789,90.95999908447266,93.5199966430664,1468
2012-06-29,97.80000305175781,98.2699966430664,94.05000305175781,94.05000305175781,1151
2012-07-02,97.33999633789062,97.58999633789062,95.80999755859375,96.08999633789062,786
2012-07-03,100.68000030517578,101.3499984741211,99.72000122070312,99.72000122070312,707
2012-07-05,100.69999694824219,101.41999816894531,100.38999938964844,101.12000274658203,1271
2012-07-06,98.19000244140625,98.97000122070312,97.93000030517578,98.97000122070312,1800
2012-07-09,100.31999969482422,100.9800033569336,98.36000061035156,98.81999969482422,1912
2012-07-10,97.97000122070312,99.19999694824219,97.87000274658203,98.94999694824219,1778
2012-07-11,100.2300033569336,100.37999725341797,98.66999816894531,98.66999816894531,851
2012-07-12,101.06999969482422,101.2699966430664,99.0199966430664,99.19000244140625,1345
2012-07-13,102.4000015258789,102.69999694824219,101.38999938964844,102.41999816894531,624
2012-07-16,103.55000305175781,103.55000305175781,103.55000305175781,103.55000305175781,1691
2012-07-17,104.0,104.58000183105469,102.87000274658203,104.58000183105469,590
2012-07-18,105.16000366210938,105.4000015258789,103.88999938964844,103.91000366210938,725
2012-07-19,107.80000305175781,108.13999938964844,106.51000213623047,107.4000015258789,581
2012-07-20,106.83000183105469,106.91000366210938,105.81999969482422,106.0999984741211,358
2012-07-23,103.26000213623047,104.58999633789062,102.4800033569336,103.19999694824219,360
2012-07-24,103.41999816894531,103.93000030517578,102.94000244140625,102.94000244140625,1642
2012-07-25,104.37999725341797,104.6500015258789,102.18000030517578,103.69999694824219,2082
2012-07-26,105.26000213623047,106.01000213623047,104.87000274658203,105.23999786376953,1479
2012-07-27,106.47000122070312,106.5,105.69999694824219,105.94999694824219,2178
2012-07-30,106.19999694824219,106.4800033569336,105.7300033569336,105.79000091552734,334
2012-07-31,104.91999816894531,106.30000305175781,104.19999694824219,106.27999877929688,1532
2012-08-01,105.95999908447266,106.2300033569336,105.52999877929688,105.63999938964844,1202
2012-08-02,105.9000015258789,106.68000030517578,105.30999755859375,106.62000274658203,2631
2012-08-03,108.94000244140625,109.06999969482422,106.4000015258789,106.5199966430664,1573
2012-08-06,109.55000305175781,109.69000244140625,108.12000274658203,108.55999755859375,1714
2012-08-07,112.0,112.37000274658203,110.45999908447266,110.55000305175781,2600
2012-08-08,112.13999938964844,113.05999755859375,111.45999908447266,111.45999908447266,5380
2012-08-09,113.22000122070312,113.30000305175781,112.19000244140625,112.3499984741211,2139
2012-08-10,112.94999694824219,113.02999877929688,111.44000244140625,111.55999755859375,1994
2012-08-13,113.5999984741211,114.77999877929688,113.25,114.77999877929688,1223
2012-08-14,114.02999877929688,114.02999877929688,113.37999725341797,113.98999786376953,1201
2012-08-15,116.25,116.5999984741211,113.88999938964844,113.88999938964844,718
2012-08-16,116.9000015258789,116.9000015258789,116.19999694824219,116.19999694824219,3561
2012-08-17,113.70999908447266,114.25,112.8499984741211,114.0999984741211,1201
2012-08-20,113.69999694824219,114.41000366210938,112.9000015258789,114.41000366210938,3024
2012-08-21,114.63999938964844,115.47000122070312,114.47000122070312,114.47000122070312,1481
2012-08-22,114.91000366210938,115.12999725341797,113.58000183105469,113.58000183105469,3196
2012-08-23,115.01000213623047,116.29000091552734,114.4800033569336,116.05000305175781,2201
2012-08-24,113.58999633789062,115.12000274658203,113.11000061035156,114.6500015258789,2894
2012-08-27,112.26000213623047,114.52999877929688,111.76000213623047,114.23999786376953,2318
2012-08-28,112.58000183105469,112.77999877929688,112.0199966430664,112.77999877929688,1489
2012-08-29,112.54000091552734,112.77999877929688,112.33999633789062,112.37999725341797,2957
2012-08-30,112.6500015258789,113.27999877929688,112.38999938964844,113.12000274658203,2660
2012-08-31,114.56999969482422,114.86000061035156,112.9000015258789,113.41000366210938,2428
2012-09-04,114.18000030517578,115.80999755859375,114.12000274658203,115.80000305175781,564
2012-09-05,113.08999633789062,114.01000213623047,112.91000366210938,113.8499984741211,551
2012-09-06,113.48999786376953,115.0,113.0,113.94000244140625,2137
2012-09-07,114.25,114.44000244140625,112.43000030517578,113.52999877929688,2186
2012-09-10,114.80999755859375,114.95999908447266,114.12000274658203,114.56999969482422,826
2012-09-11,115.4000015258789,115.43000030517578,114.73999786376953,114.8499984741211,1009
2012-09-12,115.95999908447266,116.01000213623047,115.30000305175781,115.9800033569336,1015
2012-09-13,116.9000015258789,117.0,116.26000213623047,116.69999694824219,336
2012-09-18,112.02999877929688,113.83999633789062,111.70999908447266,113.76000213623047,564
2012-09-19,108.19000244140625,111.0,107.66000366210938,111.0,559
2012-09-20,110.02999877929688,110.3499984741211,108.1500015258789,108.4800033569336,1613
2012-09-21,111.41999816894531,111.4800033569336,110.63999938964844,111.05999755859375,1140
2012-09-24,109.80999755859375,110.12999725341797,109.1500015258789,109.87000274658203,1278
2012-09-25,110.44999694824219,111.31999969482422,110.01000213623047,111.0199966430664,1516
2012-09-26,110.04000091552734,110.05000305175781,108.69999694824219,108.9800033569336,2408
2012-09-27,112.01000213623047,112.37000274658203,111.0,111.0,1191
2012-09-28,112.38999938964844,112.79000091552734,111.56999969482422,112.7699966430664,1412
2012-10-01,112.19000244140625,113.23999786376953,111.6500015258789,111.72000122070312,181
2012-10-02,111.56999969482422,111.94999694824219,111.45999908447266,111.73999786376953,184
2012-10-03,108.16999816894531,110.4000015258789,107.72000122070312,110.30999755859375,1316
2012-10-04,112.58000183105469,112.63999938964844,109.26000213623047,109.4000015258789,1542
2012-10-05,112.0199966430664,113.0,110.91000366210938,111.9000015258789,1184
2012-10-08,111.81999969482422,112.25,111.16999816894531,111.27999877929688,1240
2012-10-09,114.5,114.5999984741211,112.37999725341797,112.37999725341797,498
2012-10-10,114.33000183105469,115.56999969482422,114.12000274658203,114.41000366210938,328
2012-10-11,115.70999908447266,115.91000366210938,114.98999786376953,115.12999725341797,865
2012-10-12,114.62000274658203,115.16000366210938,114.01000213623047,114.76000213623047,857
2012-10-15,115.80000305175781,115.86000061035156,113.66999816894531,115.12000274658203,905
2012-10-16,115.06999969482422,115.06999969482422,114.94999694824219,114.9800033569336,602
2012-10-19,110.13999938964844,113.22000122070312,110.06999969482422,112.94000244140625,624
2012-10-22,109.44000244140625,110.95999908447266,109.19000244140625,110.56999969482422,586
2012-10-23,108.25,108.87999725341797,107.37999725341797,108.68000030517578,602
2012-10-24,107.8499984741211,108.7699966430664,106.93000030517578,108.5,503
2012-10-25,108.48999786376953,109.22000122070312,107.66999816894531,108.7699966430664,532
2012-10-26,109.55000305175781,109.66999816894531,107.94000244140625,107.9800033569336,395
2012-10-31,108.69999694824219,109.69999694824219,108.37000274658203,109.66000366210938,227
2012-11-01,108.16999816894531,108.70999908447266,107.8499984741211,108.29000091552734,354
2012-11-02,105.68000030517578,108.75,105.56999969482422,107.81999969482422,1081
2012-11-05,107.7300033569336,108.12000274658203,105.05999755859375,105.4800033569336,388
2012-11-06,111.06999969482422,111.0999984741211,108.51000213623047,108.66999816894531,515
2012-11-07,106.81999969482422,110.48999786376953,106.72000122070312,109.87999725341797,888
2012-11-08,107.25,107.93000030517578,106.3499984741211,107.66000366210938,364
2012-11-09,109.4000015258789,109.5999984741211,106.27999877929688,106.51000213623047,744
2012-11-12,109.06999969482422,110.0999984741211,108.83000183105469,109.0199966430664,922
2012-11-13,108.26000213623047,108.58000183105469,107.5,108.36000061035156,609
2012-11-14,109.61000061035156,109.80000305175781,108.51000213623047,108.51000213623047,762
2012-11-15,110.9800033569336,110.9800033569336,110.41000366210938,110.76000213623047,735
2012-11-19,110.83999633789062,110.83999633789062,110.83999633789062,110.83999633789062,782
2012-11-20,109.83000183105469,111.63999938964844,109.02999877929688,111.25,420
2012-11-21,110.86000061035156,111.33999633789062,109.62000274658203,111.0199966430664,480
2012-11-23,111.37999725341797,111.52999877929688,110.51000213623047,110.52999877929688,483
2012-11-26,110.91999816894531,111.29000091552734,110.30000305175781,111.04000091552734,506
2012-11-27,109.87000274658203,111.08999633789062,109.30999755859375,111.01000213623047,426
2012-11-28,109.51000213623047,109.73999786376953,108.5,109.19000244140625,665
2012-11-29,110.76000213623047,111.29000091552734,110.27999877929688,110.83000183105469,619
2012-11-30,111.2300033569336,111.25,110.47000122070312,110.47000122070312,464
2012-12-03,110.91999816894531,112.31999969482422,110.5999984741211,111.41999816894531,749
2012-12-04,109.83999633789062,110.33000183105469,109.25,110.30000305175781,484
2012-12-05,108.80999755859375,110.33000183105469,108.73999786376953,110.0999984741211,302
2012-12-06,107.02999877929688,108.87000274658203,106.69999694824219,108.86000061035156,945
2012-12-07,107.0199966430664,107.87000274658203,106.80999755859375,107.08999633789062,1434
2012-12-10,107.33000183105469,108.45999908447266,107.25,107.9000015258789,1972
2012-12-11,108.01000213623047,108.33999633789062,107.43000030517578,108.31999969482422,1065
2012-12-12,109.5,110.47000122070312,108.8499984741211,108.9000015258789,1756
2012-12-13,107.91000366210938,109.16999816894531,107.80999755859375,108.98999786376953,833
2012-12-14,109.1500015258789,109.1500015258789,109.1500015258789,109.1500015258789,306
2012-12-19,110.36000061035156,110.43000030517578,109.30999755859375,109.9800033569336,703
2012-12-20,110.19999694824219,110.52999877929688,109.75,110.2699966430664,473
2012-12-21,108.97000122070312,109.83999633789062,108.76000213623047,109.58999633789062,571
2012-12-24,108.80000305175781,109.0,108.18000030517578,108.45999908447266,287
2012-12-26,111.06999969482422,111.45999908447266,109.93000030517578,109.93000030517578,413
2012-12-27,110.80000305175781,111.1500015258789,110.12000274658203,110.83000183105469,682
2012-12-28,110.62000274658203,110.76000213623047,109.83000183105469,110.43000030517578,1101
2012-12-31,111.11000061035156,111.22000122070312,109.4800033569336,109.6500015258789,716
2013-01-02,112.47000122070312,112.9000015258789,111.76000213623047,111.94000244140625,1343
2013-01-03,112.13999938964844,112.38999938964844,111.69999694824219,111.91999816894531,752
2013-01-04,111.30999755859375,111.73999786376953,110.72000122070312,110.72000122070312,1279
2013-01-07,111.4000015258789,111.66999816894531,110.58000183105469,110.80000305175781,1860
2013-01-08,111.94000244140625,112.44000244140625,111.4800033569336,112.38999938964844,1385
2013-01-09,111.76000213623047,111.94999694824219,111.12999725341797,111.88999938964844,1368
2013-01-10,111.88999938964844,112.98999786376953,111.66000366210938,112.97000122070312,1495
2013-01-11,110.63999938964844,110.73999786376953,109.69999694824219,110.69000244140625,1141
2013-01-14,111.87999725341797,112.0199966430664,110.41000366210938,111.1500015258789,1019
2013-01-15,110.30000305175781,111.91000366210938,110.30000305175781,111.73999786376953,1227
2013-01-16,110.61000061035156,110.61000061035156,110.44000244140625,110.5199966430664,33
2013-01-17,110.61000061035156,110.61000061035156,110.61000061035156,110.61000061035156,0
2013-01-18,110.61000061035156,110.61000061035156,110.61000061035156,110.61000061035156,5410
2013-01-22,112.41999816894531,112.6500015258789,111.56999969482422,112.19999694824219,7873
2013-01-23,112.80000305175781,113.1500015258789,112.20999908447266,112.38999938964844,5558
2013-01-24,113.27999877929688,113.62000274658203,112.43000030517578,112.43000030517578,5086
2013-01-25,113.27999877929688,113.81999969482422,112.83999633789062,113.62999725341797,3821
2013-01-28,113.4800033569336,113.80000305175781,112.63999938964844,112.97000122070312,4057
2013-01-29,114.36000061035156,114.47000122070312,113.19000244140625,113.30000305175781,3241
2013-01-30,114.9000015258789,115.22000122070312,114.26000213623047,114.93000030517578,2414
2013-01-31,115.55000305175781,115.7300033569336,114.30999755859375,114.79000091552734,3222
2013-02-01,116.76000213623047,117.06999969482422,115.77999877929688,115.87000274658203,4956
2013-02-04,115.5999984741211,116.30999755859375,115.33999633789062,115.95999908447266,2301
2013-02-05,116.5199966430664,117.16999816894531,116.44000244140625,116.58000183105469,5214
2013-02-06,116.7300033569336,117.02999877929688,115.7300033569336,116.18000030517578,3179
2013-02-07,117.23999786376953,117.79000091552734,116.75,117.69000244140625,6168
2013-02-08,118.9000015258789,119.1500015258789,118.0999984741211,118.22000122070312,3395
2013-02-11,118.12999725341797,118.52999877929688,117.55000305175781,118.02999877929688,2152
2013-02-12,118.66000366210938,118.81999969482422,117.95999908447266,118.81999969482422,1556
2013-02-13,118.72000122070312,118.91999816894531,118.36000061035156,118.72000122070312,225
2013-02-14,118.58000183105469,118.58000183105469,118.58000183105469,118.58000183105469,0
2013-02-15,118.58000183105469,118.58000183105469,118.58000183105469,118.58000183105469,5321
2013-02-19,117.5199966430664,117.56999969482422,116.55999755859375,117.30999755859375,3321
2013-02-20,115.5999984741211,117.5,115.02999877929688,117.48999786376953,4641
2013-02-21,113.52999877929688,114.37000274658203,113.33000183105469,114.37000274658203,4022
2013-02-22,114.0999984741211,114.55999755859375,113.63999938964844,114.19000244140625,2836
2013-02-25,114.44000244140625,115.81999969482422,113.47000122070312,115.51000213623047,4213
2013-02-26,112.70999908447266,114.29000091552734,112.41000366210938,113.1500015258789,3942
2013-02-27,111.87000274658203,113.12999725341797,111.66000366210938,113.08000183105469,4940
2013-02-28,111.37999725341797,112.55999755859375,110.87000274658203,112.08000183105469,5369
2013-03-01,110.4000015258789,110.73999786376953,109.83999633789062,110.55999755859375,5687
2013-03-04,110.08999633789062,110.87999725341797,109.58000183105469,110.4000015258789,3618
2013-03-05,111.61000061035156,111.80999755859375,110.41999816894531,110.55999755859375,5330
2013-03-06,111.05999755859375,111.66999816894531,110.45999908447266,111.41999816894531,4002
2013-03-07,111.1500015258789,111.4000015258789,110.41999816894531,110.79000091552734,4272
2013-03-08,110.8499984741211,110.94000244140625,109.1500015258789,109.7699966430664,4486
2013-03-11,110.22000122070312,110.4800033569336,109.54000091552734,110.16999816894531,2427
2013-03-12,109.6500015258789,111.18000030517578,109.31999969482422,109.83999633789062,2388
2013-03-13,108.5199966430664,109.66999816894531,108.31999969482422,109.66000366210938,950
2013-03-14,109.41999816894531,109.94000244140625,108.97000122070312,108.97000122070312,269
2013-03-15,109.37999725341797,109.37999725341797,109.37999725341797,109.37999725341797,2567
2013-03-19,107.44999694824219,109.27999877929688,107.27999877929688,109.01000213623047,3327
2013-03-20,108.72000122070312,108.88999938964844,107.75,108.16999816894531,2745
2013-03-21,107.47000122070312,108.55999755859375,107.0999984741211,108.37000274658203,3484
2013-03-22,107.66000366210938,107.94999694824219,107.01000213623047,107.55000305175781,2605
2013-03-25,108.16999816894531,109.02999877929688,107.29000091552734,108.37999725341797,3055
2013-03-26,109.36000061035156,109.52999877929688,107.95999908447266,108.33999633789062,3355
2013-03-27,109.69000244140625,109.94000244140625,109.05000305175781,109.55000305175781,3926
2013-03-28,110.0199966430664,110.02999877929688,109.0199966430664,109.87999725341797,2175
2013-04-01,111.08000183105469,111.30000305175781,109.63999938964844,109.68000030517578,1788
2013-04-02,110.69000244140625,111.77999877929688,110.0199966430664,111.41000366210938,4299
2013-04-03,107.11000061035156,110.12000274658203,106.83000183105469,109.94000244140625,5172
2013-04-04,106.33999633789062,108.02999877929688,105.30999755859375,107.18000030517578,7158
2013-04-05,104.12000274658203,105.88999938964844,103.62999725341797,105.69000244140625,8817
2013-04-08,104.66000366210938,105.55000305175781,103.44000244140625,105.37000274658203,3754
2013-04-09,106.2300033569336,106.5,104.29000091552734,105.33999633789062,4934
2013-04-10,105.79000091552734,106.12000274658203,105.16999816894531,105.80999755859375,3159
2013-04-11,104.2699966430664,105.91999816894531,103.7300033569336,105.7300033569336,2429
2013-04-12,103.11000061035156,103.23999786376953,101.30000305175781,102.94999694824219,3004
2013-04-15,100.38999938964844,101.41999816894531,100.3499984741211,101.41999816894531,1126
2013-04-16,100.36000061035156,100.36000061035156,100.36000061035156,100.36000061035156,0
2013-04-17,100.36000061035156,100.36000061035156,100.36000061035156,100.36000061035156,4442
2013-04-18,99.12999725341797,99.7699966430664,97.55000305175781,98.80999755859375,6283
2013-04-19,99.6500015258789,100.11000061035156,99.05000305175781,100.11000061035156,4312
2013-04-22,100.38999938964844,101.01000213623047,99.23999786376953,100.66000366210938,3890
2013-04-23,100.30999755859375,100.56999969482422,99.02999877929688,99.52999877929688,4381
2013-04-24,101.7300033569336,101.9800033569336,100.48999786376953,100.93000030517578,4467
2013-04-25,103.41000366210938,103.4800033569336,101.6500015258789,102.0,5471
2013-04-26,103.16000366210938,103.45999908447266,102.30000305175781,102.69999694824219,4974
2013-04-29,103.80999755859375,103.93000030517578,102.95999908447266,103.18000030517578,4138
2013-04-30,102.37000274658203,103.88999938964844,101.5,103.68000030517578,6356
2013-05-01,99.94999694824219,101.16999816894531,98.76000213623047,100.80000305175781,8670
2013-05-02,102.8499984741211,102.95999908447266,100.22000122070312,100.83999633789062,7583
2013-05-03,104.19000244140625,104.9000015258789,103.37000274658203,103.44000244140625,7412
2013-05-06,105.45999908447266,105.52999877929688,103.91000366210938,104.68000030517578,3668
2013-05-07,104.4000015258789,105.93000030517578,104.02999877929688,105.08000183105469,7856
2013-05-08,104.33999633789062,104.79000091552734,103.52999877929688,103.73999786376953,7772
2013-05-09,104.47000122070312,104.5199966430664,103.45999908447266,103.80999755859375,5308
2013-05-10,103.91000366210938,104.05000305175781,101.56999969482422,103.87999725341797,5241
2013-05-13,102.81999969482422,103.5999984741211,102.2699966430664,102.72000122070312,5649
2013-05-14,102.5999984741211,102.91000366210938,101.97000122070312,102.08000183105469,3504
2013-05-15,103.68000030517578,103.79000091552734,101.25,102.2300033569336,2940
2013-05-16,103.80000305175781,104.04000091552734,103.55999755859375,103.83999633789062,512
2013-05-17,103.72000122070312,103.72000122070312,103.72000122070312,103.72000122070312,0
2013-05-20,103.72000122070312,103.72000122070312,103.72000122070312,103.72000122070312,3976
2013-05-21,103.91000366210938,104.5999984741211,103.51000213623047,104.3499984741211,3839
2013-05-22,102.5999984741211,103.77999877929688,102.23999786376953,103.2699966430664,4718
2013-05-23,102.44000244140625,102.66000366210938,100.66000366210938,102.0199966430664,4740
2013-05-24,102.63999938964844,102.7699966430664,101.66999816894531,102.25,2671
2013-05-28,104.2300033569336,104.68000030517578,103.98999786376953,104.06999969482422,4450
2013-05-29,102.43000030517578,104.37999725341797,102.19000244140625,103.9000015258789,3856
2013-05-30,102.19000244140625,102.8499984741211,101.0999984741211,101.8499984741211,4542
2013-05-31,100.38999938964844,101.80000305175781,100.05000305175781,101.79000091552734,5185
2013-06-03,102.05999755859375,102.37999725341797,101.0199966430664,101.05999755859375,4609
2013-06-04,103.23999786376953,103.55000305175781,101.5,101.69000244140625,6820
2013-06-05,103.04000091552734,104.05999755859375,102.8499984741211,103.36000061035156,4854
2013-06-06,103.61000061035156,103.94000244140625,102.9000015258789,103.0,4502
2013-06-07,104.55999755859375,105.0,102.9000015258789,104.12999725341797,7588
2013-06-10,103.94999694824219,104.38999938964844,103.72000122070312,104.16999816894531,4235
2013-06-11,102.95999908447266,103.0,101.81999969482422,102.7699966430664,4916
2013-06-12,103.48999786376953,104.05000305175781,102.91000366210938,103.30000305175781,3238
2013-06-13,104.25,104.25,103.08999633789062,103.08999633789062,34
2013-06-14,104.29000091552734,104.29000091552734,104.29000091552734,104.29000091552734,4848
2013-06-18,106.0199966430664,106.22000122070312,105.26000213623047,105.27999877929688,4524
2013-06-19,106.12000274658203,106.52999877929688,105.45999908447266,106.33999633789062,4520
2013-06-20,102.1500015258789,104.44000244140625,101.75,104.22000122070312,9237
2013-06-21,100.91000366210938,102.69999694824219,100.08000183105469,102.62999725341797,7294
2013-06-24,101.16000366210938,101.62000274658203,99.72000122070312,100.79000091552734,8744
2013-06-25,101.26000213623047,101.91000366210938,100.94000244140625,101.8499984741211,5444
2013-06-26,101.66000366210938,101.87000274658203,100.2699966430664,101.22000122070312,6116
2013-06-27,102.81999969482422,103.33999633789062,101.83000183105469,102.06999969482422,8070
2013-06-28,102.16000366210938,103.30000305175781,101.87999725341797,102.91000366210938,8321
2013-07-01,103.0,103.69000244140625,102.5199966430664,102.72000122070312,7087
2013-07-02,104.0,104.11000061035156,102.9800033569336,102.9800033569336,5326
2013-07-03,105.76000213623047,106.0199966430664,104.80000305175781,104.80000305175781,6544
2013-07-05,107.72000122070312,107.8499984741211,106.18000030517578,106.3499984741211,7411
2013-07-08,107.43000030517578,107.66000366210938,106.80000305175781,107.08999633789062,4529
2013-07-09,107.80999755859375,108.16999816894531,106.8499984741211,107.18000030517578,5029
2013-07-10,108.51000213623047,108.62000274658203,107.87000274658203,108.13999938964844,4574
2013-07-11,107.7300033569336,108.54000091552734,107.30999755859375,108.19000244140625,4952
2013-07-12,108.80999755859375,109.05999755859375,107.7699966430664,107.80000305175781,4515
2013-07-15,109.08999633789062,109.08999633789062,108.48999786376953,108.48999786376953,4334
2013-07-16,109.4000015258789,109.4000015258789,109.1500015258789,109.1500015258789,18
2013-07-17,109.36000061035156,109.36000061035156,109.36000061035156,109.36000061035156,3702
2013-07-19,108.06999969482422,109.16999816894531,107.04000091552734,108.95999908447266,6176
2013-07-22,108.1500015258789,108.66000366210938,107.58000183105469,108.37000274658203,8730
2013-07-23,108.41999816894531,108.5999984741211,107.79000091552734,108.0199966430664,9570
2013-07-24,107.19000244140625,107.88999938964844,106.2699966430664,107.80000305175781,5810
2013-07-25,107.6500015258789,107.8499984741211,106.66999816894531,106.66999816894531,4913
2013-07-26,107.16999816894531,107.27999877929688,106.52999877929688,107.0999984741211,3172
2013-07-29,107.44999694824219,107.87000274658203,106.83999633789062,107.5999984741211,5249
2013-07-30,106.91000366210938,107.37999725341797,106.55999755859375,107.23999786376953,7855
2013-07-31,107.69999694824219,107.9000015258789,105.73999786376953,106.08999633789062,6517
2013-08-01,109.54000091552734,109.62999725341797,108.52999877929688,109.19999694824219,5495
2013-08-02,108.94999694824219,109.3499984741211,108.38999938964844,109.33999633789062,3957
2013-08-05,108.69999694824219,108.87999725341797,107.55999755859375,108.13999938964844,4489
2013-08-06,108.18000030517578,109.0199966430664,107.47000122070312,108.76000213623047,3859
2013-08-07,107.44000244140625,107.93000030517578,107.08999633789062,107.69000244140625,4690
2013-08-08,106.68000030517578,107.01000213623047,105.8499984741211,106.94999694824219,8136
2013-08-09,108.22000122070312,108.26000213623047,106.62000274658203,107.37000274658203,5252
2013-08-12,108.97000122070312,109.12000274658203,107.55000305175781,108.0199966430664,6891
2013-08-13,109.81999969482422,110.04000091552734,109.0199966430664,109.58999633789062,5136
2013-08-14,110.19999694824219,110.31999969482422,109.05000305175781,109.05000305175781,5913
2013-08-15,111.11000061035156,111.29000091552734,110.55999755859375,110.9800033569336,121
2013-08-16,111.16999816894531,111.16999816894531,111.16999816894531,111.16999816894531,8502
2013-08-20,110.1500015258789,110.70999908447266,108.80000305175781,109.41000366210938,7184
2013-08-21,109.80999755859375,110.27999877929688,109.55999755859375,109.68000030517578,6371
2013-08-22,109.9000015258789,110.02999877929688,109.41000366210938,109.94000244140625,4848
2013-08-23,111.04000091552734,111.2300033569336,109.93000030517578,110.12999725341797,7755
2013-08-26,110.7300033569336,111.16000366210938,110.5,110.9000015258789,2251
2013-08-27,114.36000061035156,114.41999816894531,111.86000061035156,111.94999694824219,11690
2013-08-28,116.61000061035156,116.68000030517578,114.91999816894531,115.2699966430664,12397
2013-08-29,115.16000366210938,117.0199966430664,114.2300033569336,116.05000305175781,7936
2013-08-30,114.01000213623047,115.38999938964844,113.66000366210938,115.11000061035156,0
2013-09-03,115.68000030517578,115.91999816894531,114.55000305175781,115.06999969482422,12654
2013-09-04,114.91000366210938,115.5,114.41000366210938,115.16999816894531,7325
2013-09-05,115.26000213623047,115.3499984741211,114.30999755859375,115.30000305175781,6811
2013-09-06,116.12000274658203,116.51000213623047,115.33999633789062,115.3499984741211,5463
2013-09-09,113.72000122070312,115.2699966430664,113.12000274658203,115.19999694824219,11349
2013-09-10,111.25,113.47000122070312,110.6500015258789,113.38999938964844,9149
2013-09-11,111.5,112.05999755859375,111.12000274658203,111.83000183105469,5381
2013-09-12,112.62999725341797,112.87000274658203,112.13999938964844,112.44999694824219,2554
2013-09-13,112.77999877929688,112.77999877929688,111.79000091552734,112.2699966430664,6998
2013-09-18,110.5999984741211,111.02999877929688,107.87000274658203,108.2300033569336,7296
2013-09-19,108.76000213623047,110.95999908447266,108.55000305175781,110.94999694824219,6103
2013-09-20,109.22000122070312,109.66000366210938,108.70999908447266,109.20999908447266,5219
2013-09-23,108.16000366210938,109.26000213623047,107.77999877929688,109.2300033569336,5869
2013-09-24,108.63999938964844,108.88999938964844,107.44999694824219,107.87999725341797,6581
2013-09-25,108.31999969482422,109.94000244140625,107.88999938964844,109.83000183105469,9360
2013-09-26,109.20999908447266,109.23999786376953,108.4000015258789,108.86000061035156,5886
2013-09-27,108.62999725341797,109.6500015258789,108.13999938964844,108.66000366210938,6955
2013-09-30,108.37000274658203,108.66000366210938,107.2300033569336,107.69999694824219,6565
2013-10-01,107.94000244140625,108.36000061035156,106.80999755859375,108.3499984741211,10793
2013-10-02,109.19000244140625,109.47000122070312,107.69000244140625,107.94000244140625,9315
2013-10-03,109.0,109.83999633789062,108.62000274658203,109.43000030517578,7082
2013-10-04,109.45999908447266,109.73999786376953,108.72000122070312,109.29000091552734,6171
2013-10-07,109.68000030517578,110.0999984741211,108.1500015258789,108.30999755859375,7563
2013-10-08,110.16000366210938,110.79000091552734,110.01000213623047,110.58999633789062,4913
2013-10-09,109.05999755859375,110.04000091552734,108.2300033569336,110.01000213623047,4948
2013-10-10,111.80000305175781,111.9800033569336,109.69999694824219,109.94999694824219,8794
2013-10-11,111.27999877929688,111.69999694824219,110.54000091552734,111.44000244140625,4319
2013-10-14,111.04000091552734,111.19999694824219,109.87000274658203,110.41999816894531,3341
2013-10-15,109.95999908447266,110.58000183105469,109.58999633789062,110.12000274658203,2247
2013-10-16,110.86000061035156,110.86000061035156,109.75,109.80999755859375,38
2013-10-17,110.97000122070312,110.97000122070312,110.97000122070312,110.97000122070312,6658
2013-10-21,109.63999938964844,110.12999725341797,109.2300033569336,109.66999816894531,5329
2013-10-22,109.97000122070312,110.9000015258789,109.62000274658203,110.12999725341797,5789
2013-10-23,107.80000305175781,110.9000015258789,107.33000183105469,110.12999725341797,10576
2013-10-24,106.98999786376953,108.2300033569336,106.87999725341797,107.69999694824219,7917
2013-10-25,106.93000030517578,107.31999969482422,106.27999877929688,107.02999877929688,6723
2013-10-28,109.61000061035156,109.69000244140625,107.1500015258789,107.16999816894531,8120
2013-10-29,109.01000213623047,109.4000015258789,108.43000030517578,109.2699966430664,5454
2013-10-30,109.86000061035156,110.12000274658203,108.66000366210938,108.66000366210938,7259
2013-10-31,108.83999633789062,109.80000305175781,108.55999755859375,109.80000305175781,7077
2013-11-01,105.91000366210938,109.38999938964844,105.79000091552734,109.18000030517578,9208
2013-11-04,106.2300033569336,106.54000091552734,105.13999938964844,105.97000122070312,7029
2013-11-05,105.33000183105469,106.48999786376953,105.19999694824219,106.41000366210938,5619
2013-11-06,105.23999786376953,106.36000061035156,104.87999725341797,105.87999725341797,8063
2013-11-07,103.45999908447266,105.12999725341797,103.23999786376953,104.94000244140625,10778
2013-11-08,105.12000274658203,105.37999725341797,103.0,103.38999938964844,8183
2013-11-11,106.4000015258789,106.48999786376953,105.30999755859375,105.6500015258789,4925
2013-11-12,105.80999755859375,107.3499984741211,105.52999877929688,106.19000244140625,7598
2013-11-13,107.12000274658203,107.41000366210938,106.0199966430664,106.0199966430664,4449
2013-11-14,108.54000091552734,108.87000274658203,107.13999938964844,107.13999938964844,237
2013-11-15,108.55000305175781,108.55000305175781,108.55000305175781,108.55000305175781,4900
2013-11-19,106.91999816894531,108.61000061035156,106.81999969482422,108.13999938964844,5874
2013-11-20,108.05999755859375,108.37000274658203,106.54000091552734,107.31999969482422,5560
2013-11-21,110.08000183105469,110.2699966430664,107.69000244140625,107.8499984741211,8039
2013-11-22,111.05000305175781,111.37000274658203,109.6500015258789,109.98999786376953,8917
2013-11-25,111.0,111.66000366210938,108.08999633789062,109.9000015258789,9286
2013-11-26,110.87999725341797,111.4800033569336,110.44000244140625,110.80999755859375,6731
2013-11-27,111.30999755859375,111.6500015258789,110.52999877929688,110.91999816894531,6312
2013-11-29,109.69000244140625,111.5,109.62000274658203,111.4000015258789,3145
2013-12-02,111.44999694824219,112.31999969482422,109.31999969482422,109.75,7293
2013-12-03,112.62000274658203,112.91000366210938,111.05999755859375,111.44999694824219,6822
2013-12-04,111.87999725341797,112.94000244140625,111.47000122070312,112.94000244140625,10654
2013-12-05,110.9800033569336,112.19999694824219,110.79000091552734,111.66000366210938,6867
2013-12-06,111.61000061035156,112.05000305175781,111.04000091552734,111.2699966430664,3762
2013-12-09,109.38999938964844,111.69999694824219,109.0999984741211,111.66999816894531,4871
2013-12-10,109.37999725341797,110.44999694824219,108.55999755859375,109.47000122070312,5592
2013-12-11,109.69999694824219,109.86000061035156,108.62999725341797,109.43000030517578,6192
2013-12-12,108.66999816894531,109.91999816894531,108.44999694824219,109.76000213623047,5074
2013-12-13,108.83000183105469,108.93000030517578,108.05000305175781,108.66999816894531,2888
2013-12-16,110.47000122070312,110.69999694824219,109.3499984741211,109.3499984741211,29
2013-12-17,110.41000366210938,110.41000366210938,110.41000366210938,110.41000366210938,7394
2013-12-19,110.29000091552734,110.5199966430664,109.12000274658203,109.12999725341797,6496
2013-12-20,111.7699966430664,111.8499984741211,109.87999725341797,109.95999908447266,6214
2013-12-23,111.55999755859375,112.0,111.27999877929688,112.0,3285
2013-12-24,111.9000015258789,112.05999755859375,111.44000244140625,111.58999633789062,2113
2013-12-26,111.9800033569336,112.05999755859375,111.47000122070312,112.0199966430664,1241
2013-12-27,112.18000030517578,112.80000305175781,111.55000305175781,111.91999816894531,5381
2013-12-30,111.20999908447266,112.55000305175781,110.9000015258789,112.36000061035156,3396
2013-12-31,110.80000305175781,111.44999694824219,110.41999816894531,111.20999908447266,2383
2014-01-02,107.77999877929688,111.31999969482422,107.69000244140625,110.80000305175781,5131
2014-01-03,106.88999938964844,108.62000274658203,106.77999877929688,107.91999816894531,5641
2014-01-06,106.7300033569336,107.94999694824219,106.58000183105469,107.04000091552734,7015
2014-01-07,107.3499984741211,107.70999908447266,106.91000366210938,107.18000030517578,4075
2014-01-08,107.1500015258789,107.91999816894531,107.01000213623047,107.44999694824219,5124
2014-01-09,106.38999938964844,108.16000366210938,106.12000274658203,107.51000213623047,3715
2014-01-10,107.25,107.45999908447266,106.05000305175781,106.69999694824219,4589
2014-01-13,106.75,107.7699966430664,106.5199966430664,107.63999938964844,3669
2014-01-14,106.38999938964844,107.12999725341797,106.06999969482422,106.62999725341797,3983
2014-01-15,107.12999725341797,107.5199966430664,105.83000183105469,106.26000213623047,3169
2014-01-16,107.08999633789062,107.25,106.73999786376953,106.91999816894531,115
2014-01-17,107.05999755859375,107.05999755859375,107.05999755859375,107.05999755859375,7458
2014-01-22,108.2699966430664,108.31999969482422,106.98999786376953,106.98999786376953,5573
2014-01-23,107.58000183105469,108.25,107.38999938964844,108.05000305175781,6494
2014-01-24,107.87999725341797,108.0199966430664,106.25,107.68000030517578,7550
2014-01-27,106.69000244140625,107.80000305175781,106.45999908447266,107.70999908447266,5447
2014-01-28,107.41000366210938,107.77999877929688,106.8499984741211,106.91999816894531,5708
2014-01-29,107.8499984741211,108.01000213623047,106.94999694824219,107.38999938964844,5192
2014-01-30,107.94999694824219,108.4000015258789,107.66000366210938,107.97000122070312,5144
2014-01-31,106.4000015258789,107.93000030517578,106.30000305175781,107.87999725341797,6123
2014-02-03,106.04000091552734,106.70999908447266,105.3499984741211,106.06999969482422,6629
2014-02-04,105.77999877929688,106.22000122070312,105.54000091552734,106.04000091552734,3583
2014-02-05,106.25,106.43000030517578,105.58999633789062,105.9800033569336,4243
2014-02-06,107.19000244140625,107.44999694824219,106.2300033569336,106.30000305175781,4889
2014-02-07,109.56999969482422,109.72000122070312,106.83999633789062,107.31999969482422,6885
2014-02-10,108.62999725341797,109.68000030517578,108.5199966430664,109.6500015258789,5009
2014-02-11,108.68000030517578,109.2300033569336,108.4800033569336,108.68000030517578,4010
2014-02-12,108.79000091552734,109.48999786376953,108.55000305175781,108.83000183105469,3784
2014-02-13,108.7300033569336,108.7300033569336,108.19000244140625,108.2300033569336,467
2014-02-14,108.7300033569336,108.7300033569336,108.7300033569336,108.7300033569336,5560
2014-02-19,110.47000122070312,110.83000183105469,110.02999877929688,110.30999755859375,4749
2014-02-20,110.30000305175781,110.44999694824219,109.58999633789062,110.06999969482422,5272
2014-02-21,109.8499984741211,110.37999725341797,109.37000274658203,110.23999786376953,4938
2014-02-24,110.63999938964844,110.76000213623047,109.52999877929688,109.9000015258789,4272
2014-02-25,109.51000213623047,110.5199966430664,109.44999694824219,110.5,5613
2014-02-26,109.5199966430664,109.97000122070312,109.22000122070312,109.29000091552734,5701
2014-02-27,108.95999908447266,109.41999816894531,108.63999938964844,109.30000305175781,5476
2014-02-28,109.06999969482422,109.36000061035156,108.4000015258789,108.83999633789062,5667
2014-03-03,111.19999694824219,112.37999725341797,110.37000274658203,110.37000274658203,8433
2014-03-04,109.30000305175781,111.80000305175781,109.02999877929688,111.41999816894531,6049
2014-03-05,107.76000213623047,109.2699966430664,107.54000091552734,109.16000366210938,6452
2014-03-06,108.0999984741211,108.52999877929688,107.37999725341797,107.5999984741211,7905
2014-03-07,109.0,109.08000183105469,107.83000183105469,108.30000305175781,6678
2014-03-10,108.08000183105469,108.66999816894531,107.76000213623047,108.56999969482422,5500
2014-03-11,108.55000305175781,108.66999816894531,107.87000274658203,107.87000274658203,4841
2014-03-12,108.0199966430664,108.55000305175781,107.63999938964844,108.31999969482422,5810
2014-03-13,107.38999938964844,108.47000122070312,106.98999786376953,108.2300033569336,2507
2014-03-14,108.56999969482422,108.6500015258789,107.30000305175781,107.5999984741211,403
2014-03-17,108.54000091552734,108.54000091552734,108.54000091552734,108.54000091552734,6790
2014-03-18,106.79000091552734,106.83000183105469,105.86000061035156,106.38999938964844,7074
2014-03-19,105.8499984741211,106.80000305175781,105.72000122070312,106.58999633789062,8119
2014-03-20,106.44999694824219,106.73999786376953,105.44999694824219,105.80000305175781,7396
2014-03-21,106.91999816894531,107.76000213623047,106.08000183105469,106.23999786376953,4245
2014-03-24,106.80999755859375,107.4800033569336,106.44999694824219,106.76000213623047,5090
2014-03-25,106.98999786376953,107.47000122070312,106.61000061035156,106.69999694824219,4372
2014-03-26,107.02999877929688,107.31999969482422,106.48999786376953,107.16999816894531,4838
2014-03-27,107.83000183105469,107.97000122070312,106.77999877929688,107.0,4863
2014-03-28,108.06999969482422,108.37000274658203,107.69999694824219,107.69999694824219,2793
2014-03-31,107.76000213623047,108.33000183105469,107.05000305175781,107.86000061035156,4548
2014-04-01,105.62000274658203,107.7699966430664,105.11000061035156,107.69000244140625,5824
2014-04-02,104.79000091552734,105.77999877929688,103.97000122070312,105.43000030517578,6454
2014-04-03,106.1500015258789,106.30999755859375,104.48999786376953,104.6500015258789,5408
2014-04-04,106.72000122070312,107.02999877929688,106.12000274658203,106.19000244140625,4765
2014-04-07,105.81999969482422,106.61000061035156,105.12999725341797,106.5,5167
2014-04-08,107.66999816894531,107.83000183105469,105.77999877929688,106.0199966430664,6419
2014-04-09,107.9800033569336,108.12999725341797,107.1500015258789,107.66999816894531,5342
2014-04-10,107.45999908447266,107.8499984741211,107.27999877929688,107.69000244140625,3604
2014-04-11,107.33000183105469,107.87000274658203,106.98999786376953,107.30000305175781,3022
2014-04-14,109.06999969482422,109.12999725341797,107.29000091552734,107.5999984741211,4039
2014-04-15,108.73999786376953,108.93000030517578,108.41999816894531,108.66000366210938,502
2014-04-16,108.80000305175781,108.80000305175781,108.80000305175781,108.80000305175781,8875
2014-04-17,109.52999877929688,110.18000030517578,109.0999984741211,109.62999725341797,6094
2014-04-21,109.94999694824219,110.05000305175781,108.94000244140625,109.52999877929688,3084
2014-04-22,109.2699966430664,109.95999908447266,108.54000091552734,109.87999725341797,6487
2014-04-23,109.11000061035156,109.52999877929688,108.61000061035156,109.36000061035156,6163
2014-04-24,110.33000183105469,110.62999725341797,109.0999984741211,109.22000122070312,6422
2014-04-25,109.58000183105469,110.62000274658203,109.23999786376953,110.4000015258789,6164
2014-04-28,108.12000274658203,110.16000366210938,107.87999725341797,109.83000183105469,7098
2014-04-29,108.9800033569336,109.3499984741211,108.0999984741211,108.0999984741211,9236
2014-04-30,108.06999969482422,108.7300033569336,107.55000305175781,108.69999694824219,9600
2014-05-01,107.76000213623047,108.06999969482422,106.8499984741211,107.9800033569336,10420
2014-05-02,108.58999633789062,108.93000030517578,107.68000030517578,107.68000030517578,11576
2014-05-05,107.72000122070312,108.87999725341797,107.05000305175781,108.69000244140625,6335
2014-05-06,107.05999755859375,108.19999694824219,106.9800033569336,107.55999755859375,8554
2014-05-07,108.12999725341797,108.22000122070312,106.9800033569336,107.20999908447266,7544
2014-05-08,108.04000091552734,108.13999938964844,107.37999725341797,108.01000213623047,6115
2014-05-09,107.88999938964844,109.01000213623047,107.63999938964844,108.1500015258789,6891
2014-05-12,108.41000366210938,108.7300033569336,108.08999633789062,108.30000305175781,7471
2014-05-13,109.23999786376953,109.3499984741211,108.04000091552734,108.51000213623047,7626
2014-05-14,110.19000244140625,110.33000183105469,109.33999633789062,109.44000244140625,4654
2014-05-15,110.44000244140625,110.58999633789062,109.80000305175781,110.1500015258789,81
2014-05-16,110.41999816894531,110.41999816894531,110.41999816894531,110.41999816894531,6131
2014-05-19,109.37000274658203,110.30000305175781,109.31999969482422,109.80000305175781,7101
2014-05-20,109.69000244140625,110.0,109.0,109.20999908447266,10468
2014-05-21,110.55000305175781,110.7300033569336,109.70999908447266,109.75,7242
2014-05-22,110.36000061035156,111.02999877929688,110.20999908447266,110.45999908447266,6092
2014-05-23,110.54000091552734,110.69999694824219,110.2699966430664,110.37000274658203,5368
2014-05-27,110.0199966430664,110.75,109.72000122070312,110.16000366210938,10773
2014-05-28,109.80999755859375,110.36000061035156,109.44000244140625,110.19000244140625,8253
2014-05-29,109.97000122070312,110.44999694824219,109.7699966430664,109.98999786376953,7680
2014-05-30,109.41000366210938,110.0999984741211,109.20999908447266,110.01000213623047,8969
2014-06-02,108.83000183105469,109.9000015258789,108.62999725341797,109.62000274658203,7678
2014-06-03,108.81999969482422,108.9800033569336,108.37000274658203,108.93000030517578,5592
2014-06-04,108.4000015258789,109.44999694824219,108.29000091552734,108.9000015258789,9443
2014-06-05,108.79000091552734,108.93000030517578,107.7699966430664,108.08999633789062,8994
2014-06-06,108.61000061035156,109.29000091552734,108.47000122070312,108.8499984741211,7125
2014-06-09,109.98999786376953,110.16000366210938,108.5999984741211,108.5999984741211,11311
2014-06-10,109.5199966430664,110.30999755859375,109.11000061035156,109.95999908447266,9638
2014-06-11,109.94999694824219,110.25,109.5,109.5,6736
2014-06-12,113.0199966430664,113.22000122070312,110.13999938964844,110.16000366210938,6415
2014-06-13,113.41000366210938,114.4000015258789,112.94999694824219,114.4000015258789,315
2014-06-16,113.22000122070312,113.22000122070312,113.22000122070312,113.22000122070312,10542
2014-06-17,113.44999694824219,113.80000305175781,112.13999938964844,112.9000015258789,10642
2014-06-18,114.26000213623047,114.4800033569336,113.06999969482422,113.27999877929688,12588
2014-06-19,115.05999755859375,115.69000244140625,114.18000030517578,114.25,14027
2014-06-20,114.80999755859375,115.08000183105469,114.43000030517578,114.76000213623047,11644
2014-06-23,114.12000274658203,115.6500015258789,113.87000274658203,115.19999694824219,11582
2014-06-24,114.45999908447266,114.81999969482422,113.55999755859375,113.75,11656
2014-06-25,114.0,114.77999877929688,113.23999786376953,114.45999908447266,12861
2014-06-26,113.20999908447266,114.23999786376953,113.0199966430664,114.23999786376953,9100
2014-06-27,113.30000305175781,113.70999908447266,112.9000015258789,113.12999725341797,6922
2014-06-30,112.36000061035156,113.0999984741211,112.16000366210938,113.0999984741211,10245
2014-07-01,112.29000091552734,112.80000305175781,111.8499984741211,112.33000183105469,11049
2014-07-02,111.23999786376953,112.36000061035156,110.91999816894531,112.06999969482422,14223
2014-07-03,111.0,111.16000366210938,110.52999877929688,110.93000030517578,11415
2014-07-07,110.23999786376953,111.2699966430664,109.95999908447266,110.98999786376953,12446
2014-07-08,108.94000244140625,110.2300033569336,108.69999694824219,110.2300033569336,12267
2014-07-09,108.27999877929688,108.98999786376953,108.13999938964844,108.87000274658203,10415
2014-07-10,108.66999816894531,108.87999725341797,107.7699966430664,108.0999984741211,13514
2014-07-11,106.66000366210938,108.56999969482422,106.26000213623047,108.56999969482422,11904
2014-07-14,106.9800033569336,107.44999694824219,106.22000122070312,106.8499984741211,5303
2014-07-15,106.0199966430664,106.88999938964844,104.51000213623047,106.87999725341797,3894
2014-07-16,105.8499984741211,106.44000244140625,105.55000305175781,106.43000030517578,276
2014-07-17,105.95999908447266,105.95999908447266,105.95999908447266,105.95999908447266,11847
2014-07-18,107.23999786376953,108.63999938964844,106.9800033569336,108.41000366210938,10183
2014-07-21,107.68000030517578,107.8499984741211,106.81999969482422,107.12999725341797,9604
2014-07-22,107.33000183105469,108.37000274658203,107.05999755859375,107.68000030517578,8368
2014-07-23,108.02999877929688,108.19999694824219,107.02999877929688,107.0999984741211,12856
2014-07-24,107.06999969482422,108.08999633789062,106.83000183105469,108.08999633789062,8726
2014-07-25,108.38999938964844,108.44999694824219,106.73999786376953,107.13999938964844,12114
2014-07-28,107.56999969482422,108.08000183105469,107.0199966430664,108.06999969482422,10450
2014-07-29,107.72000122070312,108.02999877929688,107.1500015258789,107.58000183105469,11704
2014-07-30,106.51000213623047,107.8499984741211,105.86000061035156,107.48999786376953,15571
2014-07-31,106.0199966430664,106.58000183105469,105.44000244140625,105.93000030517578,14434
2014-08-01,104.83999633789062,106.11000061035156,104.4000015258789,105.70999908447266,14865
2014-08-04,105.41000366210938,105.66000366210938,104.52999877929688,104.73999786376953,15245
2014-08-05,104.61000061035156,105.62000274658203,104.08000183105469,105.58000183105469,13297
2014-08-06,104.58999633789062,105.44000244140625,104.54000091552734,104.7699966430664,11339
2014-08-07,105.44000244140625,105.88999938964844,104.18000030517578,104.6500015258789,14652
2014-08-08,105.0199966430664,106.81999969482422,104.66999816894531,106.0,11237
2014-08-11,104.68000030517578,105.41000366210938,104.5,104.88999938964844,6646
2014-08-12,103.0199966430664,104.52999877929688,102.6500015258789,104.52999877929688,7832
2014-08-13,104.27999877929688,104.33999633789062,102.38999938964844,102.91000366210938,6252
2014-08-14,102.01000213623047,104.12999725341797,102.0,103.73999786376953,301
2014-08-15,101.94999694824219,101.94999694824219,101.94999694824219,101.94999694824219,12437
2014-08-18,101.5999984741211,102.98999786376953,101.11000061035156,102.94000244140625,9002
2014-08-19,101.55999755859375,102.05999755859375,101.06999969482422,101.61000061035156,13304
2014-08-20,102.27999877929688,102.36000061035156,101.43000030517578,101.7300033569336,10201
2014-08-21,102.62999725341797,102.77999877929688,101.25,102.25,8468
2014-08-22,102.29000091552734,102.81999969482422,102.0,102.58000183105469,9353
2014-08-25,102.6500015258789,102.80000305175781,101.9000015258789,102.51000213623047,5087
2014-08-26,102.5,103.37000274658203,102.37000274658203,102.70999908447266,8337
2014-08-27,102.72000122070312,103.04000091552734,102.05999755859375,102.68000030517578,11601
2014-08-28,102.45999908447266,103.20999908447266,102.26000213623047,102.63999938964844,9089
2014-08-29,103.19000244140625,103.30999755859375,102.63999938964844,102.83000183105469,9570
2014-09-02,100.33999633789062,103.27999877929688,100.19000244140625,103.0999984741211,16273
2014-09-03,102.7699966430664,103.12999725341797,100.47000122070312,100.5,11649
2014-09-04,101.83000183105469,102.94999694824219,101.69000244140625,102.33999633789062,10584
2014-09-05,100.81999969482422,102.41000366210938,100.36000061035156,101.87000274658203,12409
2014-09-08,100.19999694824219,100.98999786376953,99.37000274658203,100.94999694824219,12077
2014-09-09,99.16000366210938,100.5999984741211,99.04000091552734,100.12999725341797,10783
2014-09-10,98.04000091552734,99.43000030517578,97.62000274658203,99.43000030517578,13104
2014-09-11,98.08000183105469,98.45999908447266,96.73999786376953,97.94000244140625,12548
2014-09-12,97.11000061035156,98.77999877929688,96.91000366210938,98.12999725341797,7632
2014-09-15,96.6500015258789,97.12999725341797,95.98999786376953,96.8499984741211,567
2014-09-16,96.62999725341797,96.62999725341797,96.62999725341797,96.62999725341797,16751
2014-09-17,98.97000122070312,99.54000091552734,98.5199966430664,98.95999908447266,14769
2014-09-18,97.69999694824219,99.13999938964844,97.44000244140625,98.58000183105469,15316
2014-09-19,98.38999938964844,98.4800033569336,97.19000244140625,97.54000091552734,12442
2014-09-22,96.97000122070312,98.19999694824219,96.38999938964844,98.19999694824219,12582
2014-09-23,96.8499984741211,97.56999969482422,96.55999755859375,96.87999725341797,13561
2014-09-24,96.94999694824219,97.2699966430664,95.62000274658203,96.83999633789062,15460
2014-09-25,97.0,97.55000305175781,96.23999786376953,96.87999725341797,14271
2014-09-26,97.0,97.5,96.47000122070312,97.04000091552734,11382
2014-09-29,97.19999694824219,97.33999633789062,96.27999877929688,97.0,14463
2014-09-30,94.66999816894531,97.79000091552734,94.26000213623047,97.05000305175781,19337
2014-10-01,94.16000366210938,96.22000122070312,93.81999969482422,94.55999755859375,19096
2014-10-02,93.41999816894531,94.3499984741211,91.62000274658203,94.3499984741211,23807
2014-10-03,92.30999755859375,93.95999908447266,91.4800033569336,93.58999633789062,19794
2014-10-06,92.79000091552734,93.19000244140625,91.25,91.94999694824219,14363
2014-10-07,92.11000061035156,92.93000030517578,91.41000366210938,92.9000015258789,14586
2014-10-08,91.37999725341797,91.81999969482422,90.58000183105469,91.81999969482422,17109
2014-10-09,90.05000305175781,91.83000183105469,88.47000122070312,91.5199966430664,23039
2014-10-10,90.20999908447266,90.45999908447266,88.05000305175781,89.01000213623047,21001
2014-10-13,88.88999938964844,89.69000244140625,87.93000030517578,89.69000244140625,10067
2014-10-14,85.04000091552734,88.69999694824219,84.54000091552734,88.11000061035156,16949
2014-10-15,83.77999877929688,85.61000061035156,83.0,85.58000183105469,15846
2014-10-16,84.47000122070312,84.80000305175781,82.69999694824219,82.81999969482422,233
2014-10-17,84.54000091552734,84.54000091552734,84.54000091552734,84.54000091552734,19641
2014-10-20,85.4000015258789,86.68000030517578,84.41000366210938,86.22000122070312,20345
2014-10-21,86.22000122070312,86.47000122070312,85.11000061035156,85.11000061035156,19391
2014-10-22,84.70999908447266,87.05000305175781,84.51000213623047,86.38999938964844,17458
2014-10-23,86.83000183105469,87.16000366210938,84.12999725341797,84.4000015258789,24796
2014-10-24,86.12999725341797,86.68000030517578,85.36000061035156,86.6500015258789,19344
2014-10-27,85.83000183105469,86.25,84.54000091552734,86.16999816894531,15291
2014-10-28,86.02999877929688,86.3499984741211,85.08999633789062,85.4800033569336,13937
2014-10-29,87.12000274658203,87.91999816894531,86.20999908447266,86.30000305175781,14546
2014-10-30,86.23999786376953,87.12000274658203,85.73999786376953,87.0,12493
2014-10-31,85.86000061035156,86.22000122070312,84.58999633789062,86.04000091552734,11967
2014-11-03,84.77999877929688,86.38999938964844,84.06999969482422,85.86000061035156,14973
2014-11-04,82.81999969482422,84.38999938964844,82.0999984741211,84.29000091552734,18879
2014-11-05,82.94999694824219,84.45999908447266,81.6500015258789,82.76000213623047,28238
2014-11-06,82.86000061035156,83.22000122070312,82.02999877929688,83.02999877929688,17660
2014-11-07,83.38999938964844,83.8499984741211,82.20999908447266,82.58999633789062,14848
2014-11-10,82.33999633789062,84.94999694824219,82.0,83.72000122070312,17349
2014-11-11,81.66999816894531,82.30999755859375,80.47000122070312,81.9800033569336,20813
2014-11-12,80.37999725341797,81.6500015258789,79.81999969482422,81.22000122070312,8560
2014-11-13,77.91999816894531,79.91000366210938,77.91999816894531,79.91000366210938,467
2014-11-14,77.73999786376953,77.73999786376953,77.73999786376953,77.73999786376953,15018
2014-11-17,79.30999755859375,79.44000244140625,77.94999694824219,79.20999908447266,12896
2014-11-18,78.47000122070312,79.93000030517578,78.19000244140625,78.94999694824219,15851
2014-11-19,78.0999984741211,79.44000244140625,77.7300033569336,77.8499984741211,21619
2014-11-20,79.33000183105469,79.9000015258789,77.58000183105469,78.20999908447266,16540
2014-11-21,80.36000061035156,81.55999755859375,79.12000274658203,80.0999984741211,19896
2014-11-24,79.68000030517578,80.79000091552734,79.41000366210938,80.41999816894531,11108
2014-11-25,78.33000183105469,80.44000244140625,78.01000213623047,79.47000122070312,16700
2014-11-26,77.75,78.86000061035156,77.33000183105469,78.11000061035156,13570
2014-11-28,70.1500015258789,77.38999938964844,69.83000183105469,77.02999877929688,20894
2014-12-01,72.54000091552734,73.01000213623047,67.58999633789062,70.19000244140625,25064
2014-12-02,70.54000091552734,73.01000213623047,70.41000366210938,72.66000366210938,16953
2014-12-03,69.91999816894531,71.44999694824219,69.4800033569336,71.12000274658203,22352
2014-12-04,69.63999938964844,70.61000061035156,68.83000183105469,70.25,17516
2014-12-05,69.06999969482422,69.87999725341797,68.11000061035156,69.38999938964844,19073
2014-12-08,66.19000244140625,68.44000244140625,65.94000244140625,68.38999938964844,14787
2014-12-09,66.83999633789062,67.0199966430664,65.3499984741211,66.05000305175781,14593
2014-12-10,64.23999786376953,66.30999755859375,63.56999969482422,66.30999755859375,17189
2014-12-11,63.68000030517578,65.0999984741211,63.13999938964844,64.7699966430664,17122
2014-12-12,61.849998474121094,63.54999923706055,61.36000061035156,63.150001525878906,16645
2014-12-15,61.060001373291016,63.22999954223633,60.349998474121094,60.72999954223633,13288
2014-12-16,59.86000061035156,60.959999084472656,58.59000015258789,60.75,732
2014-12-17,59.79999923706055,59.79999923706055,59.79999923706055,59.79999923706055,27234
2014-12-18,59.27000045776367,63.630001068115234,59.16999816894531,60.95000076293945,23123
2014-12-19,61.380001068115234,62.63999938964844,59.11000061035156,59.880001068115234,15698
2014-12-22,60.11000061035156,62.939998626708984,59.869998931884766,61.880001068115234,20497
2014-12-23,61.689998626708984,62.11000061035156,59.88999938964844,60.29999923706055,13242
2014-12-24,60.2400016784668,61.68000030517578,59.400001525878906,61.68000030517578,6504
2014-12-26,59.45000076293945,60.95000076293945,59.2400016784668,60.61000061035156,2778
2014-12-29,57.880001068115234,60.40999984741211,57.380001068115234,59.849998474121094,11672
2014-12-30,57.900001525878906,58.369998931884766,56.75,57.90999984741211,8111
2014-12-31,57.33000183105469,57.77000045776367,55.81999969482422,57.29999923706055,8412
2015-01-02,56.41999816894531,58.220001220703125,55.52000045776367,57.630001068115234,16707
2015-01-05,53.11000061035156,56.290000915527344,52.66999816894531,56.290000915527344,30065
2015-01-06,51.099998474121094,53.52000045776367,50.529998779296875,53.22999954223633,35494
2015-01-07,51.150001525878906,51.84000015258789,49.68000030517578,51.060001373291016,37082
2015-01-08,50.959999084472656,51.88999938964844,49.81999969482422,51.0,29469
2015-01-09,50.11000061035156,51.560001373291016,48.900001525878906,51.25,48123
2015-01-12,47.43000030517578,49.88999938964844,47.16999816894531,49.88999938964844,29297
2015-01-13,46.59000015258789,47.27000045776367,45.22999954223633,47.27000045776367,33516
2015-01-14,48.689998626708984,49.06999969482422,45.63999938964844,46.849998474121094,17863
2015-01-15,47.66999816894531,50.33000183105469,46.93000030517578,48.25,2088
2015-01-16,47.689998626708984,47.689998626708984,47.689998626708984,47.689998626708984,29134
2015-01-20,47.9900016784668,50.31999969482422,47.79999923706055,50.20000076293945,33926
2015-01-21,49.029998779296875,49.59000015258789,48.20000076293945,48.2599983215332,28618
2015-01-22,48.52000045776367,50.439998626708984,47.52000045776367,48.77000045776367,33790
2015-01-23,48.790000915527344,50.099998474121094,48.58000183105469,49.18000030517578,29460
2015-01-26,48.15999984741211,49.27000045776367,47.599998474121094,48.709999084472656,25814
2015-01-27,49.599998474121094,49.97999954223633,47.689998626708984,48.279998779296875,25318
2015-01-28,48.470001220703125,49.709999084472656,48.31999969482422,48.939998626708984,29379
2015-01-29,49.130001068115234,49.27000045776367,48.400001525878906,48.61000061035156,26641
2015-01-30,52.9900016784668,53.060001373291016,48.79999923706055,49.119998931884766,35139
2015-02-02,54.75,55.70000076293945,51.40999984741211,52.65999984741211,43658
2015-02-03,57.90999984741211,58.9900016784668,54.849998474121094,55.04999923706055,55610
2015-02-04,54.15999984741211,58.04999923706055,53.5,57.0,42937
2015-02-05,56.56999969482422,57.849998474121094,52.95000076293945,54.849998474121094,48325
2015-02-06,57.79999923706055,59.029998779296875,56.790000915527344,57.349998474121094,38508
2015-02-09,58.34000015258789,59.560001373291016,57.349998474121094,58.560001373291016,35734
2015-02-10,56.43000030517578,58.540000915527344,56.099998474121094,58.0099983215332,23490
2015-02-11,54.65999984741211,56.959999084472656,53.95000076293945,56.880001068115234,25029
2015-02-12,57.04999923706055,57.38999938964844,55.0,55.09000015258789,961
2015-02-13,57.38999938964844,57.38999938964844,57.38999938964844,57.38999938964844,36448
2015-02-17,62.529998779296875,63.029998779296875,60.279998779296875,61.779998779296875,40754
2015-02-18,60.529998779296875,62.38999938964844,59.2599983215332,62.20000076293945,24334
2015-02-19,60.209999084472656,60.970001220703125,57.79999923706055,59.2599983215332,39699
2015-02-20,60.220001220703125,61.130001068115234,59.88999938964844,60.099998474121094,33712
2015-02-23,58.900001525878906,60.63999938964844,58.380001068115234,60.099998474121094,42658
2015-02-24,58.65999984741211,60.310001373291016,58.119998931884766,59.09000015258789,37567
2015-02-25,61.630001068115234,62.130001068115234,58.40999984741211,58.70000076293945,34789
2015-02-26,60.04999923706055,62.630001068115234,59.650001525878906,62.470001220703125,31062
2015-02-27,62.58000183105469,62.810001373291016,60.70000076293945,60.79999923706055,30548
2015-03-02,59.540000915527344,62.400001525878906,59.36000061035156,62.25,36182
2015-03-03,61.02000045776367,61.810001373291016,59.869998931884766,60.0,35924
2015-03-04,60.54999923706055,60.90999984741211,59.4900016784668,60.709999084472656,29920
2015-03-05,60.47999954223633,61.54999923706055,60.08000183105469,60.47999954223633,29245
2015-03-06,59.72999954223633,61.20000076293945,59.18000030517578,61.029998779296875,22107
2015-03-09,58.529998779296875,60.029998779296875,58.400001525878906,59.72999954223633,21968
2015-03-10,56.38999938964844,58.72999954223633,56.130001068115234,58.400001525878906,24701
2015-03-11,57.540000915527344,57.91999816894531,55.93000030517578,56.209999084472656,23434
2015-03-12,57.08000183105469,58.790000915527344,56.52000045776367,57.939998626708984,16466
2015-03-13,54.66999816894531,57.2599983215332,54.439998626708984,57.2599983215332,11914
2015-03-16,53.439998626708984,54.619998931884766,52.58000183105469,54.27000045776367,510
2015-03-17,53.43000030517578,53.43000030517578,53.43000030517578,53.43000030517578,25633
2015-03-18,55.90999984741211,56.849998474121094,52.70000076293945,53.33000183105469,23370
2015-03-19,54.43000030517578,56.540000915527344,53.91999816894531,56.0,19163
2015-03-20,55.31999969482422,55.68000030517578,53.56999969482422,54.63999938964844,17597
2015-03-23,55.91999816894531,56.189998626708984,54.15999984741211,55.34000015258789,20185
2015-03-24,55.11000061035156,56.790000915527344,54.869998931884766,55.959999084472656,16166
2015-03-25,56.47999954223633,57.15999984741211,54.72999954223633,55.22999954223633,25158
2015-03-26,59.189998626708984,59.7400016784668,56.380001068115234,56.380001068115234,32679
2015-03-27,56.40999984741211,59.0099983215332,55.95000076293945,59.0,23801
2015-03-30,56.290000915527344,56.650001525878906,55.189998626708984,56.08000183105469,21505
2015-03-31,55.11000061035156,56.369998931884766,54.709999084472656,56.369998931884766,21606
2015-04-01,57.099998474121094,57.689998626708984,54.689998626708984,55.11000061035156,27858
2015-04-02,54.95000076293945,57.2400016784668,54.0,56.70000076293945,28427
2015-04-06,58.119998931884766,58.25,54.790000915527344,54.88999938964844,14071
2015-04-07,59.099998474121094,59.27000045776367,57.040000915527344,57.70000076293945,23259
2015-04-08,55.54999923706055,58.709999084472656,55.470001220703125,58.220001220703125,24755
2015-04-09,56.56999969482422,58.040000915527344,56.0099983215332,56.06999969482422,20538
2015-04-10,57.869998931884766,58.130001068115234,56.290000915527344,56.7400016784668,16883
2015-04-13,57.93000030517578,59.529998779296875,57.459999084472656,57.95000076293945,14746
2015-04-14,58.43000030517578,59.13999938964844,57.79999923706055,58.2400016784668,15993
2015-04-15,60.31999969482422,60.31999969482422,58.84000015258789,58.84000015258789,823
2015-04-16,60.400001525878906,60.400001525878906,60.400001525878906,60.400001525878906,26829
2015-04-17,63.45000076293945,64.48999786376953,62.93000030517578,63.93000030517578,18872
2015-04-20,63.45000076293945,64.33999633789062,62.099998474121094,63.900001525878906,18561
2015-04-21,62.08000183105469,63.470001220703125,61.65999984741211,63.36000061035156,16815
2015-04-22,62.72999954223633,63.310001373291016,61.40999984741211,61.91999816894531,19144
2015-04-23,64.8499984741211,65.58999633789062,62.209999084472656,62.81999969482422,32671
2015-04-24,65.27999877929688,65.7699966430664,64.5,64.87000274658203,20163
2015-04-27,64.83000183105469,65.56999969482422,64.41000366210938,65.48999786376953,17993
2015-04-28,64.63999938964844,65.4800033569336,63.90999984741211,64.58999633789062,18757
2015-04-29,65.83999633789062,66.70999908447266,64.16000366210938,64.48999786376953,23625
2015-04-30,66.77999877929688,66.94000244140625,65.44000244140625,65.54000091552734,26652
2015-05-01,66.45999908447266,66.87999725341797,65.52999877929688,66.6500015258789,19131
2015-05-04,66.44999694824219,67.08999633789062,65.95999908447266,66.43000030517578,15798
2015-05-05,67.5199966430664,68.38999938964844,66.23999786376953,66.41000366210938,33003
2015-05-06,67.7699966430664,69.5999984741211,67.37000274658203,67.66999816894531,34300
2015-05-07,65.54000091552734,68.45999908447266,65.18000030517578,67.30000305175781,23841
2015-05-08,65.38999938964844,66.0999984741211,64.25,65.6500015258789,37090
2015-05-11,64.91000366210938,65.69000244140625,64.29000091552734,65.30999755859375,20593
2015-05-12,66.86000061035156,67.2699966430664,64.68000030517578,64.69999694824219,24717
2015-05-13,66.80999755859375,68.1500015258789,66.38999938964844,67.19999694824219,13803
2015-05-14,66.58999633789062,67.20999908447266,66.05000305175781,66.2300033569336,447
2015-05-15,66.56999969482422,66.56999969482422,66.56999969482422,66.56999969482422,14466
2015-05-18,66.2699966430664,67.88999938964844,65.93000030517578,66.87000274658203,14256
2015-05-19,64.0199966430664,66.2699966430664,63.959999084472656,66.23999786376953,23142
2015-05-20,65.02999877929688,65.16999816894531,64.18000030517578,64.48999786376953,15742
2015-05-21,66.54000091552734,66.86000061035156,64.9800033569336,64.98999786376953,22573
2015-05-22,65.37000274658203,66.58999633789062,65.08999633789062,66.56999969482422,15935
2015-05-26,63.720001220703125,66.22000122070312,63.279998779296875,65.58000183105469,19097
2015-05-27,62.060001373291016,64.66000366210938,61.970001220703125,63.880001068115234,21550
2015-05-28,62.58000183105469,62.95000076293945,61.27000045776367,62.380001068115234,21318
2015-05-29,65.55999755859375,65.83000183105469,62.689998626708984,63.09000015258789,24899
2015-06-01,64.87999725341797,65.73999786376953,64.25,65.4000015258789,20587
2015-06-02,65.48999786376953,65.8499984741211,64.58000183105469,64.80999755859375,23176
2015-06-03,63.79999923706055,65.38999938964844,63.459999084472656,65.38999938964844,23281
2015-06-04,62.029998779296875,64.08000183105469,61.79999923706055,63.81999969482422,20041
2015-06-05,63.310001373291016,63.41999816894531,60.939998626708984,62.099998474121094,24912
2015-06-08,62.689998626708984,63.31999969482422,62.470001220703125,62.900001525878906,18851
2015-06-09,64.87999725341797,65.19999694824219,62.79999923706055,62.880001068115234,23651
2015-06-10,65.69999694824219,66.3499984741211,64.91999816894531,65.13999938964844,27640
2015-06-11,65.11000061035156,66.04000091552734,64.51000213623047,65.56999969482422,12496
2015-06-12,63.869998931884766,64.91999816894531,63.709999084472656,64.91000366210938,11735
2015-06-15,62.61000061035156,63.720001220703125,62.279998779296875,63.439998626708984,837
2015-06-16,62.630001068115234,62.630001068115234,62.630001068115234,62.630001068115234,22148
2015-06-17,63.869998931884766,65.45999908447266,62.58000183105469,63.66999816894531,30479
2015-06-18,64.26000213623047,64.94999694824219,63.45000076293945,63.790000915527344,18570
2015-06-19,63.02000045776367,64.54000091552734,62.349998474121094,64.06999969482422,19112
2015-06-22,63.34000015258789,63.72999954223633,62.099998474121094,62.810001373291016,22360
2015-06-23,64.44999694824219,64.94999694824219,62.7599983215332,63.33000183105469,25137
2015-06-24,63.4900016784668,65.05999755859375,63.02000045776367,64.68000030517578,25722
2015-06-25,63.20000076293945,63.93000030517578,62.72999954223633,63.560001373291016,19341
2015-06-26,63.2599983215332,63.619998931884766,62.47999954223633,63.279998779296875,19797
2015-06-29,62.0099983215332,62.959999084472656,61.36000061035156,62.650001525878906,28570
2015-06-30,63.59000015258789,63.81999969482422,61.720001220703125,61.97999954223633,28326
2015-07-01,62.0099983215332,63.349998474121094,61.84000015258789,63.06999969482422,34865
2015-07-02,62.06999969482422,63.189998626708984,61.7599983215332,62.08000183105469,28960
2015-07-06,56.540000915527344,60.34000015258789,56.38999938964844,60.34000015258789,44988
2015-07-07,56.849998474121094,57.83000183105469,55.099998474121094,57.02000045776367,48111
2015-07-08,57.04999923706055,57.75,55.880001068115234,57.47999954223633,43120
2015-07-09,58.61000061035156,59.25,56.939998626708984,57.25,45873
2015-07-10,58.72999954223633,59.68000030517578,57.869998931884766,58.27000045776367,27423
2015-07-13,57.849998474121094,58.83000183105469,56.849998474121094,58.2599983215332,31544
2015-07-14,58.5099983215332,58.7400016784668,56.43000030517578,57.63999938964844,25176
2015-07-15,57.04999923706055,58.7599983215332,56.939998626708984,58.70000076293945,9759
2015-07-16,57.5099983215332,58.34000015258789,57.189998626708984,57.380001068115234,935
2015-07-17,57.52000045776367,57.720001220703125,57.720001220703125,57.720001220703125,18931
2015-07-20,56.650001525878906,57.43000030517578,56.34000015258789,57.09000015258789,20026
2015-07-21,57.040000915527344,57.43000030517578,56.34000015258789,56.5099983215332,24714
2015-07-22,56.130001068115234,56.88999938964844,55.939998626708984,56.84000015258789,25241
2015-07-23,55.27000045776367,56.52000045776367,55.09000015258789,55.95000076293945,28668
2015-07-24,54.619998931884766,55.59000015258789,54.29999923706055,55.470001220703125,23004
2015-07-27,53.470001220703125,54.86000061035156,52.81999969482422,54.45000076293945,27516
2015-07-28,53.29999923706055,54.06999969482422,52.29999923706055,53.0,38323
2015-07-29,53.380001068115234,54.31999969482422,52.52000045776367,53.0099983215332,46631
2015-07-30,53.310001373291016,54.36000061035156,53.029998779296875,53.560001373291016,33368
2015-07-31,52.209999084472656,53.63999938964844,51.63999938964844,53.5,30224
2015-08-03,49.52000045776367,51.970001220703125,49.369998931884766,51.959999084472656,40476
2015-08-04,49.9900016784668,50.45000076293945,49.65999984741211,49.72999954223633,25495
2015-08-05,49.59000015258789,51.029998779296875,49.029998779296875,50.150001525878906,43403
2015-08-06,49.52000045776367,49.81999969482422,48.880001068115234,49.65999984741211,37183
2015-08-07,48.61000061035156,50.04999923706055,48.43000030517578,49.63999938964844,36781
2015-08-10,50.40999984741211,50.4900016784668,48.08000183105469,48.220001220703125,25425
2015-08-11,49.18000030517578,51.099998474121094,48.619998931884766,50.22999954223633,29670
2015-08-12,49.65999984741211,50.02000045776367,48.7599983215332,49.20000076293945,21347
2015-08-13,49.220001220703125,50.349998474121094,48.86000061035156,49.849998474121094,18543
2015-08-14,49.029998779296875,49.619998931884766,48.72999954223633,49.04999923706055,392
2015-08-17,49.029998779296875,49.029998779296875,49.029998779296875,49.029998779296875,17487
2015-08-18,48.810001373291016,49.029998779296875,48.2400016784668,48.5099983215332,16384
2015-08-19,47.15999984741211,49.099998474121094,46.790000915527344,48.709999084472656,25829
2015-08-20,46.619998931884766,47.369998931884766,46.040000915527344,47.04999923706055,21904
2015-08-21,45.459999084472656,46.5,45.08000183105469,46.119998931884766,29553
2015-08-24,42.689998626708984,45.45000076293945,42.220001220703125,45.349998474121094,38819
2015-08-25,43.209999084472656,44.4900016784668,42.66999816894531,42.790000915527344,37063
2015-08-26,43.13999938964844,43.7599983215332,42.81999969482422,43.439998626708984,37502
2015-08-27,47.560001373291016,47.72999954223633,43.709999084472656,43.709999084472656,41974
2015-08-28,50.04999923706055,50.97999954223633,46.619998931884766,47.4900016784668,46963
2015-08-31,54.150001525878906,54.290000915527344,48.2400016784668,49.86000061035156,42864
2015-09-01,49.560001373291016,53.459999084472656,48.47999954223633,52.779998779296875,47532
2015-09-02,50.5,51.0099983215332,47.72999954223633,48.5,49127
2015-09-03,50.68000030517578,52.45000076293945,49.83000183105469,50.400001525878906,38231
2015-09-04,49.61000061035156,51.040000915527344,49.2599983215332,50.88999938964844,23953
2015-09-08,49.52000045776367,49.849998474121094,47.619998931884766,49.220001220703125,34271
2015-09-09,47.58000183105469,50.029998779296875,47.439998626708984,49.380001068115234,22039
2015-09-10,48.88999938964844,48.970001220703125,46.81999969482422,47.52000045776367,23873
2015-09-11,48.13999938964844,48.959999084472656,47.18000030517578,48.65999984741211,14408
2015-09-14,46.369998931884766,48.31999969482422,46.290000915527344,48.150001525878906,13286
2015-09-15,46.630001068115234,46.880001068115234,46.15999984741211,46.25,313
2015-09-16,46.61000061035156,46.61000061035156,46.61000061035156,46.61000061035156,29740
2015-09-17,49.08000183105469,50.13999938964844,48.33000183105469,49.939998626708984,25780
2015-09-18,47.470001220703125,49.79999923706055,47.16999816894531,49.209999084472656,20464
2015-09-21,48.91999816894531,48.97999954223633,47.54999923706055,47.59000015258789,18265
2015-09-22,49.08000183105469,49.209999084472656,47.70000076293945,48.52000045776367,17143
2015-09-23,47.75,50.2599983215332,47.66999816894531,49.04999923706055,22344
2015-09-24,48.16999816894531,48.470001220703125,47.400001525878906,47.959999084472656,21355
2015-09-25,48.599998474121094,49.18000030517578,47.849998474121094,48.130001068115234,18510
2015-09-28,47.34000015258789,48.38999938964844,47.2599983215332,48.34000015258789,17889
2015-09-29,48.22999954223633,48.63999938964844,47.209999084472656,47.209999084472656,15186
2015-09-30,48.369998931884766,49.0,47.810001373291016,47.93000030517578,23384
2015-10-01,47.689998626708984,49.84000015258789,47.63999938964844,48.380001068115234,23765
2015-10-02,48.130001068115234,48.4900016784668,46.939998626708984,48.060001373291016,21721
2015-10-05,49.25,49.86000061035156,47.88999938964844,48.25,19936
2015-10-06,51.91999816894531,52.2599983215332,48.86000061035156,49.27000045776367,27925
2015-10-07,51.33000183105469,53.13999938964844,51.220001220703125,51.4900016784668,28754
2015-10-08,53.04999923706055,53.560001373291016,51.290000915527344,51.810001373291016,28101
2015-10-09,52.650001525878906,54.04999923706055,52.22999954223633,53.27000045776367,32991
2015-10-12,49.86000061035156,53.29999923706055,49.779998779296875,52.61000061035156,30617
2015-10-13,49.2400016784668,50.689998626708984,48.900001525878906,50.29999923706055,18780
2015-10-14,49.150001525878906,49.5,48.72999954223633,49.16999816894531,8412
2015-10-15,48.709999084472656,49.36000061035156,48.25,49.290000915527344,342
2015-10-16,48.72999954223633,48.72999954223633,48.72999954223633,48.72999954223633,21575
2015-10-19,48.61000061035156,50.63999938964844,48.58000183105469,50.560001373291016,18932
2015-10-20,48.709999084472656,49.189998626708984,48.220001220703125,48.9900016784668,25631
2015-10-21,47.849998474121094,48.65999984741211,47.529998779296875,48.4900016784668,20633
2015-10-22,48.08000183105469,48.72999954223633,47.63999938964844,48.02000045776367,18472
2015-10-23,47.9900016784668,48.63999938964844,47.439998626708984,48.2599983215332,22871
2015-10-26,47.540000915527344,48.310001373291016,47.29999923706055,47.90999984741211,15230
2015-10-27,46.810001373291016,47.540000915527344,46.40999984741211,47.52000045776367,19347
2015-10-28,49.04999923706055,49.22999954223633,46.61000061035156,46.88999938964844,32294
2015-10-29,48.79999923706055,49.400001525878906,48.16999816894531,49.130001068115234,23743
2015-10-30,49.560001373291016,50.0,48.29999923706055,48.540000915527344,22329
2015-11-02,48.790000915527344,49.68000030517578,48.599998474121094,49.459999084472656,19352
2015-11-03,50.540000915527344,50.91999816894531,48.47999954223633,48.88999938964844,31478
2015-11-04,48.58000183105469,50.86000061035156,48.5,50.38999938964844,35211
2015-11-05,47.97999954223633,49.0,47.939998626708984,48.939998626708984,26058
2015-11-06,47.41999816894531,48.56999969482422,47.2599983215332,48.09000015258789,24275
2015-11-09,47.189998626708984,48.400001525878906,47.02000045776367,47.4900016784668,19896
2015-11-10,47.439998626708984,47.849998474121094,46.95000076293945,47.38999938964844,24475
2015-11-11,45.810001373291016,47.7400016784668,45.630001068115234,47.119998931884766,23241
2015-11-12,44.060001373291016,46.18000030517578,44.02000045776367,45.86000061035156,13932
2015-11-13,43.61000061035156,44.84000015258789,43.599998474121094,44.040000915527344,687
2015-11-16,43.58000183105469,43.58000183105469,43.58000183105469,43.58000183105469,35040
2015-11-17,43.56999969482422,45.099998474121094,43.5,44.720001220703125,29198
2015-11-18,44.13999938964844,44.72999954223633,43.349998474121094,43.970001220703125,28751
2015-11-19,44.18000030517578,44.7599983215332,43.70000076293945,44.279998779296875,23334
2015-11-20,44.65999984741211,45.5,44.060001373291016,44.29999923706055,29144
2015-11-23,44.83000183105469,45.720001220703125,43.58000183105469,44.349998474121094,38534
2015-11-24,46.119998931884766,46.5,44.939998626708984,45.15999984741211,32819
2015-11-25,46.16999816894531,46.47999954223633,45.02000045776367,45.9900016784668,29899
2015-11-27,44.86000061035156,46.290000915527344,44.79999923706055,46.27000045776367,23430
2015-11-30,44.61000061035156,45.7400016784668,44.45000076293945,44.849998474121094,29255
2015-12-01,44.439998626708984,45.16999816894531,44.02000045776367,44.61000061035156,35190
2015-12-02,42.4900016784668,44.619998931884766,42.439998626708984,44.34000015258789,43813
2015-12-03,43.84000015258789,44.689998626708984,42.630001068115234,42.77000045776367,40848
2015-12-04,43.0,44.81999969482422,42.68000030517578,44.119998931884766,43809
2015-12-07,40.72999954223633,43.220001220703125,40.599998474121094,43.220001220703125,39060
2015-12-08,40.2599983215332,41.45000076293945,39.81999969482422,40.88999938964844,43430
2015-12-09,40.11000061035156,41.56999969482422,39.59000015258789,40.540000915527344,54288
2015-12-10,39.72999954223633,40.66999816894531,39.45000076293945,40.43000030517578,36499
2015-12-11,37.93000030517578,39.7400016784668,37.36000061035156,39.619998931884766,31092
2015-12-14,37.91999816894531,38.40999984741211,36.380001068115234,37.810001373291016,12552
2015-12-15,38.45000076293945,39.400001525878906,37.56999969482422,37.84000015258789,8075
2015-12-16,37.189998626708984,38.20000076293945,37.11000061035156,38.150001525878906,1118
2015-12-17,37.18000030517578,37.18000030517578,37.18000030517578,37.18000030517578,24297
2015-12-18,36.880001068115234,37.720001220703125,36.40999984741211,36.849998474121094,30194
2015-12-21,36.349998474121094,36.810001373291016,36.040000915527344,36.619998931884766,22041
2015-12-22,36.11000061035156,36.720001220703125,35.9900016784668,36.31999969482422,22874
2015-12-23,37.36000061035156,37.88999938964844,36.29999923706055,36.41999816894531,28728
2015-12-24,37.88999938964844,38.099998474121094,36.93000030517578,37.72999954223633,12069
2015-12-28,36.619998931884766,37.970001220703125,36.41999816894531,37.81999969482422,11717
2015-12-29,37.790000915527344,37.970001220703125,36.54999923706055,36.54999923706055,19524
2015-12-30,36.459999084472656,37.540000915527344,36.36000061035156,37.40999984741211,18092
2015-12-31,37.279998779296875,37.95000076293945,36.11000061035156,36.66999816894531,17689
2016-01-04,37.220001220703125,38.9900016784668,36.779998779296875,37.400001525878906,41288
2016-01-05,36.41999816894531,37.56999969482422,36.25,37.31999969482422,29327
2016-01-06,34.22999954223633,36.720001220703125,34.13999938964844,36.720001220703125,43019
2016-01-07,33.75,34.72999954223633,32.18000030517578,34.52000045776367,44381
2016-01-08,33.54999923706055,34.72999954223633,32.790000915527344,33.79999923706055,39985
2016-01-11,31.549999237060547,33.380001068115234,31.200000762939453,33.15999984741211,38666
2016-01-12,30.860000610351562,32.380001068115234,30.360000610351562,30.8799991607666,20138
2016-01-13,30.309999465942383,31.989999771118164,29.959999084472656,31.690000534057617,9674
2016-01-14,31.030000686645508,31.200000762939453,30.020000457763672,30.5,663
2016-01-15,31.010000228881836,31.010000228881836,31.010000228881836,31.010000228881836,37163
2016-01-19,28.760000228881836,30.31999969482422,27.670000076293945,28.799999237060547,60326
2016-01-20,27.8799991607666,28.969999313354492,27.110000610351562,28.940000534057617,39000
2016-01-21,29.25,29.829999923706055,27.299999237060547,27.950000762939453,55017
2016-01-22,32.18000030517578,32.290000915527344,29.299999237060547,29.68000030517578,63281
2016-01-25,30.5,32.79999923706055,30.0,32.18000030517578,41320
2016-01-26,31.799999237060547,32.720001220703125,29.280000686645508,30.0,50983
2016-01-27,33.099998474121094,33.5,30.84000015258789,31.030000686645508,51381
2016-01-28,33.88999938964844,35.83000183105469,32.58000183105469,32.90999984741211,59667
2016-01-29,34.7400016784668,35.0,33.61000061035156,34.16999816894531,678
2016-02-01,34.689998626708984,34.689998626708984,34.689998626708984,34.689998626708984,36878
2016-02-02,32.720001220703125,34.31999969482422,32.2400016784668,34.2400016784668,37956
2016-02-03,35.040000915527344,35.47999954223633,32.310001373291016,32.560001373291016,51237
2016-02-04,34.459999084472656,35.81999969482422,34.15999984741211,35.25,37559
2016-02-05,34.060001373291016,35.130001068115234,33.810001373291016,34.439998626708984,34903
2016-02-08,32.880001068115234,34.66999816894531,32.779998779296875,33.95000076293945,27425
2016-02-09,30.31999969482422,33.54999923706055,30.280000686645508,33.08000183105469,28881
2016-02-10,30.84000015258789,31.899999618530273,30.360000610351562,30.889999389648438,30705
2016-02-11,30.059999465942383,31.350000381469727,29.940000534057617,30.889999389648438,35929
2016-02-12,33.36000061035156,33.43000030517578,30.8700008392334,31.149999618530273,44770
2016-02-16,32.18000030517578,35.529998779296875,31.940000534057617,32.72999954223633,48407
2016-02-17,34.5,34.959999084472656,31.84000015258789,32.369998931884766,40298
2016-02-18,34.279998779296875,35.72999954223633,33.79999923706055,34.90999984741211,33585
2016-02-19,33.0099983215332,34.439998626708984,32.68000030517578,34.040000915527344,32381
2016-02-22,34.689998626708984,34.970001220703125,32.81999969482422,33.119998931884766,28302
2016-02-23,33.27000045776367,35.11000061035156,32.93000030517578,34.540000915527344,41038
2016-02-24,34.40999984741211,34.65999984741211,32.369998931884766,32.9900016784668,48659
2016-02-25,35.290000915527344,35.72999954223633,33.29999923706055,34.43000030517578,25470
2016-02-26,35.099998474121094,36.9900016784668,34.849998474121094,35.09000015258789,16272
2016-02-29,35.970001220703125,36.209999084472656,34.88999938964844,35.13999938964844,2779
2016-03-01,35.959999084472656,35.959999084472656,35.959999084472656,35.959999084472656,28210
2016-03-02,36.93000030517578,37.380001068115234,36.11000061035156,36.560001373291016,32186
2016-03-03,37.06999969482422,37.36000061035156,36.36000061035156,37.029998779296875,25866
2016-03-04,38.720001220703125,38.97999954223633,36.83000183105469,36.959999084472656,32203
2016-03-07,40.84000015258789,41.040000915527344,38.880001068115234,38.9900016784668,33230
2016-03-08,39.650001525878906,41.47999954223633,39.310001373291016,40.84000015258789,35047
2016-03-09,41.06999969482422,41.2400016784668,39.41999816894531,39.52000045776367,29231
2016-03-10,40.04999923706055,41.0,39.650001525878906,40.84000015258789,28194
2016-03-11,40.38999938964844,41.0099983215332,40.029998779296875,40.25,22689
2016-03-14,39.529998779296875,40.54999923706055,38.81999969482422,40.2599983215332,31277
2016-03-15,38.7400016784668,39.77000045776367,38.31999969482422,39.7400016784668,24741
2016-03-16,40.33000183105469,40.41999816894531,38.849998474121094,38.9900016784668,31153
2016-03-17,41.540000915527344,41.59000015258789,40.20000076293945,40.20000076293945,32670
2016-03-18,41.20000076293945,42.540000915527344,40.84000015258789,41.380001068115234,36422
2016-03-21,41.540000915527344,41.869998931884766,40.4900016784668,41.20000076293945,24893
2016-03-22,41.790000915527344,42.119998931884766,40.97999954223633,41.5099983215332,31640
2016-03-23,40.470001220703125,41.810001373291016,40.400001525878906,41.56999969482422,30553
2016-03-24,40.439998626708984,40.63999938964844,39.220001220703125,40.33000183105469,24268
2016-03-28,40.27000045776367,41.0,39.65999984741211,40.5,10405
2016-03-29,39.13999938964844,40.22999954223633,38.77000045776367,40.209999084472656,18903
2016-03-30,39.2599983215332,40.59000015258789,39.130001068115234,39.400001525878906,10641
2016-03-31,39.599998474121094,40.02000045776367,38.81999969482422,39.11000061035156,399
2016-04-01,39.65999984741211,39.65999984741211,39.65999984741211,39.65999984741211,20407
2016-04-04,37.689998626708984,38.90999984741211,37.5099983215332,38.66999816894531,24270
2016-04-05,37.869998931884766,38.38999938964844,37.279998779296875,37.439998626708984,26655
2016-04-06,39.84000015258789,39.93000030517578,38.20000076293945,38.400001525878906,33370
2016-04-07,39.43000030517578,40.279998779296875,38.709999084472656,39.93000030517578,34351
2016-04-08,41.939998626708984,42.0,39.619998931884766,39.72999954223633,32319
2016-04-11,42.83000183105469,43.060001373291016,41.43000030517578,42.06999969482422,26930
2016-04-12,44.689998626708984,44.79999923706055,42.43000030517578,42.599998474121094,39987
2016-04-13,44.18000030517578,44.93000030517578,43.77000045776367,44.209999084472656,37539
2016-04-14,43.84000015258789,44.599998474121094,43.29999923706055,44.0099983215332,25907
2016-04-15,43.099998474121094,44.060001373291016,42.290000915527344,43.81999969482422,30288
2016-04-18,42.90999984741211,43.40999984741211,40.06999969482422,41.75,39238
2016-04-19,44.029998779296875,44.5099983215332,42.599998474121094,43.119998931884766,43258
2016-04-20,45.79999923706055,45.88999938964844,42.83000183105469,43.939998626708984,32343
2016-04-21,44.529998779296875,46.16999816894531,44.459999084472656,45.40999984741211,35228
2016-04-22,45.11000061035156,45.88999938964844,44.29999923706055,44.65999984741211,35201
2016-04-25,44.47999954223633,45.59000015258789,44.27000045776367,45.130001068115234,31478
2016-04-26,45.7400016784668,46.47999954223633,44.380001068115234,44.77000045776367,28109
2016-04-27,47.18000030517578,47.439998626708984,45.63999938964844,46.2599983215332,17458
2016-04-28,48.13999938964844,48.18000030517578,46.75,47.0099983215332,10505
2016-04-29,48.130001068115234,48.4900016784668,47.47999954223633,47.77000045776367,520
2016-05-02,48.099998474121094,48.099998474121094,48.099998474121094,48.099998474121094,0
2016-05-03,46.75,46.75,46.75,46.75,23630
2016-05-04,44.619998931884766,46.0,44.20000076293945,45.22999954223633,28903
2016-05-05,45.0099983215332,46.77000045776367,44.65999984741211,45.0,24432
2016-05-06,45.369998931884766,46.11000061035156,44.18000030517578,45.16999816894531,24512
2016-05-09,43.630001068115234,46.459999084472656,43.4900016784668,45.869998931884766,36293
2016-05-10,45.52000045776367,45.689998626708984,43.34000015258789,43.560001373291016,32801
2016-05-11,47.599998474121094,47.75,44.83000183105469,45.529998779296875,40873
2016-05-12,48.08000183105469,48.18000030517578,46.79999923706055,47.279998779296875,36256
2016-05-13,47.83000183105469,48.099998474121094,47.2599983215332,47.81999969482422,24243
2016-05-16,48.970001220703125,49.470001220703125,47.79999923706055,47.79999923706055,34770
2016-05-17,49.279998779296875,49.630001068115234,48.56999969482422,49.11000061035156,32460
2016-05-18,48.93000030517578,49.84000015258789,48.459999084472656,49.43000030517578,33480
2016-05-19,48.810001373291016,48.869998931884766,47.38999938964844,48.560001373291016,33279
2016-05-20,48.720001220703125,49.34000015258789,48.040000915527344,48.70000076293945,26839
2016-05-23,48.349998474121094,48.810001373291016,47.599998474121094,48.7599983215332,25366
2016-05-24,48.61000061035156,49.25,47.81999969482422,48.36000061035156,27698
2016-05-25,49.7400016784668,49.93000030517578,48.900001525878906,49.150001525878906,26667
2016-05-26,49.59000015258789,50.5,49.2400016784668,49.79999923706055,24441
2016-05-27,49.31999969482422,49.540000915527344,48.689998626708984,49.459999084472656,13383
2016-05-31,49.689998626708984,50.04999923706055,48.93000030517578,49.54999923706055,3997
2016-06-01,49.709999084472656,49.709999084472656,49.689998626708984,49.689998626708984,25507
2016-06-02,50.040000915527344,50.29999923706055,48.849998474121094,49.7400016784668,28156
2016-06-03,49.63999938964844,50.33000183105469,49.290000915527344,49.95000076293945,22460
2016-06-06,50.54999923706055,50.81999969482422,49.720001220703125,49.81999969482422,22446
2016-06-07,51.439998626708984,51.540000915527344,50.310001373291016,50.45000076293945,21088
2016-06-08,52.5099983215332,52.79999923706055,51.31999969482422,51.400001525878906,22382
2016-06-09,51.95000076293945,52.849998474121094,51.529998779296875,52.65999984741211,19759
2016-06-10,50.540000915527344,52.08000183105469,50.34000015258789,51.91999816894531,19899
2016-06-13,50.349998474121094,50.779998779296875,49.61000061035156,50.36000061035156,18914
2016-06-14,49.83000183105469,50.04999923706055,49.189998626708984,50.0099983215332,20904
2016-06-15,48.970001220703125,49.79999923706055,48.38999938964844,49.310001373291016,33399
2016-06-16,47.189998626708984,48.77000045776367,46.959999084472656,48.58000183105469,26672
2016-06-17,49.16999816894531,49.38999938964844,46.939998626708984,47.02000045776367,22172
2016-06-20,50.650001525878906,50.68000030517578,49.2599983215332,49.47999954223633,21739
2016-06-21,50.619998931884766,51.099998474121094,49.47999954223633,50.459999084472656,29249
2016-06-22,49.880001068115234,51.22999954223633,49.189998626708984,50.970001220703125,34368
2016-06-23,50.90999984741211,51.0,49.88999938964844,49.93000030517578,31356
2016-06-24,48.40999984741211,51.22999954223633,47.540000915527344,51.209999084472656,52110
2016-06-27,47.15999984741211,48.90999984741211,46.689998626708984,48.40999984741211,34439
2016-06-28,48.58000183105469,48.7599983215332,47.470001220703125,47.54999923706055,22475
2016-06-29,50.61000061035156,50.720001220703125,48.63999938964844,48.91999816894531,13050
2016-06-30,49.68000030517578,50.29999923706055,49.5,50.0099983215332,1313
2016-07-01,49.84000015258789,49.84000015258789,49.84000015258789,49.84000015258789,21731
2016-07-05,47.959999084472656,50.72999954223633,47.560001373291016,50.70000076293945,37154
2016-07-06,48.79999923706055,49.29999923706055,47.16999816894531,48.11000061035156,33332
2016-07-07,46.400001525878906,49.599998474121094,46.150001525878906,49.150001525878906,37267
2016-07-08,46.7599983215332,47.22999954223633,46.150001525878906,46.599998474121094,24682
2016-07-11,46.25,47.11000061035156,45.90999984741211,46.529998779296875,20339
2016-07-12,48.470001220703125,48.560001373291016,46.119998931884766,46.20000076293945,32157
2016-07-13,46.2599983215332,48.20000076293945,46.09000015258789,48.040000915527344,29323
2016-07-14,47.369998931884766,47.470001220703125,46.349998474121094,46.599998474121094,27528
2016-07-15,47.61000061035156,48.08000183105469,46.65999984741211,47.15999984741211,24450
2016-07-18,46.959999084472656,47.869998931884766,46.5,47.77000045776367,22151
2016-07-19,46.65999984741211,47.47999954223633,46.54999923706055,47.029998779296875,20962
2016-07-20,47.16999816894531,47.5,45.900001525878906,46.720001220703125,30188
2016-07-21,46.20000076293945,47.54999923706055,46.040000915527344,47.15999984741211,22328
2016-07-22,45.689998626708984,46.4900016784668,45.18000030517578,46.08000183105469,25423
2016-07-25,44.720001220703125,45.86000061035156,44.560001373291016,45.7400016784668,19167
2016-07-26,44.869998931884766,44.97999954223633,44.150001525878906,44.790000915527344,26793
2016-07-27,43.470001220703125,44.90999984741211,43.310001373291016,44.54999923706055,27266
2016-07-28,42.70000076293945,43.75,42.58000183105469,43.619998931884766,10527
2016-07-29,42.459999084472656,42.79999923706055,41.81999969482422,42.540000915527344,428
2016-08-01,42.45000076293945,42.45000076293945,42.45000076293945,42.45000076293945,21767
2016-08-02,41.79999923706055,43.16999816894531,41.5099983215332,42.279998779296875,23088
2016-08-03,43.099998474121094,43.439998626708984,41.5,41.939998626708984,30000
2016-08-04,44.290000915527344,44.33000183105469,42.5099983215332,43.369998931884766,25204
2016-08-05,44.27000045776367,44.4900016784668,43.5,44.189998626708984,24997
2016-08-08,45.38999938964844,45.709999084472656,44.2400016784668,44.38999938964844,19192
2016-08-09,44.97999954223633,45.7599983215332,44.75,45.15999984741211,18269
2016-08-10,44.04999923706055,45.66999816894531,43.81999969482422,45.0,24646
2016-08-11,46.040000915527344,46.310001373291016,43.459999084472656,43.849998474121094,29698
2016-08-12,46.970001220703125,47.25,45.7599983215332,46.16999816894531,23652
2016-08-15,48.349998474121094,48.529998779296875,46.84000015258789,47.150001525878906,21340
2016-08-16,49.22999954223633,49.349998474121094,47.90999984741211,48.209999084472656,27839
2016-08-17,49.849998474121094,49.9900016784668,48.54999923706055,48.97999954223633,39930
2016-08-18,50.88999938964844,51.04999923706055,49.5099983215332,49.720001220703125,28379
2016-08-19,50.880001068115234,51.220001220703125,50.33000183105469,50.880001068115234,25452
2016-08-22,49.15999984741211,50.7400016784668,49.099998474121094,50.7400016784668,27608
2016-08-23,49.959999084472656,50.20000076293945,48.4900016784668,49.22999954223633,36665
2016-08-24,49.04999923706055,49.86000061035156,48.68000030517578,49.459999084472656,41304
2016-08-25,49.66999816894531,49.779998779296875,48.70000076293945,49.029998779296875,31721
2016-08-26,49.91999816894531,50.75,49.13999938964844,49.65999984741211,27534
2016-08-29,49.2599983215332,49.619998931884766,48.97999954223633,49.619998931884766,6703
2016-08-30,48.369998931884766,49.7599983215332,48.2599983215332,49.29999923706055,10607
2016-08-31,47.040000915527344,48.400001525878906,46.970001220703125,48.02000045776367,668
2016-09-01,47.04999923706055,47.04999923706055,47.04999923706055,47.04999923706055,23846
2016-09-02,46.83000183105469,47.0099983215332,45.41999816894531,45.77000045776367,22597
2016-09-06,47.2599983215332,49.369998931884766,46.29999923706055,46.650001525878906,37751
2016-09-07,47.97999954223633,48.540000915527344,46.970001220703125,47.130001068115234,17745
2016-09-08,49.9900016784668,50.13999938964844,48.209999084472656,48.560001373291016,30011
2016-09-09,48.0099983215332,49.68000030517578,47.77000045776367,49.619998931884766,18847
2016-09-12,48.31999969482422,48.619998931884766,46.90999984741211,47.779998779296875,18373
2016-09-13,47.099998474121094,48.209999084472656,46.9900016784668,48.130001068115234,21761
2016-09-14,45.849998474121094,47.470001220703125,45.709999084472656,47.220001220703125,28376
2016-09-15,46.59000015258789,47.0,45.689998626708984,46.150001525878906,28412
2016-09-16,45.77000045776367,46.400001525878906,45.47999954223633,46.18000030517578,19165
2016-09-19,45.95000076293945,46.91999816894531,45.86000061035156,45.88999938964844,19674
2016-09-20,45.880001068115234,46.290000915527344,45.09000015258789,45.7400016784668,28150
2016-09-21,46.83000183105469,47.150001525878906,46.25,46.25,25248
2016-09-22,47.650001525878906,47.84000015258789,47.040000915527344,47.119998931884766,32336
2016-09-23,45.88999938964844,48.25,45.66999816894531,47.41999816894531,39822
2016-09-26,47.349998474121094,47.65999984741211,45.7400016784668,46.08000183105469,21045
2016-09-27,45.970001220703125,47.279998779296875,45.63999938964844,47.09000015258789,34389
2016-09-28,48.689998626708984,48.939998626708984,45.720001220703125,46.29999923706055,27630
2016-09-29,49.2400016784668,49.79999923706055,48.029998779296875,48.959999084472656,9721
2016-09-30,49.060001373291016,49.279998779296875,48.18000030517578,48.970001220703125,387
2016-10-03,49.099998474121094,49.099998474121094,49.099998474121094,49.099998474121094,27245
2016-10-04,50.869998931884766,51.349998474121094,50.349998474121094,50.5,24858
2016-10-05,51.86000061035156,52.09000015258789,51.22999954223633,51.380001068115234,26124
2016-10-06,52.5099983215332,52.720001220703125,51.34000015258789,51.68000030517578,25994
2016-10-07,51.93000030517578,52.84000015258789,51.34000015258789,52.66999816894531,26575
2016-10-11,52.40999984741211,53.310001373291016,52.119998931884766,52.9900016784668,33630
2016-10-12,51.810001373291016,52.849998474121094,51.61000061035156,52.619998931884766,24471
2016-10-13,52.029998779296875,52.150001525878906,50.939998626708984,51.720001220703125,25642
2016-10-14,51.95000076293945,52.560001373291016,51.5,52.099998474121094,22127
2016-10-17,51.52000045776367,52.279998779296875,51.16999816894531,51.959999084472656,26730
2016-10-18,51.68000030517578,52.119998931884766,51.27000045776367,51.689998626708984,28432
2016-10-19,52.66999816894531,53.13999938964844,52.099998474121094,52.130001068115234,31624
2016-10-20,51.380001068115234,52.68000030517578,51.18000030517578,52.630001068115234,29822
2016-10-21,51.779998779296875,51.93000030517578,51.130001068115234,51.439998626708984,31385
2016-10-24,51.459999084472656,52.0,50.5,51.959999084472656,39723
2016-10-25,50.790000915527344,51.83000183105469,50.220001220703125,51.349998474121094,34420
2016-10-26,49.97999954223633,50.689998626708984,49.65999984741211,50.25,50026
2016-10-27,50.470001220703125,50.900001525878906,49.869998931884766,49.9900016784668,21189
2016-10-28,49.709999084472656,50.56999969482422,49.34000015258789,50.310001373291016,15283
2016-10-31,48.29999923706055,49.689998626708984,47.9900016784668,49.45000076293945,1765
2016-11-01,48.33000183105469,48.33000183105469,48.33000183105469,48.33000183105469,56065
2016-11-02,46.86000061035156,48.06999969482422,46.47999954223633,47.97999954223633,47015
2016-11-03,46.349998474121094,47.5099983215332,46.0,46.959999084472656,33590
2016-11-04,45.58000183105469,46.540000915527344,45.08000183105469,46.380001068115234,54210
2016-11-07,46.150001525878906,46.380001068115234,45.380001068115234,46.06999969482422,30522
2016-11-08,46.040000915527344,46.68000030517578,45.61000061035156,46.2400016784668,33500
2016-11-09,46.36000061035156,46.95000076293945,44.38999938964844,45.95000076293945,53512
2016-11-10,45.84000015258789,46.90999984741211,45.54999923706055,46.599998474121094,35421
2016-11-14,44.43000030517578,44.97999954223633,43.58000183105469,44.68000030517578,37427
2016-11-15,46.95000076293945,47.2599983215332,44.68000030517578,44.72999954223633,43809
2016-11-16,46.630001068115234,47.560001373291016,46.27000045776367,47.0,43917
2016-11-17,46.4900016784668,47.61000061035156,46.02000045776367,46.439998626708984,39989
2016-11-18,46.86000061035156,46.97999954223633,45.7599983215332,46.09000015258789,39532
2016-11-21,48.900001525878906,49.150001525878906,47.0,47.0099983215332,42541
2016-11-22,49.119998931884766,49.970001220703125,48.13999938964844,49.099998474121094,62072
2016-11-23,48.95000076293945,49.5,48.56999969482422,49.130001068115234,46018
2016-11-25,47.2400016784668,49.20000076293945,47.0099983215332,49.0,27459
2016-11-28,48.2400016784668,48.810001373291016,46.15999984741211,46.7599983215332,25170
2016-11-29,46.380001068115234,48.099998474121094,45.91999816894531,48.09000015258789,15550
2016-11-30,50.470001220703125,50.470001220703125,46.75,46.7599983215332,1083
2016-12-01,50.459999084472656,50.459999084472656,50.459999084472656,50.459999084472656,71317
2016-12-02,54.459999084472656,54.5,52.86000061035156,53.869998931884766,39305
2016-12-05,54.939998626708984,55.33000183105469,53.810001373291016,54.22999954223633,33656
2016-12-06,53.93000030517578,54.93000030517578,53.52000045776367,54.209999084472656,34688
2016-12-07,53.0,54.209999084472656,52.91999816894531,53.959999084472656,34297
2016-12-08,53.88999938964844,54.04999923706055,52.83000183105469,53.04999923706055,44044
2016-12-09,54.33000183105469,54.439998626708984,53.77000045776367,53.95000076293945,30445
2016-12-12,55.689998626708984,57.4900016784668,54.75,54.75,45732
2016-12-13,55.720001220703125,56.43000030517578,55.150001525878906,55.369998931884766,38210
2016-12-14,53.900001525878906,55.79999923706055,53.61000061035156,55.22999954223633,39813
2016-12-15,54.02000045776367,54.5,53.150001525878906,53.720001220703125,34744
2016-12-16,55.209999084472656,55.380001068115234,53.709999084472656,54.220001220703125,31303
2016-12-19,54.91999816894531,55.790000915527344,54.689998626708984,55.4900016784668,30608
2016-12-20,55.349998474121094,55.90999984741211,54.75,55.119998931884766,37241
2016-12-21,54.459999084472656,55.86000061035156,54.31999969482422,55.599998474121094,31242
2016-12-22,55.04999923706055,55.22999954223633,54.04999923706055,54.59000015258789,30938
2016-12-23,55.15999984741211,55.34000015258789,54.27000045776367,54.880001068115234,15503
2016-12-27,56.09000015258789,56.2599983215332,55.04999923706055,55.47999954223633,8294
2016-12-28,56.220001220703125,56.560001373291016,55.88999938964844,56.08000183105469,10677
2016-12-29,56.13999938964844,56.63999938964844,55.970001220703125,55.970001220703125,595
2016-12-30,56.130001068115234,56.130001068115234,56.130001068115234,56.130001068115234,13775
2017-01-03,55.470001220703125,58.369998931884766,55.290000915527344,57.04999923706055,42688
2017-01-04,56.459999084472656,56.529998779296875,55.34000015258789,55.689998626708984,27804
2017-01-05,56.88999938964844,57.34000015258789,56.0099983215332,56.540000915527344,32833
2017-01-06,57.099998474121094,57.459999084472656,56.29999923706055,56.880001068115234,24948
2017-01-09,54.939998626708984,56.9900016784668,54.7400016784668,56.86000061035156,25860
2017-01-10,53.63999938964844,55.34000015258789,53.56999969482422,54.84000015258789,33801
2017-01-11,55.099998474121094,55.66999816894531,53.65999984741211,53.70000076293945,45944
2017-01-12,56.0099983215332,56.43000030517578,55.029998779296875,55.22999954223633,36424
2017-01-13,55.45000076293945,56.20000076293945,55.310001373291016,56.060001373291016,25417
2017-01-17,55.470001220703125,56.970001220703125,55.20000076293945,55.650001525878906,44899
2017-01-18,53.91999816894531,55.88999938964844,53.779998779296875,55.470001220703125,40148
2017-01-19,54.15999984741211,54.75,53.900001525878906,54.310001373291016,33327
2017-01-20,55.4900016784668,55.790000915527344,54.189998626708984,54.279998779296875,29231
2017-01-23,55.22999954223633,55.7400016784668,54.650001525878906,55.470001220703125,33859
2017-01-24,55.439998626708984,55.849998474121094,55.04999923706055,55.38999938964844,32411
2017-01-25,55.08000183105469,55.63999938964844,54.7599983215332,55.2400016784668,34247
2017-01-26,56.2400016784668,56.54999923706055,55.209999084472656,55.369998931884766,45145
2017-01-27,55.52000045776367,56.5,54.849998474121094,56.11000061035156,20964
2017-01-30,55.22999954223633,55.63999938964844,54.970001220703125,55.400001525878906,9982
2017-01-31,55.70000076293945,55.939998626708984,54.939998626708984,55.220001220703125,578
2017-02-01,55.65999984741211,55.65999984741211,55.65999984741211,55.65999984741211,34772
2017-02-02,56.560001373291016,57.43000030517578,56.34000015258789,56.529998779296875,31371
2017-02-03,56.810001373291016,57.290000915527344,56.38999938964844,56.83000183105469,26703
2017-02-06,55.720001220703125,57.11000061035156,55.650001525878906,56.79999923706055,26706
2017-02-07,55.04999923706055,55.97999954223633,54.63999938964844,55.93000030517578,32659
2017-02-08,55.119998931884766,55.66999816894531,54.209999084472656,54.54999923706055,44864
2017-02-09,55.630001068115234,55.91999816894531,55.20000076293945,55.2599983215332,29628
2017-02-10,56.70000076293945,56.869998931884766,55.58000183105469,55.689998626708984,30763
2017-02-13,55.59000015258789,56.79999923706055,55.43000030517578,56.77000045776367,25049
2017-02-14,55.970001220703125,56.45000076293945,55.54999923706055,55.709999084472656,25975
2017-02-15,55.75,56.25,55.54999923706055,55.84000015258789,26608
2017-02-16,55.650001525878906,56.22999954223633,55.130001068115234,55.66999816894531,32712
2017-02-17,55.810001373291016,55.869998931884766,55.11000061035156,55.66999816894531,27599
2017-02-21,56.65999984741211,57.29999923706055,55.709999084472656,55.90999984741211,57648
2017-02-22,55.84000015258789,56.9900016784668,55.58000183105469,56.689998626708984,36358
2017-02-23,56.58000183105469,57.349998474121094,56.150001525878906,56.189998626708984,36155
2017-02-24,55.9900016784668,56.650001525878906,55.75,56.5099983215332,18720
2017-02-27,55.93000030517578,56.7599983215332,55.90999984741211,56.040000915527344,10972
2017-02-28,55.59000015258789,56.06999969482422,55.27000045776367,55.97999954223633,685
2017-03-01,55.599998474121094,55.599998474121094,55.599998474121094,55.599998474121094,25932
2017-03-02,55.08000183105469,56.439998626708984,55.0099983215332,56.310001373291016,34925
2017-03-03,55.900001525878906,55.939998626708984,55.09000015258789,55.18000030517578,24688
2017-03-06,56.0099983215332,56.2400016784668,55.31999969482422,55.79999923706055,25402
2017-03-07,55.91999816894531,56.63999938964844,55.54999923706055,55.9900016784668,28162
2017-03-08,53.11000061035156,55.7599983215332,52.939998626708984,55.61000061035156,43000
2017-03-09,52.189998626708984,53.849998474121094,51.47999954223633,53.130001068115234,61215
2017-03-10,51.369998931884766,53.0099983215332,51.150001525878906,52.439998626708984,41261
2017-03-13,51.349998474121094,51.689998626708984,50.84000015258789,51.369998931884766,28880
2017-03-14,50.91999816894531,51.83000183105469,50.25,51.400001525878906,49660
2017-03-15,51.810001373291016,52.040000915527344,51.36000061035156,51.790000915527344,36290
2017-03-16,51.7400016784668,52.59000015258789,51.5,52.09000015258789,28932
2017-03-17,51.7599983215332,52.16999816894531,51.529998779296875,51.720001220703125,20151
2017-03-20,51.619998931884766,51.93000030517578,51.0099983215332,51.75,25177
2017-03-21,50.959999084472656,52.209999084472656,50.72999954223633,51.65999984741211,30377
2017-03-22,50.63999938964844,50.970001220703125,49.63999938964844,50.869998931884766,39102
2017-03-23,50.560001373291016,51.09000015258789,50.2599983215332,50.7599983215332,35569
2017-03-24,50.79999923706055,51.04999923706055,50.400001525878906,50.599998474121094,27105
2017-03-27,50.75,51.099998474121094,50.029998779296875,51.02000045776367,27398
2017-03-28,51.33000183105469,51.869998931884766,50.790000915527344,50.86000061035156,27375
2017-03-29,52.41999816894531,52.459999084472656,51.34000015258789,51.34000015258789,17105
2017-03-30,52.959999084472656,53.09000015258789,52.029998779296875,52.400001525878906,14493
2017-03-31,52.83000183105469,53.31999969482422,52.400001525878906,52.650001525878906,31997
2017-04-03,53.119998931884766,53.720001220703125,53.040000915527344,53.63999938964844,18746
2017-04-04,54.16999816894531,54.36000061035156,52.75,53.13999938964844,27204
2017-04-05,54.36000061035156,55.08000183105469,53.97999954223633,54.27000045776367,33157
2017-04-06,54.88999938964844,54.9900016784668,54.02000045776367,54.150001525878906,21011
2017-04-07,55.2400016784668,56.06999969482422,54.56999969482422,54.75,34387
2017-04-10,55.97999954223633,56.04999923706055,55.2400016784668,55.2400016784668,29224
2017-04-11,56.22999954223633,56.279998779296875,55.459999084472656,56.04999923706055,32054
2017-04-12,55.86000061035156,56.630001068115234,55.5099983215332,56.279998779296875,33978
2017-04-13,55.88999938964844,56.060001373291016,55.58000183105469,55.66999816894531,27171
2017-04-17,55.36000061035156,55.970001220703125,55.29999923706055,55.849998474121094,18101
2017-04-18,54.88999938964844,55.4900016784668,54.619998931884766,55.47999954223633,38436
2017-04-19,52.93000030517578,55.220001220703125,52.59000015258789,54.7400016784668,43655
2017-04-20,52.9900016784668,53.540000915527344,52.689998626708984,53.060001373291016,48381
2017-04-21,51.959999084472656,53.279998779296875,51.56999969482422,53.029998779296875,36665
2017-04-24,51.599998474121094,52.58000183105469,51.43000030517578,52.04999923706055,27284
2017-04-25,52.099998474121094,52.380001068115234,51.310001373291016,51.650001525878906,31348
2017-04-26,51.81999969482422,52.439998626708984,51.400001525878906,51.86000061035156,24549
2017-04-27,51.439998626708984,51.75,50.43000030517578,51.470001220703125,20588
2017-04-28,51.72999954223633,52.099998474121094,51.40999984741211,51.43000030517578,33680
2017-05-01,51.52000045776367,51.97999954223633,51.220001220703125,51.849998474121094,12936
2017-05-02,50.459999084472656,52.13999938964844,50.15999984741211,51.38999938964844,38556
2017-05-03,50.790000915527344,51.119998931884766,50.209999084472656,51.04999923706055,34131
2017-05-04,48.380001068115234,50.720001220703125,48.18000030517578,50.619998931884766,52061
2017-05-05,49.099998474121094,49.619998931884766,46.650001525878906,48.38999938964844,54485
2017-05-08,49.34000015258789,49.880001068115234,48.4900016784668,49.290000915527344,35179
2017-05-09,48.72999954223633,49.709999084472656,48.40999984741211,49.439998626708984,33410
2017-05-10,50.220001220703125,50.619998931884766,48.849998474121094,48.9900016784668,37961
2017-05-11,50.77000045776367,51.150001525878906,50.2400016784668,50.279998779296875,31243
2017-05-12,50.84000015258789,51.08000183105469,50.34000015258789,50.77000045776367,29339
2017-05-15,51.81999969482422,52.619998931884766,50.650001525878906,50.84000015258789,31972
2017-05-16,51.650001525878906,52.349998474121094,51.189998626708984,51.86000061035156,29359
2017-05-17,52.209999084472656,52.599998474121094,51.04999923706055,51.2400016784668,32800
2017-05-18,52.5099983215332,52.7400016784668,51.11000061035156,52.099998474121094,41239
2017-05-19,53.61000061035156,53.790000915527344,52.529998779296875,52.529998779296875,34681
2017-05-22,53.869998931884766,54.369998931884766,53.650001525878906,53.869998931884766,41324
2017-05-23,54.150001525878906,54.470001220703125,53.209999084472656,53.849998474121094,39671
2017-05-24,53.959999084472656,54.619998931884766,53.66999816894531,54.20000076293945,52627
2017-05-25,51.459999084472656,54.65999984741211,51.029998779296875,53.90999984741211,72089
2017-05-26,52.150001525878906,52.2599983215332,50.709999084472656,51.369998931884766,28004
2017-05-30,51.84000015258789,52.599998474121094,51.20000076293945,52.29999923706055,18705
2017-05-31,50.310001373291016,51.75,49.83000183105469,51.66999816894531,545
2017-06-01,50.33000183105469,50.33000183105469,50.33000183105469,50.33000183105469,43640
2017-06-02,49.95000076293945,50.5099983215332,48.959999084472656,50.400001525878906,44207
2017-06-05,49.470001220703125,50.72999954223633,49.04999923706055,49.959999084472656,38387
2017-06-06,50.119998931884766,50.29999923706055,48.9900016784668,49.47999954223633,41397
2017-06-07,48.060001373291016,50.130001068115234,47.970001220703125,49.9900016784668,50234
2017-06-08,47.86000061035156,48.58000183105469,47.560001373291016,48.22999954223633,40901
2017-06-09,48.150001525878906,48.540000915527344,47.439998626708984,47.90999984741211,29536
2017-06-12,48.290000915527344,49.119998931884766,48.0099983215332,48.18000030517578,28229
2017-06-13,48.720001220703125,48.810001373291016,47.880001068115234,48.27000045776367,26775
2017-06-14,47.0,48.68000030517578,46.77000045776367,48.18000030517578,44939
2017-06-15,46.91999816894531,47.189998626708984,46.70000076293945,46.9900016784668,26749
2017-06-16,47.369998931884766,47.599998474121094,46.81999969482422,46.84000015258789,19728
2017-06-19,46.90999984741211,47.75,46.77000045776367,47.29999923706055,19703
2017-06-20,46.02000045776367,47.220001220703125,45.43000030517578,46.900001525878906,30670
2017-06-21,44.81999969482422,46.61000061035156,44.36000061035156,45.84000015258789,40210
2017-06-22,45.220001220703125,45.779998779296875,44.54999923706055,44.84000015258789,28351
2017-06-23,45.540000915527344,45.7400016784668,45.040000915527344,45.290000915527344,27319
2017-06-26,45.83000183105469,46.220001220703125,45.040000915527344,45.689998626708984,22998
2017-06-27,46.650001525878906,47.040000915527344,45.81999969482422,45.959999084472656,29887
2017-06-28,47.310001373291016,47.470001220703125,46.189998626708984,46.25,13352
2017-06-29,47.41999816894531,48.0,47.189998626708984,47.439998626708984,9980
2017-06-30,47.91999816894531,48.20000076293945,47.47999954223633,47.47999954223633,23479
2017-07-03,49.68000030517578,49.70000076293945,48.540000915527344,48.88999938964844,17462
2017-07-05,47.790000915527344,49.88999938964844,47.279998779296875,49.599998474121094,40863
2017-07-06,48.11000061035156,49.16999816894531,47.779998779296875,48.29999923706055,25556
2017-07-07,46.709999084472656,47.9900016784668,46.279998779296875,47.97999954223633,28644
2017-07-10,46.880001068115234,47.369998931884766,46.119998931884766,46.900001525878906,21447
2017-07-11,47.52000045776367,48.16999816894531,46.29999923706055,47.02000045776367,22689
2017-07-12,47.7400016784668,48.75,47.349998474121094,48.209999084472656,31345
2017-07-13,48.41999816894531,48.529998779296875,47.18000030517578,47.650001525878906,22846
2017-07-14,48.90999984741211,49.08000183105469,48.15999984741211,48.400001525878906,22014
2017-07-17,48.41999816894531,49.25,48.310001373291016,49.060001373291016,17905
2017-07-18,48.84000015258789,49.400001525878906,48.2400016784668,48.40999984741211,20301
2017-07-19,49.70000076293945,49.79999923706055,48.599998474121094,48.70000076293945,20340
2017-07-20,49.29999923706055,50.18000030517578,49.189998626708984,49.599998474121094,26566
2017-07-21,48.060001373291016,49.63999938964844,47.810001373291016,49.27000045776367,27053
2017-07-24,48.599998474121094,48.7599983215332,47.68000030517578,47.88999938964844,25408
2017-07-25,50.20000076293945,50.900001525878906,48.650001525878906,48.7400016784668,27529
2017-07-26,50.970001220703125,51.029998779296875,50.08000183105469,50.7599983215332,26137
2017-07-27,51.4900016784668,51.63999938964844,50.5099983215332,50.869998931884766,21851
2017-07-28,52.52000045776367,52.66999816894531,51.310001373291016,51.58000183105469,12631
2017-07-31,52.650001525878906,52.849998474121094,52.25,52.7599983215332,844
2017-08-01,52.630001068115234,52.630001068115234,52.630001068115234,52.630001068115234,33859
2017-08-02,52.36000061035156,52.41999816894531,51.189998626708984,51.56999969482422,34625
2017-08-03,52.0099983215332,52.869998931884766,51.790000915527344,52.290000915527344,34779
2017-08-04,52.41999816894531,52.52000045776367,51.439998626708984,51.90999984741211,26969
2017-08-07,52.369998931884766,52.560001373291016,51.369998931884766,52.380001068115234,29496
2017-08-08,52.13999938964844,52.72999954223633,51.81999969482422,52.2400016784668,24795
2017-08-09,52.70000076293945,52.81999969482422,51.83000183105469,51.83000183105469,26143
2017-08-10,51.900001525878906,53.630001068115234,51.68000030517578,52.779998779296875,52899
2017-08-11,52.099998474121094,52.27000045776367,51.310001373291016,51.91999816894531,25318
2017-08-14,50.72999954223633,52.38999938964844,50.58000183105469,52.0099983215332,29797
2017-08-15,50.79999923706055,51.099998474121094,50.029998779296875,50.650001525878906,35111
2017-08-16,50.27000045776367,51.349998474121094,50.150001525878906,50.959999084472656,33911
2017-08-17,51.029998779296875,51.11000061035156,49.9900016784668,50.380001068115234,43863
2017-08-18,52.720001220703125,52.95000076293945,50.779998779296875,50.86000061035156,41235
2017-08-21,51.65999984741211,52.900001525878906,51.290000915527344,52.900001525878906,33088
2017-08-22,51.869998931884766,52.27000045776367,51.400001525878906,51.68000030517578,36291
2017-08-23,52.56999969482422,52.619998931884766,51.45000076293945,51.630001068115234,31540
2017-08-24,52.040000915527344,52.709999084472656,51.61000061035156,52.54999923706055,38326
2017-08-25,52.40999984741211,52.790000915527344,51.91999816894531,52.20000076293945,32957
2017-08-28,51.88999938964844,53.15999984741211,51.52000045776367,52.66999816894531,23706
2017-08-29,52.0,52.150001525878906,51.369998931884766,52.150001525878906,20366
2017-08-30,50.86000061035156,52.02000045776367,50.630001068115234,51.880001068115234,20366
2017-08-31,52.380001068115234,52.380001068115234,50.130001068115234,50.5099983215332,9938
2017-09-01,52.31999969482422,52.31999969482422,52.31999969482422,52.31999969482422,43495
2017-09-05,53.380001068115234,53.650001525878906,51.97999954223633,52.79999923706055,24873
2017-09-06,54.20000076293945,54.29999923706055,53.09000015258789,53.18000030517578,30783
2017-09-07,54.4900016784668,54.66999816894531,53.88999938964844,54.08000183105469,34793
2017-09-08,53.779998779296875,54.86000061035156,53.560001373291016,54.540000915527344,28912
2017-09-11,53.84000015258789,54.11000061035156,53.040000915527344,53.75,30263
2017-09-12,54.27000045776367,54.439998626708984,53.43000030517578,53.86000061035156,22720
2017-09-13,55.15999984741211,55.20000076293945,54.029998779296875,54.2599983215332,24868
2017-09-14,55.470001220703125,56.0,54.93000030517578,55.06999969482422,27549
2017-09-15,55.619998931884766,55.849998474121094,54.869998931884766,55.27000045776367,22004
2017-09-18,55.47999954223633,55.939998626708984,54.81999969482422,55.529998779296875,23767
2017-09-19,55.13999938964844,55.880001068115234,54.88999938964844,55.45000076293945,19337
2017-09-20,56.290000915527344,56.47999954223633,55.279998779296875,55.40999984741211,27031
2017-09-21,56.43000030517578,56.529998779296875,55.779998779296875,56.18000030517578,23549
2017-09-22,56.86000061035156,56.900001525878906,56.22999954223633,56.5,18348
2017-09-25,59.02000045776367,59.220001220703125,56.70000076293945,56.88999938964844,23811
2017-09-26,58.439998626708984,59.4900016784668,57.779998779296875,59.20000076293945,28328
2017-09-27,57.900001525878906,58.86000061035156,57.56999969482422,58.599998474121094,15305
2017-09-28,57.40999984741211,58.619998931884766,56.849998474121094,57.66999816894531,7005
2017-09-29,57.540000915527344,57.7599983215332,57.209999084472656,57.529998779296875,27369
2017-10-02,56.119998931884766,56.75,55.5099983215332,56.619998931884766,19371
2017-10-03,56.0,56.38999938964844,55.689998626708984,56.08000183105469,21948
2017-10-04,55.79999923706055,56.189998626708984,55.38999938964844,55.70000076293945,25898
2017-10-05,57.0,57.2400016784668,55.70000076293945,55.77000045776367,32050
2017-10-06,55.619998931884766,57.27000045776367,55.13999938964844,56.97999954223633,33642
2017-10-09,55.790000915527344,55.97999954223633,55.060001373291016,55.4900016784668,23056
2017-10-10,56.61000061035156,56.90999984741211,55.689998626708984,55.70000076293945,21094
2017-10-11,56.939998626708984,57.09000015258789,56.15999984741211,56.540000915527344,21840
2017-10-12,56.25,56.81999969482422,55.880001068115234,56.65999984741211,22286
2017-10-13,57.16999816894531,57.560001373291016,56.380001068115234,56.470001220703125,23433
2017-10-16,57.81999969482422,58.470001220703125,57.119998931884766,57.119998931884766,22799
2017-10-17,57.880001068115234,58.349998474121094,57.18000030517578,57.84000015258789,31599
2017-10-18,58.150001525878906,58.540000915527344,57.75,58.06999969482422,25606
2017-10-19,57.22999954223633,58.279998779296875,57.040000915527344,58.20000076293945,29999
2017-10-20,57.75,57.900001525878906,56.599998474121094,57.290000915527344,28185
2017-10-23,57.369998931884766,58.029998779296875,57.279998779296875,57.970001220703125,25947
2017-10-24,58.33000183105469,58.47999954223633,57.029998779296875,57.36000061035156,32802
2017-10-25,58.439998626708984,58.72999954223633,57.86000061035156,58.459999084472656,26265
2017-10-26,59.29999923706055,59.54999923706055,58.040000915527344,58.47999954223633,26572
2017-10-27,60.439998626708984,60.65999984741211,58.81999969482422,59.4900016784668,15873
2017-10-30,60.900001525878906,61.0,60.15999984741211,60.650001525878906,14987
2017-10-31,61.369998931884766,61.380001068115234,60.54999923706055,60.869998931884766,1113
2017-11-01,61.290000915527344,61.290000915527344,61.290000915527344,61.290000915527344,30560
2017-11-02,60.619998931884766,60.81999969482422,60.040000915527344,60.439998626708984,27721
2017-11-03,62.06999969482422,62.220001220703125,60.599998474121094,60.72999954223633,25695
2017-11-06,64.2699966430664,64.44000244140625,62.130001068115234,62.130001068115234,32269
2017-11-07,63.689998626708984,64.63999938964844,63.4900016784668,64.08999633789062,34317
2017-11-08,63.4900016784668,64.63999938964844,62.95000076293945,63.630001068115234,41527
2017-11-09,63.93000030517578,64.23999786376953,63.27000045776367,63.5,24929
2017-11-10,63.52000045776367,64.2699966430664,63.349998474121094,63.83000183105469,24446
2017-11-13,63.15999984741211,63.72999954223633,62.619998931884766,63.619998931884766,29816
2017-11-14,62.209999084472656,63.209999084472656,61.209999084472656,63.15999984741211,46259
2017-11-15,61.869998931884766,62.119998931884766,61.310001373291016,61.5,27356
2017-11-16,61.36000061035156,62.150001525878906,61.25,61.869998931884766,28684
2017-11-17,62.720001220703125,62.900001525878906,61.09000015258789,61.45000076293945,30936
2017-11-20,62.220001220703125,62.79999923706055,61.439998626708984,62.720001220703125,23428
2017-11-21,62.56999969482422,62.84000015258789,62.040000915527344,62.130001068115234,30389
2017-11-22,63.31999969482422,63.40999984741211,62.630001068115234,62.709999084472656,29926
2017-11-24,63.86000061035156,63.95000076293945,62.88999938964844,63.22999954223633,21047
2017-11-27,63.84000015258789,63.97999954223633,63.099998474121094,63.849998474121094,22019
2017-11-28,63.61000061035156,63.900001525878906,63.11000061035156,63.709999084472656,15235
2017-11-29,63.11000061035156,64.04000091552734,62.54999923706055,63.34000015258789,10166
2017-11-30,63.56999969482422,64.19999694824219,63.20000076293945,63.34000015258789,2034
2017-12-01,63.4900016784668,63.4900016784668,63.4900016784668,63.4900016784668,28073
2017-12-04,62.45000076293945,63.63999938964844,62.31999969482422,63.4900016784668,27437
2017-12-05,62.86000061035156,63.130001068115234,62.13999938964844,62.38999938964844,21380
2017-12-06,61.220001220703125,62.91999816894531,61.13999938964844,62.77000045776367,25263
2017-12-07,62.20000076293945,62.25,61.15999984741211,61.2400016784668,19281
2017-12-08,63.400001525878906,63.630001068115234,61.939998626708984,61.939998626708984,28508
2017-12-11,64.69000244140625,64.91999816894531,62.9900016784668,63.34000015258789,44515
2017-12-12,63.34000015258789,65.81999969482422,63.09000015258789,64.73999786376953,55976
2017-12-13,62.439998626708984,64.30999755859375,62.36000061035156,63.900001525878906,34080
2017-12-14,63.310001373291016,63.5,62.02000045776367,62.84000015258789,29866
2017-12-15,63.22999954223633,63.66999816894531,63.08000183105469,63.41999816894531,21478
2017-12-18,63.40999984741211,63.90999984741211,63.0,63.31999969482422,20560
2017-12-19,63.79999923706055,63.90999984741211,63.29999923706055,63.439998626708984,22157
2017-12-20,64.55999755859375,64.5999984741211,63.68000030517578,63.849998474121094,26006
2017-12-21,64.9000015258789,64.91999816894531,64.19000244140625,64.4800033569336,17911
2017-12-22,65.25,65.27999877929688,64.38999938964844,64.5999984741211,14337
2017-12-26,67.0199966430664,67.08000183105469,65.01000213623047,65.06999969482422,9850
2017-12-27,66.44000244140625,66.94000244140625,66.05000305175781,66.72000122070312,11890
2017-12-28,66.72000122070312,66.77999877929688,66.29000091552734,66.41999816894531,2057
2017-12-29,66.5999984741211,66.5999984741211,66.5999984741211,66.5999984741211,12234
2018-01-02,66.56999969482422,67.27999877929688,66.2300033569336,66.41999816894531,24294
2018-01-03,67.83999633789062,68.01000213623047,66.4000015258789,66.48999786376953,25878
2018-01-04,68.06999969482422,68.26000213623047,67.52999877929688,68.0,22840
2018-01-05,67.62000274658203,68.08999633789062,67.2699966430664,68.05999755859375,18290
2018-01-08,67.77999877929688,67.9800033569336,67.44999694824219,67.81999969482422,17704
2018-01-09,68.81999969482422,69.19999694824219,67.69000244140625,67.93000030517578,25548
2018-01-10,69.19999694824219,69.36000061035156,68.75,69.16999816894531,21538
2018-01-11,69.26000213623047,70.02999877929688,69.0,69.08000183105469,33268
2018-01-12,69.87000274658203,69.91999816894531,68.61000061035156,69.12999725341797,23032
2018-01-16,69.1500015258789,70.37000274658203,68.83999633789062,69.91000366210938,33284
2018-01-17,69.37999725341797,69.58999633789062,68.54000091552734,69.38999938964844,20500
2018-01-18,69.30999755859375,69.66000366210938,68.80000305175781,69.43000030517578,20117
2018-01-19,68.61000061035156,69.1500015258789,68.2699966430664,69.13999938964844,22077
2018-01-22,69.02999877929688,69.51000213623047,68.38999938964844,68.77999877929688,23250
2018-01-23,69.95999908447266,70.23999786376953,69.12000274658203,69.25,23749
2018-01-24,70.52999877929688,70.91000366210938,69.54000091552734,69.87999725341797,23732
2018-01-25,70.41999816894531,71.26000213623047,69.97000122070312,70.70999908447266,24111
2018-01-26,70.5199966430664,70.83000183105469,69.83999633789062,70.0999984741211,30361
2018-01-29,69.45999908447266,70.63999938964844,69.08000183105469,70.5199966430664,17623
2018-01-30,69.0199966430664,69.5199966430664,68.41999816894531,69.5199966430664,12571
2018-01-31,69.05000305175781,69.06999969482422,68.30000305175781,68.37999725341797,1494
2018-02-01,69.08000183105469,69.08000183105469,69.08000183105469,69.08000183105469,29317
2018-02-02,68.58000183105469,70.01000213623047,67.95999908447266,69.75,27547
2018-02-05,67.62000274658203,68.45999908447266,67.0,68.19999694824219,32399
2018-02-06,66.86000061035156,67.58999633789062,66.55000305175781,66.98999786376953,32169
2018-02-07,65.51000213623047,67.72000122070312,65.16000366210938,67.2300033569336,56412
2018-02-08,64.80999755859375,65.58999633789062,64.11000061035156,65.44000244140625,37936
2018-02-09,62.790000915527344,64.62999725341797,61.77000045776367,64.37999725341797,34853
2018-02-12,62.59000015258789,64.41000366210938,62.560001373291016,62.63999938964844,33192
2018-02-13,62.720001220703125,63.099998474121094,61.7599983215332,62.7400016784668,38693
2018-02-14,64.36000061035156,64.55999755859375,61.959999084472656,62.470001220703125,40865
2018-02-15,64.33000183105469,65.0999984741211,63.119998931884766,64.31999969482422,36176
2018-02-16,64.83999633789062,65.19999694824219,64.19000244140625,64.41000366210938,27034
2018-02-20,65.25,65.83000183105469,64.77999877929688,64.86000061035156,34029
2018-02-21,65.41999816894531,65.52999877929688,64.4000015258789,65.11000061035156,26015
2018-02-22,66.38999938964844,66.55000305175781,64.63999938964844,65.01000213623047,29052
2018-02-23,67.30999755859375,67.37000274658203,65.80000305175781,66.25,20948
2018-02-26,67.5,67.9000015258789,66.73999786376953,67.30000305175781,20385
2018-02-27,66.62999725341797,67.62999725341797,66.37000274658203,67.55999755859375,9005
2018-02-28,65.77999877929688,66.87999725341797,65.54000091552734,66.33000183105469,1241
2018-03-01,65.70999908447266,65.70999908447266,65.70999908447266,65.70999908447266,44819
2018-03-02,64.37000274658203,64.68000030517578,63.20000076293945,64.23999786376953,39587
2018-03-05,65.54000091552734,65.87000274658203,64.0999984741211,64.69000244140625,31209
2018-03-06,65.79000091552734,66.1500015258789,65.30999755859375,65.58999633789062,24251
2018-03-07,64.33999633789062,65.77999877929688,63.84000015258789,65.43000030517578,36313
2018-03-08,63.61000061035156,64.55000305175781,63.43000030517578,64.55000305175781,44008
2018-03-09,65.48999786376953,65.62000274658203,63.70000076293945,63.849998474121094,33619
2018-03-12,64.94999694824219,65.83000183105469,64.18000030517578,65.54000091552734,19165
2018-03-13,64.63999938964844,65.66000366210938,64.04000091552734,64.91999816894531,34247
2018-03-14,64.88999938964844,65.19000244140625,64.06999969482422,64.66999816894531,29439
2018-03-15,65.12000274658203,65.38999938964844,64.61000061035156,64.8499984741211,22542
2018-03-16,66.20999908447266,66.41999816894531,64.88999938964844,65.05000305175781,29187
2018-03-19,66.05000305175781,66.3499984741211,65.38999938964844,66.12000274658203,28050
2018-03-20,67.41999816894531,67.88999938964844,66.16999816894531,66.19999694824219,35782
2018-03-21,69.47000122070312,69.8499984741211,67.47000122070312,67.55999755859375,43370
2018-03-22,68.91000366210938,69.91000366210938,68.58000183105469,69.7699966430664,37699
2018-03-23,70.44999694824219,70.56999969482422,68.80000305175781,68.9000015258789,49285
2018-03-26,70.12000274658203,71.05000305175781,69.66999816894531,70.63999938964844,28882
2018-03-27,70.11000061035156,71.02999877929688,69.45999908447266,70.20999908447266,15583
2018-03-28,69.52999877929688,70.25,68.77999877929688,69.68000030517578,16988
2018-03-29,70.2699966430664,70.43000030517578,69.12999725341797,69.80999755859375,37805
2018-04-02,67.63999938964844,70.02999877929688,67.4800033569336,69.41999816894531,25064
2018-04-03,68.12000274658203,68.41999816894531,67.58999633789062,67.6500015258789,22815
2018-04-04,68.0199966430664,68.2699966430664,66.69999694824219,68.13999938964844,39674
2018-04-05,68.33000183105469,68.91999816894531,67.7300033569336,68.3499984741211,28888
2018-04-06,67.11000061035156,68.62000274658203,66.86000061035156,68.58999633789062,30749
2018-04-09,68.6500015258789,68.80000305175781,67.02999877929688,67.02999877929688,23967
2018-04-10,71.04000091552734,71.31999969482422,68.4800033569336,68.55999755859375,45123
2018-04-11,72.05999755859375,73.08000183105469,70.55999755859375,71.02999877929688,50064
2018-04-12,72.0199966430664,72.45999908447266,71.08999633789062,71.93000030517578,38029
2018-04-13,72.58000183105469,72.86000061035156,71.61000061035156,72.16999816894531,36895
2018-04-16,71.41999816894531,72.87999725341797,71.12999725341797,72.62000274658203,33532
2018-04-17,71.58000183105469,71.87999725341797,70.83000183105469,71.5999984741211,36784
2018-04-18,73.4800033569336,73.91999816894531,71.6500015258789,71.7699966430664,34300
2018-04-19,73.77999877929688,74.73999786376953,73.45999908447266,73.76000213623047,37579
2018-04-20,74.05999755859375,74.19999694824219,72.83000183105469,74.0,32478
2018-04-23,74.70999908447266,75.11000061035156,73.12999725341797,73.87999725341797,41835
2018-04-24,73.86000061035156,75.45999908447266,73.69999694824219,74.9000015258789,46897
2018-04-25,74.0,74.18000030517578,73.18000030517578,73.94999694824219,38845
2018-04-26,74.73999786376953,74.94999694824219,74.05999755859375,74.06999969482422,26826
2018-04-27,74.63999938964844,75.01000213623047,74.37999725341797,74.70999908447266,15535
2018-04-30,75.16999816894531,75.36000061035156,73.55000305175781,74.37999725341797,1630
2018-05-01,75.16999816894531,75.16999816894531,75.16999816894531,75.16999816894531,39208
2018-05-02,73.36000061035156,73.62000274658203,72.37000274658203,73.20999908447266,34769
2018-05-03,73.62000274658203,74.08000183105469,72.4800033569336,73.13999938964844,35839
2018-05-04,74.87000274658203,75.05000305175781,73.25,73.76000213623047,30457
2018-05-07,76.16999816894531,76.33000183105469,74.8499984741211,74.9800033569336,21266
2018-05-08,74.8499984741211,76.18000030517578,73.0999984741211,75.66000366210938,50813
2018-05-09,77.20999908447266,77.41000366210938,75.86000061035156,75.86000061035156,34902
2018-05-10,77.47000122070312,77.97000122070312,76.5,77.29000091552734,32445
2018-05-11,77.12000274658203,77.58999633789062,76.94999694824219,77.41000366210938,25651
2018-05-14,78.2300033569336,78.5199966430664,76.54000091552734,77.08999633789062,29917
2018-05-15,78.43000030517578,79.44999694824219,77.9000015258789,78.52999877929688,41100
2018-05-16,79.27999877929688,79.33000183105469,77.62999725341797,78.12999725341797,31226
2018-05-17,79.30000305175781,80.5,79.12000274658203,79.23999786376953,38385
2018-05-18,78.51000213623047,79.86000061035156,78.33000183105469,79.51000213623047,30828
2018-05-21,79.22000122070312,79.58999633789062,78.11000061035156,78.52999877929688,19520
2018-05-22,79.56999969482422,80.48999786376953,79.16999816894531,79.48999786376953,29522
2018-05-23,79.80000305175781,79.8499984741211,78.2300033569336,79.48999786376953,30786
2018-05-24,78.79000091552734,79.83999633789062,78.56999969482422,79.70999908447266,25431
2018-05-25,76.44000244140625,78.86000061035156,76.0,78.86000061035156,42387
2018-05-29,75.38999938964844,76.18000030517578,74.51000213623047,75.5,19800
2018-05-30,77.5,77.72000122070312,74.87999725341797,75.4000015258789,9673
2018-05-31,77.58999633789062,78.72000122070312,77.08000183105469,77.54000091552734,1039
2018-06-01,77.58999633789062,77.58999633789062,77.58999633789062,77.58999633789062,35684
2018-06-04,75.29000091552734,76.93000030517578,75.19999694824219,76.61000061035156,31642
2018-06-05,75.37999725341797,75.7300033569336,73.81999969482422,75.5199966430664,43436
2018-06-06,75.36000061035156,76.26000213623047,74.47000122070312,75.08999633789062,37262
2018-06-07,77.31999969482422,77.37000274658203,75.41999816894531,75.91000366210938,36710
2018-06-08,76.45999908447266,77.58000183105469,76.13999938964844,77.26000213623047,21902
2018-06-11,76.45999908447266,76.81999969482422,75.52999877929688,76.38999938964844,22516
2018-06-12,75.87999725341797,77.06999969482422,75.44999694824219,76.44999694824219,26330
2018-06-13,76.73999786376953,76.87000274658203,75.19999694824219,75.4800033569336,30468
2018-06-14,75.94000244140625,76.91000366210938,75.7699966430664,76.55000305175781,24181
2018-06-15,73.44000244140625,76.91000366210938,73.06999969482422,76.55000305175781,30144
2018-06-18,75.33999633789062,75.54000091552734,72.44000244140625,73.05000305175781,31861
2018-06-19,75.08000183105469,75.52999877929688,74.44999694824219,75.41999816894531,33282
2018-06-20,74.73999786376953,75.8499984741211,74.11000061035156,75.0199966430664,47160
2018-06-21,73.05000305175781,74.68000030517578,72.94000244140625,74.36000061035156,49077
2018-06-22,75.55000305175781,75.80999755859375,73.18000030517578,73.37000274658203,59882
2018-06-25,74.7300033569336,75.12999725341797,73.73999786376953,75.06999969482422,41565
2018-06-26,76.30999755859375,76.69999694824219,74.12999725341797,74.75,41470
2018-06-27,77.62000274658203,78.16999816894531,76.27999877929688,76.4800033569336,24472
2018-06-28,77.8499984741211,78.4000015258789,77.11000061035156,77.51000213623047,14662
2018-06-29,79.44000244140625,79.69999694824219,77.7699966430664,77.7699966430664,37117
2018-07-02,77.30000305175781,78.93000030517578,77.18000030517578,78.9000015258789,30859
2018-07-03,77.76000213623047,78.55999755859375,76.68000030517578,77.41999816894531,22785
2018-07-05,77.38999938964844,78.48999786376953,77.30999755859375,78.11000061035156,27678
2018-07-06,77.11000061035156,77.69999694824219,76.37000274658203,77.58000183105469,25487
2018-07-09,78.06999969482422,78.30999755859375,77.06999969482422,77.23999786376953,14925
2018-07-10,78.86000061035156,79.5,78.20999908447266,78.25,19767
2018-07-11,73.4000015258789,78.88999938964844,73.04000091552734,78.83000183105469,48913
2018-07-12,74.44999694824219,75.12999725341797,72.68000030517578,73.77999877929688,46443
2018-07-13,75.33000183105469,75.91999816894531,73.2300033569336,74.33000183105469,27308
2018-07-16,71.83999633789062,75.37000274658203,71.52999877929688,75.0,27134
2018-07-17,72.16000366210938,72.77999877929688,71.36000061035156,71.9000015258789,28197
2018-07-18,72.9000015258789,73.2699966430664,71.19999694824219,71.63999938964844,25625
2018-07-19,72.58000183105469,73.80000305175781,71.83000183105469,72.9800033569336,31672
2018-07-20,73.06999969482422,73.47000122070312,72.29000091552734,72.58999633789062,24861
2018-07-23,73.05999755859375,74.48999786376953,72.52999877929688,72.91999816894531,29479
2018-07-24,73.44000244140625,74.01000213623047,72.68000030517578,73.0,21747
2018-07-25,73.93000030517578,74.30000305175781,73.08000183105469,73.66000366210938,25329
2018-07-26,74.54000091552734,74.81999969482422,73.77999877929688,74.3499984741211,26293
2018-07-27,74.29000091552734,74.8499984741211,73.83000183105469,74.47000122070312,15109
2018-07-30,74.97000122070312,75.2699966430664,74.1500015258789,74.3499984741211,9053
2018-07-31,74.25,75.0999984741211,74.18000030517578,74.88999938964844,1463
2018-08-01,74.25,74.25,74.25,74.25,23660
2018-08-02,73.44999694824219,73.73999786376953,71.83999633789062,72.5999984741211,21038
2018-08-03,73.20999908447266,73.7300033569336,72.4800033569336,73.44000244140625,15946
2018-08-06,73.75,74.45999908447266,73.13999938964844,73.29000091552734,20253
2018-08-07,74.6500015258789,74.9000015258789,73.5999984741211,73.66000366210938,18289
2018-08-08,72.27999877929688,74.86000061035156,71.66000366210938,74.52999877929688,23735
2018-08-09,72.06999969482422,72.87999725341797,71.8499984741211,72.12999725341797,15939
2018-08-10,72.80999755859375,73.13999938964844,71.41000366210938,72.0,16195
2018-08-13,72.61000061035156,73.08999633789062,71.04000091552734,72.98999786376953,17644
2018-08-14,72.45999908447266,73.93000030517578,72.0999984741211,72.87999725341797,20737
2018-08-15,70.76000213623047,72.44000244140625,70.30000305175781,72.16999816894531,25245
2018-08-16,71.43000030517578,71.51000213623047,70.4000015258789,70.7699966430664,18403
2018-08-17,71.83000183105469,72.4800033569336,71.2699966430664,71.3499984741211,15051
2018-08-20,72.20999908447266,72.73999786376953,71.44999694824219,71.77999877929688,18514
2018-08-21,72.62999725341797,72.94999694824219,72.05999755859375,72.12999725341797,15578
2018-08-22,74.77999877929688,74.98999786376953,72.68000030517578,72.75,19801
2018-08-23,74.7300033569336,74.88999938964844,74.20999908447266,74.88999938964844,14222
2018-08-24,75.81999969482422,76.4000015258789,74.69999694824219,74.73999786376953,19745
2018-08-27,76.20999908447266,76.3499984741211,75.4000015258789,75.61000061035156,9993
2018-08-28,75.94999694824219,76.95999908447266,75.7300033569336,76.29000091552734,17281
2018-08-29,77.13999938964844,77.41999816894531,75.69999694824219,75.91000366210938,8895
2018-08-30,77.7699966430664,78.0,77.20999908447266,77.30999755859375,9125
2018-08-31,77.41999816894531,77.79000091552734,77.0999984741211,77.5,17690
2018-09-04,78.16999816894531,79.70999908447266,77.45999908447266,78.19000244140625,36059
2018-09-05,77.2699966430664,78.05999755859375,76.91999816894531,77.88999938964844,27811
2018-09-06,76.5,77.75,75.63999938964844,77.13999938964844,31739
2018-09-07,76.83000183105469,77.08000183105469,75.88999938964844,76.58000183105469,17798
2018-09-10,77.37000274658203,77.91000366210938,76.8499984741211,76.8499984741211,23036
2018-09-11,79.05999755859375,79.5199966430664,77.36000061035156,77.36000061035156,29921
2018-09-12,79.73999786376953,80.11000061035156,78.75,79.47000122070312,29906
2018-09-13,78.18000030517578,79.7699966430664,77.87000274658203,79.7699966430664,28501
2018-09-14,78.08999633789062,78.93000030517578,77.37999725341797,78.36000061035156,24296
2018-09-17,78.05000305175781,78.88999938964844,77.7300033569336,78.06999969482422,21749
2018-09-18,79.02999877929688,79.72000122070312,77.5,77.88999938964844,22637
2018-09-19,79.4000015258789,79.5,78.5199966430664,78.86000061035156,19118
2018-09-20,78.69999694824219,79.81999969482422,78.5199966430664,79.33000183105469,22855
2018-09-21,78.80000305175781,80.12000274658203,78.23999786376953,78.69999694824219,36594
2018-09-24,81.19999694824219,81.4800033569336,79.0999984741211,79.0999984741211,21939
2018-09-25,81.87000274658203,82.54000091552734,81.16999816894531,81.44999694824219,30081
2018-09-26,81.33999633789062,82.19000244140625,81.12000274658203,81.51000213623047,17271
2018-09-27,81.72000122070312,82.41999816894531,81.33999633789062,81.80999755859375,14317
2018-09-28,82.72000122070312,82.8499984741211,81.54000091552734,81.54000091552734,38868
2018-10-01,84.9800033569336,85.44000244140625,82.55999755859375,82.91999816894531,34024
2018-10-02,84.80000305175781,85.37000274658203,84.31999969482422,85.05999755859375,25338
2018-10-03,86.29000091552734,86.72000122070312,84.01000213623047,84.70999908447266,31424
2018-10-04,84.58000183105469,86.41999816894531,84.1500015258789,86.12999725341797,35552
2018-10-05,84.16000366210938,85.11000061035156,83.91999816894531,84.70999908447266,27778
2018-10-08,83.91000366210938,84.30999755859375,82.66000366210938,84.11000061035156,31603
2018-10-09,85.0,85.44000244140625,83.72000122070312,83.7699966430664,39232
2018-10-10,83.08999633789062,85.16000366210938,82.27999877929688,84.87999725341797,31715
2018-10-11,80.26000213623047,82.61000061035156,79.80000305175781,82.58999633789062,48195
2018-10-12,80.43000030517578,81.47000122070312,79.22000122070312,80.27999877929688,37537
2018-10-15,80.77999877929688,81.91000366210938,79.8499984741211,80.97000122070312,31577
2018-10-16,81.41000366210938,81.73999786376953,79.80000305175781,80.69999694824219,33816
2018-10-17,80.05000305175781,81.83999633789062,79.16999816894531,81.5999984741211,38202
2018-10-18,79.29000091552734,80.33000183105469,78.69000244140625,80.33000183105469,41270
2018-10-19,79.77999877929688,80.88999938964844,79.22000122070312,79.33999633789062,34401
2018-10-22,79.83000183105469,80.38999938964844,78.97000122070312,80.08000183105469,37080
2018-10-23,76.44000244140625,80.12000274658203,75.87999725341797,80.0199966430664,60226
2018-10-24,76.16999816894531,77.55999755859375,75.12999725341797,76.19000244140625,57413
2018-10-25,76.88999938964844,77.05000305175781,75.37000274658203,75.69999694824219,33325
2018-10-26,77.62000274658203,77.91000366210938,75.7699966430664,76.62000274658203,33549
2018-10-29,77.33999633789062,78.01000213623047,76.55000305175781,77.69000244140625,17057
2018-10-30,75.91000366210938,77.31999969482422,75.11000061035156,76.83999633789062,19196
2018-10-31,75.47000122070312,76.88999938964844,75.47000122070312,76.18000030517578,2451
2018-11-01,75.5,75.5,75.5,75.5,33938
2018-11-02,72.83000183105469,73.4800033569336,72.16999816894531,72.66000366210938,36090
2018-11-05,73.16999816894531,74.12000274658203,72.2300033569336,72.75,28438
2018-11-06,72.12999725341797,73.2699966430664,71.18000030517578,72.72000122070312,32871
2018-11-07,72.06999969482422,73.52999877929688,71.3499984741211,71.75,36648
2018-11-08,70.6500015258789,73.05999755859375,70.51000213623047,72.13999938964844,39896
2018-11-09,70.18000030517578,70.9800033569336,69.16000366210938,70.94999694824219,32611
2018-11-12,70.12000274658203,71.86000061035156,68.88999938964844,70.54000091552734,39814
2018-11-13,65.47000122070312,69.66999816894531,64.63999938964844,69.13999938964844,56981
2018-11-14,66.12000274658203,67.62000274658203,65.01000213623047,65.27999877929688,47372
2018-11-15,66.62000274658203,67.4000015258789,65.75,65.91999816894531,35140
2018-11-16,66.76000213623047,68.37999725341797,66.0999984741211,66.75,37139
2018-11-19,66.79000091552734,67.62000274658203,65.2699966430664,67.01000213623047,29353
2018-11-20,62.529998779296875,66.95999908447266,61.7599983215332,66.91000366210938,44030
2018-11-21,63.47999954223633,64.45999908447266,62.40999984741211,62.40999984741211,41292
2018-11-23,58.79999923706055,62.810001373291016,58.43000030517578,62.619998931884766,56080
2018-11-26,60.47999954223633,61.09000015258789,58.599998474121094,59.150001525878906,35607
2018-11-27,60.209999084472656,61.400001525878906,58.95000076293945,60.40999984741211,47106
2018-11-28,58.7599983215332,61.2599983215332,58.560001373291016,60.83000183105469,18435
2018-11-29,59.5099983215332,60.369998931884766,57.52000045776367,58.77000045776367,8794
2018-11-30,58.709999084472656,59.88999938964844,58.25,59.22999954223633,39344
2018-12-03,61.689998626708984,62.59000015258789,59.5,59.88999938964844,33207
2018-12-04,62.08000183105469,63.560001373291016,61.2400016784668,61.86000061035156,35475
2018-12-06,60.060001373291016,61.959999084472656,58.38999938964844,61.70000076293945,60772
2018-12-07,61.66999816894531,63.709999084472656,59.099998474121094,60.310001373291016,59861
2018-12-10,59.970001220703125,62.310001373291016,59.560001373291016,61.45000076293945,34114
2018-12-11,60.20000076293945,61.09000015258789,59.619998931884766,59.88999938964844,31823
2018-12-12,60.150001525878906,61.41999816894531,59.9900016784668,60.5099983215332,31651
2018-12-13,61.45000076293945,62.02000045776367,59.34000015258789,60.310001373291016,29600
2018-12-14,60.279998779296875,61.75,59.91999816894531,61.65999984741211,24871
2018-12-17,59.61000061035156,61.189998626708984,58.630001068115234,60.369998931884766,32165
2018-12-18,56.2599983215332,59.220001220703125,55.66999816894531,58.810001373291016,41690
2018-12-19,57.2400016784668,58.099998474121094,56.029998779296875,56.209999084472656,47399
2018-12-20,54.349998474121094,56.7400016784668,54.279998779296875,56.54999923706055,40553
2018-12-21,53.81999969482422,55.29999923706055,52.810001373291016,54.81999969482422,40930
2018-12-24,50.470001220703125,54.63999938964844,50.380001068115234,53.58000183105469,19160
2018-12-26,54.470001220703125,55.279998779296875,49.959999084472656,51.130001068115234,16444
2018-12-27,52.15999984741211,54.91999816894531,51.9900016784668,54.91999816894531,8946
2018-12-28,52.20000076293945,53.5099983215332,51.630001068115234,53.029998779296875,31833
2018-12-31,53.79999923706055,54.790000915527344,52.65999984741211,53.060001373291016,21966
2019-01-02,54.90999984741211,56.560001373291016,52.5,54.25,43517
2019-01-03,55.95000076293945,56.290000915527344,53.93000030517578,54.77000045776367,36535
2019-01-04,57.060001373291016,58.29999923706055,55.36000061035156,55.58000183105469,42426
2019-01-07,57.33000183105469,58.91999816894531,57.279998779296875,57.369998931884766,41677
2019-01-08,58.720001220703125,58.86000061035156,57.11000061035156,57.630001068115234,34135
2019-01-09,61.439998626708984,61.68000030517578,58.619998931884766,58.650001525878906,38989
2019-01-10,61.68000030517578,61.900001525878906,60.45000076293945,61.33000183105469,31333
2019-01-11,60.47999954223633,62.470001220703125,60.08000183105469,61.25,31369
2019-01-14,58.9900016784668,61.02000045776367,58.90999984741211,60.540000915527344,31241
2019-01-15,60.63999938964844,60.849998474121094,59.11000061035156,59.2599983215332,29948
2019-01-16,61.31999969482422,61.43000030517578,60.040000915527344,60.63999938964844,32025
2019-01-17,61.18000030517578,61.540000915527344,60.040000915527344,61.18000030517578,30131
2019-01-18,62.70000076293945,62.9900016784668,61.060001373291016,61.189998626708984,39637
2019-01-22,61.5,63.119998931884766,60.58000183105469,62.7400016784668,53602
2019-01-23,61.13999938964844,62.29999923706055,60.220001220703125,61.56999969482422,35364
2019-01-24,61.09000015258789,61.5,60.40999984741211,61.02000045776367,35861
2019-01-25,61.63999938964844,61.90999984741211,60.709999084472656,61.13999938964844,30262
2019-01-28,59.93000030517578,61.66999816894531,59.47999954223633,61.33000183105469,34315
2019-01-29,61.31999969482422,61.790000915527344,59.7599983215332,59.97999954223633,18715
2019-01-30,61.650001525878906,62.63999938964844,61.06999969482422,61.25,12039
2019-01-31,61.88999938964844,62.31999969482422,61.63999938964844,61.689998626708984,1288
2019-02-01,61.869998931884766,61.869998931884766,61.869998931884766,61.869998931884766,30044
2019-02-04,62.5099983215332,63.630001068115234,61.279998779296875,62.70000076293945,36025
2019-02-05,61.97999954223633,63.02000045776367,61.720001220703125,62.779998779296875,27285
2019-02-06,62.689998626708984,62.79999923706055,61.04999923706055,62.040000915527344,26542
2019-02-07,61.630001068115234,62.900001525878906,60.61000061035156,62.65999984741211,33982
2019-02-08,62.099998474121094,62.349998474121094,61.04999923706055,61.599998474121094,36111
2019-02-11,61.5099983215332,62.34000015258789,60.900001525878906,62.0,35285
2019-02-12,62.41999816894531,63.31999969482422,61.540000915527344,61.599998474121094,36801
2019-02-13,63.61000061035156,63.959999084472656,62.650001525878906,62.650001525878906,33859
2019-02-14,64.56999969482422,64.80999755859375,63.279998779296875,63.630001068115234,39526
2019-02-15,66.25,66.4000015258789,64.43000030517578,64.61000061035156,36154
2019-02-19,66.44999694824219,66.83000183105469,65.58000183105469,66.30999755859375,46238
2019-02-20,67.08000183105469,67.37000274658203,65.62999725341797,66.36000061035156,29155
2019-02-21,67.06999969482422,67.31999969482422,66.69999694824219,67.1500015258789,27113
2019-02-22,67.12000274658203,67.7300033569336,66.83000183105469,66.88999938964844,23973
2019-02-25,64.76000213623047,67.47000122070312,64.55999755859375,66.80000305175781,31914
2019-02-26,65.20999908447266,65.72000122070312,64.33999633789062,64.72000122070312,18661
2019-02-27,66.38999938964844,66.69999694824219,65.30000305175781,65.54000091552734,10200
2019-02-28,66.02999877929688,66.36000061035156,65.75,66.31999969482422,28959
2019-03-01,65.06999969482422,67.13999938964844,64.58999633789062,66.41000366210938,38355
2019-03-04,65.66999816894531,66.33999633789062,65.01000213623047,65.01000213623047,28931
2019-03-05,65.86000061035156,66.22000122070312,65.04000091552734,65.72000122070312,28346
2019-03-06,65.98999786376953,66.16999816894531,65.2300033569336,65.62999725341797,41210
2019-03-07,66.30000305175781,66.98999786376953,65.76000213623047,65.93000030517578,35738
2019-03-08,65.73999786376953,66.08000183105469,64.01000213623047,66.06999969482422,49867
2019-03-11,66.58000183105469,66.77999877929688,65.6500015258789,65.7300033569336,37538
2019-03-12,66.66999816894531,67.38999938964844,66.3499984741211,66.68000030517578,37897
2019-03-13,67.55000305175781,67.75,66.70999908447266,66.87999725341797,36739
2019-03-14,67.2300033569336,68.12999725341797,67.02999877929688,67.58999633789062,32817
2019-03-15,67.16000366210938,67.70999908447266,66.13999938964844,67.12999725341797,34969
2019-03-18,67.54000091552734,67.69000244140625,66.69999694824219,67.05000305175781,31752
2019-03-19,67.61000061035156,68.22000122070312,67.13999938964844,67.44999694824219,30329
2019-03-20,68.5,68.56999969482422,67.19000244140625,67.5199966430664,35132
2019-03-21,67.86000061035156,68.69999694824219,67.61000061035156,68.31999969482422,35417
2019-03-22,67.02999877929688,67.97000122070312,66.20999908447266,67.70999908447266,45565
2019-03-25,67.20999908447266,67.63999938964844,66.37000274658203,66.93000030517578,36691
2019-03-26,67.97000122070312,68.22000122070312,67.25,67.25,38187
2019-03-27,67.83000183105469,68.3499984741211,67.19999694824219,67.87000274658203,26692
2019-03-28,67.81999969482422,68.0,66.55000305175781,67.87000274658203,11876
2019-03-29,68.38999938964844,68.87999725341797,67.81999969482422,68.0,43566
2019-04-01,69.01000213623047,69.19000244140625,67.54000091552734,67.54000091552734,49439
2019-04-02,69.37000274658203,69.5199966430664,68.69000244140625,69.20999908447266,46166
2019-04-03,69.30999755859375,69.95999908447266,68.80000305175781,69.79000091552734,46550
2019-04-04,69.4000015258789,70.01000213623047,68.87999725341797,69.48999786376953,37531
2019-04-05,70.33999633789062,70.47000122070312,68.93000030517578,69.26000213623047,36491
2019-04-08,71.0999984741211,71.19000244140625,70.44000244140625,70.5,40966
2019-04-09,70.61000061035156,71.33999633789062,70.30000305175781,71.08000183105469,37189
2019-04-10,71.7300033569336,71.79000091552734,70.58000183105469,70.83000183105469,46506
2019-04-11,70.83000183105469,71.68000030517578,70.58000183105469,71.66000366210938,39968
2019-04-12,71.55000305175781,71.86000061035156,70.9000015258789,70.91999816894531,32729
2019-04-15,71.18000030517578,71.6500015258789,70.77999877929688,71.62000274658203,28582
2019-04-16,71.72000122070312,71.94000244140625,70.75,71.2699966430664,43907
2019-04-17,71.62000274658203,72.26000213623047,71.45999908447266,71.83999633789062,40910
2019-04-18,71.97000122070312,72.02999877929688,71.20999908447266,71.55000305175781,38122
2019-04-22,74.04000091552734,74.51000213623047,71.9000015258789,72.05000305175781,48893
2019-04-23,74.51000213623047,74.7300033569336,73.98999786376953,74.19999694824219,50165
2019-04-24,74.56999969482422,74.72000122070312,74.0,74.31999969482422,46326
2019-04-25,74.3499984741211,75.58999633789062,74.0,74.52999877929688,62237
2019-04-26,72.1500015258789,74.41000366210938,71.29000091552734,74.30000305175781,32803
2019-04-29,72.04000091552734,72.5,71.11000061035156,71.69999694824219,16694
2019-04-30,72.80000305175781,73.19999694824219,71.7300033569336,72.0999984741211,43783
2019-05-01,72.18000030517578,72.36000061035156,71.29000091552734,71.5199966430664,32617
2019-05-02,70.75,72.22000122070312,69.68000030517578,72.1500015258789,51722
2019-05-03,70.8499984741211,71.54000091552734,69.95999908447266,70.31999969482422,39000
2019-05-06,71.23999786376953,71.79000091552734,68.76000213623047,70.5999984741211,36208
2019-05-07,69.87999725341797,71.30999755859375,69.38999938964844,71.16000366210938,48729
2019-05-08,70.37000274658203,70.80000305175781,69.31999969482422,69.81999969482422,45312
2019-05-09,70.38999938964844,70.63999938964844,69.4000015258789,70.2300033569336,46554
2019-05-10,70.62000274658203,71.2300033569336,70.16999816894531,70.30000305175781,50395
2019-05-13,70.2300033569336,72.56999969482422,69.7300033569336,70.9000015258789,62747
2019-05-14,71.23999786376953,71.63999938964844,69.93000030517578,69.98999786376953,57905
2019-05-15,71.7699966430664,72.25,70.41999816894531,70.9800033569336,48596
2019-05-16,72.62000274658203,73.3499984741211,71.81999969482422,71.94999694824219,56835
2019-05-17,72.20999908447266,73.2300033569336,71.77999877929688,72.86000061035156,43365
2019-05-20,71.97000122070312,73.38999938964844,71.58999633789062,73.0999984741211,48963
2019-05-21,72.18000030517578,72.5199966430664,71.61000061035156,72.02999877929688,55652
2019-05-22,70.98999786376953,72.0199966430664,70.41999816894531,71.87999725341797,57458
2019-05-23,67.76000213623047,70.7300033569336,67.0,70.69999694824219,80487
2019-05-24,68.69000244140625,69.30000305175781,67.31999969482422,68.01000213623047,66452
2019-05-28,70.11000061035156,70.58000183105469,68.55000305175781,69.0999984741211,65297
2019-05-29,69.44999694824219,70.08999633789062,68.06999969482422,70.05000305175781,32769
2019-05-30,66.87000274658203,69.94999694824219,66.30000305175781,69.7300033569336,19076
2019-05-31,64.48999786376953,66.7300033569336,64.41999816894531,66.70999908447266,67969
2019-06-03,61.279998779296875,62.83000183105469,60.459999084472656,61.599998474121094,60640
2019-06-04,61.970001220703125,62.099998474121094,60.220001220703125,60.84000015258789,58666
2019-06-05,60.630001068115234,62.2599983215332,59.45000076293945,61.47999954223633,67012
2019-06-06,61.66999816894531,62.41999816894531,60.13999938964844,60.58000183105469,51701
2019-06-07,63.290000915527344,63.58000183105469,61.779998779296875,62.220001220703125,44888
2019-06-10,62.290000915527344,64.12999725341797,62.04999923706055,63.689998626708984,34096
2019-06-11,62.290000915527344,62.869998931884766,62.0099983215332,62.36000061035156,41448
2019-06-12,59.970001220703125,62.11000061035156,59.56999969482422,62.11000061035156,47691
2019-06-13,61.310001373291016,62.63999938964844,59.7599983215332,59.81999969482422,72728
2019-06-14,62.0099983215332,62.56999969482422,60.7400016784668,61.380001068115234,38166
2019-06-17,60.939998626708984,62.349998474121094,60.720001220703125,61.970001220703125,46699
2019-06-18,62.13999938964844,62.83000183105469,60.25,61.02000045776367,46430
2019-06-19,61.81999969482422,62.52000045776367,61.38999938964844,62.25,51499
2019-06-20,64.44999694824219,64.80999755859375,62.16999816894531,62.209999084472656,64896
2019-06-21,65.19999694824219,65.75,63.9900016784668,64.73999786376953,51282
2019-06-24,64.86000061035156,65.80000305175781,64.0999984741211,65.54000091552734,39427
2019-06-25,65.05000305175781,65.95999908447266,64.18000030517578,64.72000122070312,37722
2019-06-26,66.48999786376953,66.86000061035156,65.61000061035156,65.7699966430664,26217
2019-06-27,66.55000305175781,66.79000091552734,65.6500015258789,66.08999633789062,13127
2019-06-28,66.55000305175781,66.77999877929688,66.05999755859375,66.6500015258789,32575
2019-07-01,65.05999755859375,66.73999786376953,64.22000122070312,65.27999877929688,46308
2019-07-02,62.400001525878906,65.5,62.22999954223633,65.19000244140625,47774
2019-07-03,63.81999969482422,64.0,62.06999969482422,62.75,35881
2019-07-05,64.2300033569336,64.5199966430664,62.90999984741211,63.880001068115234,34614
2019-07-08,64.11000061035156,65.12999725341797,63.79999923706055,64.37000274658203,29582
2019-07-09,64.16000366210938,65.0199966430664,63.7400016784668,63.91999816894531,28731
2019-07-10,67.01000213623047,67.12999725341797,64.48999786376953,64.48999786376953,40838
2019-07-11,66.5199966430664,67.63999938964844,66.44000244140625,66.72000122070312,37676
2019-07-12,66.72000122070312,67.2699966430664,66.51000213623047,66.77999877929688,31996
2019-07-15,66.4800033569336,67.45999908447266,66.06999969482422,66.6500015258789,35583
2019-07-16,64.3499984741211,67.08000183105469,63.849998474121094,66.12999725341797,41087
2019-07-17,63.65999984741211,65.27999877929688,63.22999954223633,64.33000183105469,34392
2019-07-18,61.93000030517578,64.45999908447266,61.290000915527344,63.630001068115234,48628
2019-07-19,62.470001220703125,63.34000015258789,61.84000015258789,62.58000183105469,36709
2019-07-22,63.2599983215332,64.0199966430664,62.77000045776367,62.90999984741211,33851
2019-07-23,63.83000183105469,64.44999694824219,62.65999984741211,63.290000915527344,31220
2019-07-24,63.18000030517578,64.66000366210938,62.59000015258789,64.23999786376953,42616
2019-07-25,63.38999938964844,64.2300033569336,63.029998779296875,63.150001525878906,27929
2019-07-26,63.459999084472656,63.959999084472656,63.02000045776367,63.2400016784668,26232
2019-07-29,63.709999084472656,63.90999984741211,62.90999984741211,63.119998931884766,14517
2019-07-30,64.72000122070312,65.04000091552734,63.849998474121094,63.849998474121094,11005
2019-07-31,65.16999816894531,65.36000061035156,64.54000091552734,64.61000061035156,34287
2019-08-01,60.5,64.5199966430664,60.029998779296875,64.29000091552734,63060
2019-08-02,61.88999938964844,62.93000030517578,60.88999938964844,61.099998474121094,47421
2019-08-05,59.810001373291016,61.54999923706055,59.66999816894531,61.54999923706055,47722
2019-08-06,58.939998626708984,60.540000915527344,58.56999969482422,60.0,34335
2019-08-07,56.22999954223633,59.189998626708984,55.880001068115234,58.560001373291016,52628
2019-08-08,57.380001068115234,58.0099983215332,56.77000045776367,57.369998931884766,36965
2019-08-09,58.529998779296875,59.099998474121094,57.119998931884766,57.650001525878906,34015
2019-08-12,58.56999969482422,58.869998931884766,57.880001068115234,58.36000061035156,30960
2019-08-13,61.29999923706055,61.5,57.97999954223633,58.400001525878906,45522
2019-08-14,59.47999954223633,61.08000183105469,58.22999954223633,60.97999954223633,45545
2019-08-15,58.22999954223633,59.41999816894531,57.689998626708984,59.04999923706055,45864
2019-08-16,58.63999938964844,59.5,58.290000915527344,58.41999816894531,25244
2019-08-19,59.7400016784668,59.91999816894531,58.59000015258789,58.630001068115234,30652
2019-08-20,60.029998779296875,60.31999969482422,58.959999084472656,59.7400016784668,30782
2019-08-21,60.29999923706055,61.40999984741211,60.04999923706055,60.060001373291016,33717
2019-08-22,59.91999816894531,60.88999938964844,59.470001220703125,60.41999816894531,33800
2019-08-23,59.34000015258789,60.279998779296875,58.31999969482422,60.040000915527344,41613
2019-08-26,58.70000076293945,60.16999816894531,58.27000045776367,58.400001525878906,26628
2019-08-27,59.5099983215332,60.13999938964844,58.5099983215332,58.709999084472656,30198
2019-08-28,60.4900016784668,61.04999923706055,59.81999969482422,60.13999938964844,17141
2019-08-29,61.08000183105469,61.18000030517578,60.0099983215332,60.4900016784668,10658
2019-08-30,60.43000030517578,61.13999938964844,60.29999923706055,61.029998779296875,41940
2019-09-03,58.2599983215332,59.25,57.220001220703125,59.06999969482422,51149
2019-09-04,60.70000076293945,60.959999084472656,58.09000015258789,58.2400016784668,36192
2019-09-05,60.95000076293945,62.38999938964844,60.25,60.5099983215332,37813
2019-09-06,61.540000915527344,61.880001068115234,59.40999984741211,60.810001373291016,37585
2019-09-09,62.59000015258789,62.9900016784668,61.540000915527344,61.540000915527344,31505
2019-09-10,62.380001068115234,63.77000045776367,62.16999816894531,62.7400016784668,32170
2019-09-11,60.810001373291016,63.25,60.52000045776367,62.68000030517578,37485
2019-09-12,60.380001068115234,61.38999938964844,58.90999984741211,61.029998779296875,44952
2019-09-13,60.220001220703125,60.79999923706055,59.599998474121094,60.40999984741211,26153
2019-09-16,69.0199966430664,71.0,64.77999877929688,67.0,69899
2019-09-17,64.55000305175781,69.25,63.560001373291016,68.16999816894531,87185
2019-09-18,63.599998474121094,64.98999786376953,63.06999969482422,64.25,37459
2019-09-19,64.4000015258789,65.56999969482422,63.470001220703125,63.650001525878906,36971
2019-09-20,64.27999877929688,65.2699966430664,64.05000305175781,64.9800033569336,23355
2019-09-23,64.7699966430664,65.31999969482422,63.540000915527344,65.31999969482422,25895
2019-09-24,63.099998474121094,64.52999877929688,62.349998474121094,64.4800033569336,30503
2019-09-25,62.38999938964844,62.810001373291016,61.220001220703125,62.43000030517578,25272
2019-09-26,62.7400016784668,62.91999816894531,61.459999084472656,62.58000183105469,11043
2019-09-27,61.90999984741211,62.720001220703125,60.77000045776367,62.529998779296875,9063
2019-09-30,60.779998779296875,62.08000183105469,60.77000045776367,61.880001068115234,34510
2019-10-01,58.88999938964844,60.09000015258789,58.40999984741211,59.529998779296875,41174
2019-10-02,57.689998626708984,59.4900016784668,57.22999954223633,59.220001220703125,40386
2019-10-03,57.709999084472656,57.9900016784668,56.150001525878906,57.5,49093
2019-10-04,58.369998931884766,58.95000076293945,57.599998474121094,57.599998474121094,41717
2019-10-07,58.349998474121094,59.66999816894531,57.70000076293945,57.70000076293945,28765
2019-10-08,58.2400016784668,58.93000030517578,57.369998931884766,58.470001220703125,38868
2019-10-09,58.31999969482422,59.34000015258789,57.95000076293945,58.099998474121094,36036
2019-10-10,59.099998474121094,59.529998779296875,57.11000061035156,58.38999938964844,36561
2019-10-11,60.5099983215332,60.689998626708984,59.209999084472656,59.58000183105469,51613
2019-10-14,59.349998474121094,60.75,58.5099983215332,60.560001373291016,39154
2019-10-15,58.7400016784668,59.68000030517578,58.0,59.290000915527344,49695
2019-10-16,59.41999816894531,59.72999954223633,58.349998474121094,58.7599983215332,43443
2019-10-17,59.90999984741211,60.029998779296875,58.63999938964844,59.099998474121094,44951
2019-10-18,59.41999816894531,60.27000045776367,59.0,59.880001068115234,33528
2019-10-21,58.959999084472656,59.540000915527344,58.2599983215332,59.36000061035156,35588
2019-10-22,59.70000076293945,60.2599983215332,58.77000045776367,59.04999923706055,37803
2019-10-23,61.16999816894531,61.29999923706055,58.849998474121094,59.630001068115234,37010
2019-10-24,61.66999816894531,61.90999984741211,60.65999984741211,61.09000015258789,35367
2019-10-25,62.02000045776367,62.11000061035156,60.939998626708984,61.52000045776367,31392
2019-10-28,61.56999969482422,62.34000015258789,61.20000076293945,61.9900016784668,24870
2019-10-29,61.59000015258789,61.97999954223633,60.66999816894531,61.650001525878906,16903
2019-10-30,60.61000061035156,61.90999984741211,60.470001220703125,61.310001373291016,13275
2019-10-31,60.22999954223633,61.029998779296875,60.06999969482422,60.689998626708984,36213
2019-11-01,61.689998626708984,61.810001373291016,59.400001525878906,59.54999923706055,28361
2019-11-04,62.130001068115234,62.779998779296875,61.290000915527344,62.0,28961
2019-11-05,62.959999084472656,63.16999816894531,61.900001525878906,62.060001373291016,27103
2019-11-06,61.7400016784668,63.31999969482422,61.59000015258789,62.939998626708984,34901
2019-11-07,62.290000915527344,62.900001525878906,61.63999938964844,61.779998779296875,33158
2019-11-08,62.5099983215332,62.689998626708984,60.65999984741211,62.34000015258789,34325
2019-11-11,62.18000030517578,62.75,61.58000183105469,62.5099983215332,23316
2019-11-12,62.060001373291016,62.849998474121094,61.79999923706055,62.16999816894531,30687
2019-11-13,62.369998931884766,62.72999954223633,61.22999954223633,61.970001220703125,33278
2019-11-14,62.279998779296875,63.20000076293945,62.13999938964844,62.54999923706055,27803
2019-11-15,63.29999923706055,63.63999938964844,61.70000076293945,62.33000183105469,32240
2019-11-18,62.439998626708984,63.58000183105469,61.939998626708984,63.29999923706055,29294
2019-11-19,60.90999984741211,62.54999923706055,60.630001068115234,62.33000183105469,32258
2019-11-20,62.400001525878906,62.79999923706055,60.29999923706055,60.7400016784668,39331
2019-11-21,63.970001220703125,64.02999877929688,61.93000030517578,62.439998626708984,36374
2019-11-22,63.38999938964844,64.30000305175781,62.9900016784668,63.66999816894531,33785
2019-11-25,63.650001525878906,63.790000915527344,62.959999084472656,63.459999084472656,25178
2019-11-26,64.2699966430664,64.30999755859375,63.45000076293945,63.5099983215332,23433
2019-11-27,64.05999755859375,64.5999984741211,63.529998779296875,64.13999938964844,15263
2019-11-29,62.43000030517578,64.04000091552734,62.400001525878906,64.04000091552734,47386
2019-12-02,60.91999816894531,62.08000183105469,60.5,60.79999923706055,39023
2019-12-03,60.81999969482422,61.59000015258789,60.29999923706055,60.90999984741211,32863
2019-12-04,63.0,63.529998779296875,60.9900016784668,61.15999984741211,41730
2019-12-05,63.38999938964844,63.900001525878906,62.75,63.04999923706055,38903
2019-12-06,64.38999938964844,64.86000061035156,62.83000183105469,63.290000915527344,43303
2019-12-09,64.25,64.5,63.61000061035156,64.4000015258789,32410
2019-12-10,64.33999633789062,64.68000030517578,63.77000045776367,64.0,31170
2019-12-11,63.720001220703125,64.25,63.0099983215332,64.16000366210938,31647
2019-12-12,64.19999694824219,64.83999633789062,63.869998931884766,63.88999938964844,32866
2019-12-13,65.22000122070312,65.77999877929688,64.38999938964844,64.41000366210938,34575
2019-12-16,65.33999633789062,65.6500015258789,64.87999725341797,64.9800033569336,31476
2019-12-17,66.0999984741211,66.2300033569336,65.12000274658203,65.37000274658203,35092
2019-12-18,66.16999816894531,66.41999816894531,65.56999969482422,65.83000183105469,31943
2019-12-19,66.54000091552734,66.77999877929688,66.04000091552734,66.12000274658203,29280
2019-12-20,66.13999938964844,66.70999908447266,65.7300033569336,66.5199966430664,33986
2019-12-23,66.38999938964844,66.5999984741211,65.80999755859375,66.20999908447266,21599
2019-12-24,67.19999694824219,67.25,66.37000274658203,66.51000213623047,18562
2019-12-26,67.91999816894531,67.94999694824219,67.19000244140625,67.37000274658203,10745
2019-12-27,68.16000366210938,68.29000091552734,67.58000183105469,67.91999816894531,8223
2019-12-30,68.44000244140625,68.91000366210938,68.18000030517578,68.20999908447266,34100
2019-12-31,66.0,66.91999816894531,65.63999938964844,66.68000030517578,30892
2020-01-02,66.25,66.56999969482422,65.7300033569336,66.47000122070312,25810
2020-01-03,68.5999984741211,69.4800033569336,66.22000122070312,66.29000091552734,78848
2020-01-06,68.91000366210938,70.72000122070312,68.19000244140625,69.06999969482422,51933
2020-01-07,68.2699966430664,68.73999786376953,67.6500015258789,68.58000183105469,41178
2020-01-08,65.44000244140625,71.98999786376953,64.94000244140625,68.47000122070312,85232
2020-01-09,65.37000274658203,66.08999633789062,64.55000305175781,65.79000091552734,50520
2020-01-10,64.9800033569336,65.66000366210938,64.86000061035156,65.41000366210938,46595
2020-01-13,64.19999694824219,65.25,63.91999816894531,65.18000030517578,35430
2020-01-14,64.48999786376953,65.04000091552734,63.90999984741211,64.22000122070312,34682
2020-01-15,64.0,64.61000061035156,63.54999923706055,64.45999908447266,34164
2020-01-16,64.62000274658203,64.95999908447266,63.91999816894531,64.30999755859375,38391
2020-01-17,64.8499984741211,65.13999938964844,64.48999786376953,64.75,35541
2020-01-21,64.58999633789062,66.0,64.05999755859375,65.4000015258789,50484
2020-01-22,63.209999084472656,64.58999633789062,62.529998779296875,64.54000091552734,35127
2020-01-23,62.040000915527344,62.779998779296875,61.25,62.630001068115234,43330
2020-01-24,60.689998626708984,62.459999084472656,60.220001220703125,62.119998931884766,43263
2020-01-27,59.31999969482422,60.4900016784668,58.5,60.279998779296875,39367
2020-01-28,59.5099983215332,60.11000061035156,58.5,58.95000076293945,41537
2020-01-29,59.810001373291016,60.61000061035156,59.25,59.66999816894531,21453
2020-01-30,58.290000915527344,59.61000061035156,57.72999954223633,59.61000061035156,17435
2020-01-31,58.15999984741211,59.529998779296875,57.97999954223633,59.06999969482422,68547
2020-02-03,54.45000076293945,56.7599983215332,54.06999969482422,55.849998474121094,66338
2020-02-04,53.959999084472656,55.63999938964844,53.689998626708984,54.150001525878906,52393
2020-02-05,55.279998779296875,56.470001220703125,53.880001068115234,53.880001068115234,56117
2020-02-06,54.93000030517578,56.560001373291016,54.2400016784668,55.56999969482422,50605
2020-02-07,54.470001220703125,55.470001220703125,54.209999084472656,55.36000061035156,43796
2020-02-10,53.27000045776367,54.70000076293945,53.11000061035156,54.2400016784668,35920
2020-02-11,54.0099983215332,54.65999984741211,53.349998474121094,53.349998474121094,36294
2020-02-12,55.790000915527344,56.29999923706055,54.18000030517578,54.18000030517578,43350
2020-02-13,56.34000015258789,56.83000183105469,54.970001220703125,56.34000015258789,48775
2020-02-14,57.31999969482422,57.529998779296875,56.15999984741211,56.400001525878906,41913
2020-02-18,57.75,57.81999969482422,56.290000915527344,57.34000015258789,47337
2020-02-19,59.119998931884766,59.40999984741211,57.540000915527344,57.70000076293945,36217
2020-02-20,59.310001373291016,60.02000045776367,58.900001525878906,59.34000015258789,34207
2020-02-21,58.5,59.27000045776367,57.7400016784668,59.15999984741211,39006
2020-02-24,56.29999923706055,58.119998931884766,55.13999938964844,58.02000045776367,28258
2020-02-25,54.95000076293945,56.970001220703125,54.61000061035156,56.220001220703125,27751
2020-02-26,53.43000030517578,55.439998626708984,53.040000915527344,55.08000183105469,26216
2020-02-27,52.18000030517578,53.439998626708984,51.04999923706055,53.439998626708984,9616
2020-02-28,50.52000045776367,51.4900016784668,50.119998931884766,51.369998931884766,53362
2020-03-02,51.900001525878906,52.779998779296875,48.380001068115234,49.040000915527344,47286
2020-03-03,51.86000061035156,53.869998931884766,51.2400016784668,52.97999954223633,42862
2020-03-04,51.130001068115234,53.029998779296875,51.040000915527344,51.72999954223633,39712
2020-03-05,49.9900016784668,52.0099983215332,49.70000076293945,51.650001525878906,39679
2020-03-06,45.27000045776367,50.43000030517578,45.15999984741211,50.119998931884766,69464
2020-03-09,34.36000061035156,39.2400016784668,31.25,39.2400016784668,76517
2020-03-10,37.220001220703125,38.209999084472656,33.439998626708984,33.459999084472656,67054
2020-03-11,35.790000915527344,39.619998931884766,35.36000061035156,37.79999923706055,60513
2020-03-12,33.220001220703125,36.529998779296875,32.47999954223633,36.130001068115234,67484
2020-03-13,33.849998474121094,35.9900016784668,32.16999816894531,32.86000061035156,50707
2020-03-16,30.049999237060547,34.54999923706055,29.34000015258789,34.459999084472656,43527
2020-03-17,28.729999542236328,31.219999313354492,28.459999084472656,29.700000762939453,32969
2020-03-18,24.8799991607666,29.190000534057617,24.510000228881836,28.65999984741211,47500
2020-03-19,28.469999313354492,29.3799991607666,24.979999542236328,26.440000534057617,41724
2020-03-20,26.979999542236328,30.93000030517578,26.790000915527344,28.0,51866
2020-03-23,27.030000686645508,27.520000457763672,24.68000030517578,26.5,31642
2020-03-24,27.149999618530273,28.639999389648438,26.690000534057617,27.639999389648438,30946
2020-03-25,27.389999389648438,28.280000686645508,25.729999542236328,27.600000381469727,27352
2020-03-26,26.34000015258789,27.670000076293945,26.040000915527344,27.59000015258789,26819
2020-03-27,24.93000030517578,27.0,24.170000076293945,26.709999084472656,23547
2020-03-30,22.760000228881836,24.25,21.690000534057617,24.0,9112
2020-03-31,22.739999771118164,23.860000610351562,22.579999923706055,22.959999084472656,40694
2020-04-01,24.739999771118164,26.270000457763672,24.540000915527344,25.93000030517578,43466
2020-04-02,29.940000534057617,32.599998474121094,25.43000030517578,25.6299991607666,65518
2020-04-03,34.11000061035156,35.0,28.280000686645508,29.959999084472656,55373
2020-04-06,33.04999923706055,34.22999954223633,30.549999237060547,31.25,36779
2020-04-07,31.8700008392334,34.18000030517578,31.729999542236328,33.310001373291016,36246
2020-04-08,32.84000015258789,33.869998931884766,31.549999237060547,32.40999984741211,39293
2020-04-09,31.479999542236328,36.43000030517578,31.239999771118164,33.65999984741211,48214
2020-04-13,31.739999771118164,33.22999954223633,30.639999389648438,33.0,28098
2020-04-14,29.600000381469727,32.380001068115234,29.399999618530273,32.09000015258789,32146
2020-04-15,27.690000534057617,30.420000076293945,27.170000076293945,30.010000228881836,32129
2020-04-16,27.81999969482422,29.010000228881836,27.200000762939453,28.059999465942383,30922
2020-04-17,28.079999923706055,29.0,27.600000381469727,28.469999313354492,44417
2020-04-20,25.56999969482422,28.239999771118164,25.3799991607666,28.049999237060547,46467
2020-04-21,19.329999923706055,27.229999542236328,17.520000457763672,25.959999084472656,83111
2020-04-22,20.3700008392334,22.459999084472656,16.0,19.559999465942383,51051
2020-04-23,21.329999923706055,23.18000030517578,20.059999465942383,21.299999237060547,44993
2020-04-24,21.440000534057617,22.670000076293945,20.510000228881836,21.790000915527344,36158
2020-04-27,19.989999771118164,21.90999984741211,19.110000610351562,21.299999237060547,25906
2020-04-28,20.459999084472656,21.270000457763672,18.729999542236328,20.170000076293945,21996
2020-04-29,22.540000915527344,23.829999923706055,20.350000381469727,20.75,14425
2020-04-30,25.270000457763672,25.809999465942383,23.110000610351562,23.110000610351562,42900
2020-05-01,26.440000534057617,27.950000762939453,25.75,26.719999313354492,28681
2020-05-04,27.200000762939453,28.079999923706055,25.479999542236328,26.209999084472656,30309
2020-05-05,30.969999313354492,31.690000534057617,27.799999237060547,27.940000534057617,38518
2020-05-06,29.719999313354492,32.4900016784668,28.670000076293945,31.8799991607666,37505
2020-05-07,29.459999084472656,31.84000015258789,29.06999969482422,30.1200008392334,36701
2020-05-08,30.969999313354492,31.1299991607666,29.399999618530273,29.43000030517578,20277
2020-05-11,29.6299991607666,31.450000762939453,29.360000610351562,30.68000030517578,33638
2020-05-12,29.979999542236328,30.68000030517578,29.450000762939453,30.06999969482422,25820
2020-05-13,29.190000534057617,30.540000915527344,28.8700008392334,29.469999313354492,25072
2020-05-14,31.1299991607666,31.489999771118164,28.899999618530273,29.389999389648438,25953
2020-05-15,32.5,32.900001525878906,30.959999084472656,31.350000381469727,29410
2020-05-18,34.810001373291016,35.720001220703125,32.709999084472656,32.709999084472656,28869
2020-05-19,34.650001525878906,35.86000061035156,34.20000076293945,35.439998626708984,24952
2020-05-20,35.75,36.400001525878906,34.369998931884766,34.43000030517578,25571
2020-05-21,36.060001373291016,36.97999954223633,35.709999084472656,35.79999923706055,29933
2020-05-22,35.130001068115234,36.22999954223633,33.54999923706055,35.939998626708984,31482
2020-05-26,36.16999816894531,36.68000030517578,34.459999084472656,35.130001068115234,29328
2020-05-27,34.7400016784668,36.18000030517578,34.0,36.099998474121094,16676
2020-05-28,35.290000915527344,35.88999938964844,33.38999938964844,34.34000015258789,9367
2020-05-29,35.33000183105469,35.36000061035156,34.18000030517578,35.029998779296875,32101
2020-06-01,38.31999969482422,38.68000030517578,37.16999816894531,37.540000915527344,26475
2020-06-02,39.56999969482422,39.790000915527344,38.34000015258789,38.47999954223633,27662
2020-06-03,39.790000915527344,40.529998779296875,38.75,39.52000045776367,34099
2020-06-04,39.9900016784668,40.099998474121094,39.060001373291016,39.380001068115234,22661
2020-06-05,42.29999923706055,42.47999954223633,39.720001220703125,39.93000030517578,28827
2020-06-08,40.79999923706055,43.43000030517578,40.68000030517578,42.40999984741211,28718
2020-06-09,41.18000030517578,41.43000030517578,39.849998474121094,40.95000076293945,26258
2020-06-10,41.72999954223633,41.9900016784668,40.130001068115234,40.869998931884766,23565
2020-06-11,38.54999923706055,41.310001373291016,37.83000183105469,41.310001373291016,36881
2020-06-12,38.72999954223633,39.439998626708984,37.0,38.380001068115234,29653
2020-06-15,39.720001220703125,39.880001068115234,37.2400016784668,38.689998626708984,30674
2020-06-16,40.959999084472656,41.65999984741211,38.970001220703125,39.77000045776367,35087
2020-06-17,40.709999084472656,41.45000076293945,40.029998779296875,40.709999084472656,29078
2020-06-18,41.5099983215332,41.63999938964844,40.04999923706055,40.58000183105469,31042
2020-06-19,42.189998626708984,42.93000030517578,41.0099983215332,41.41999816894531,34079
2020-06-22,43.08000183105469,43.16999816894531,41.5099983215332,41.54999923706055,24433
2020-06-23,42.630001068115234,43.93000030517578,42.209999084472656,43.16999816894531,27036
2020-06-24,40.310001373291016,42.88999938964844,39.619998931884766,42.33000183105469,28537
2020-06-25,41.04999923706055,41.63999938964844,39.470001220703125,40.43000030517578,32530
2020-06-26,41.02000045776367,41.779998779296875,40.290000915527344,41.470001220703125,13481
2020-06-29,41.709999084472656,41.939998626708984,40.060001373291016,40.310001373291016,9783
2020-06-30,41.150001525878906,41.619998931884766,40.939998626708984,41.54999923706055,29381
2020-07-01,42.029998779296875,42.619998931884766,41.029998779296875,41.720001220703125,26731
2020-07-02,43.13999938964844,43.220001220703125,41.75,42.02000045776367,21825
2020-07-06,43.099998474121094,43.709999084472656,42.75,42.75,28969
2020-07-07,43.08000183105469,43.45000076293945,42.459999084472656,43.150001525878906,18827
2020-07-08,43.290000915527344,43.459999084472656,42.779998779296875,42.959999084472656,19171
2020-07-09,42.349998474121094,43.5,41.93000030517578,43.380001068115234,23249
2020-07-10,43.2400016784668,43.40999984741211,41.31999969482422,42.400001525878906,24083
2020-07-13,42.720001220703125,43.33000183105469,42.189998626708984,43.11000061035156,22911
2020-07-14,42.900001525878906,43.20000076293945,41.79999923706055,42.31999969482422,21724
2020-07-15,43.790000915527344,43.84000015258789,42.70000076293945,43.150001525878906,23596
2020-07-16,43.369998931884766,43.810001373291016,43.13999938964844,43.63999938964844,20484
2020-07-17,43.13999938964844,43.459999084472656,42.630001068115234,43.34000015258789,21774
2020-07-20,43.279998779296875,43.43000030517578,42.369998931884766,43.09000015258789,18019
2020-07-21,44.31999969482422,44.880001068115234,43.119998931884766,43.18000030517578,24167
2020-07-22,44.290000915527344,44.400001525878906,43.619998931884766,43.900001525878906,19676
2020-07-23,43.310001373291016,44.77000045776367,43.130001068115234,44.349998474121094,25759
2020-07-24,43.34000015258789,43.900001525878906,42.79999923706055,43.36000061035156,21918
2020-07-27,43.40999984741211,43.77000045776367,42.380001068115234,43.400001525878906,22507
2020-07-28,43.220001220703125,43.81999969482422,43.0099983215332,43.619998931884766,17828
2020-07-29,43.75,43.939998626708984,43.20000076293945,43.29999923706055,10911
2020-07-30,42.939998626708984,43.81999969482422,41.380001068115234,43.79999923706055,8373
2020-07-31,43.29999923706055,43.52000045776367,43.06999969482422,43.31999969482422,23641
2020-08-03,44.150001525878906,44.45000076293945,42.88999938964844,43.54999923706055,26883
2020-08-04,44.43000030517578,44.81999969482422,43.2400016784668,43.90999984741211,27305
2020-08-05,45.16999816894531,46.2400016784668,44.25,44.400001525878906,29337
2020-08-06,45.09000015258789,45.709999084472656,44.849998474121094,45.2400016784668,23131
2020-08-07,44.400001525878906,45.25,44.2599983215332,45.119998931884766,20363
2020-08-10,44.9900016784668,45.2599983215332,44.400001525878906,44.61000061035156,13672
2020-08-11,44.5,45.779998779296875,44.40999984741211,44.9900016784668,19786
2020-08-12,45.43000030517578,45.619998931884766,44.5099983215332,44.58000183105469,16995
2020-08-13,44.959999084472656,45.58000183105469,44.81999969482422,45.43000030517578,13877
2020-08-14,44.79999923706055,45.41999816894531,44.47999954223633,45.04999923706055,16681
2020-08-17,45.369998931884766,45.41999816894531,44.5,44.959999084472656,19441
2020-08-18,45.459999084472656,45.540000915527344,44.77000045776367,45.380001068115234,18063
2020-08-19,45.369998931884766,45.4900016784668,44.810001373291016,45.040000915527344,18063
2020-08-20,44.900001525878906,45.27000045776367,44.0099983215332,45.27000045776367,24042
2020-08-21,44.349998474121094,45.119998931884766,43.599998474121094,44.90999984741211,25495
2020-08-24,45.130001068115234,45.16999816894531,44.279998779296875,44.41999816894531,21033
2020-08-25,45.86000061035156,46.040000915527344,44.9900016784668,44.9900016784668,23808
2020-08-26,45.63999938964844,46.09000015258789,45.54999923706055,45.97999954223633,16657
2020-08-27,45.09000015258789,45.81999969482422,44.560001373291016,45.619998931884766,10776
2020-08-28,45.04999923706055,45.290000915527344,44.81999969482422,45.04999923706055,21040
2020-08-31,45.279998779296875,46.5099983215332,45.220001220703125,45.709999084472656,18967
2020-09-01,45.58000183105469,46.220001220703125,45.470001220703125,45.56999969482422,19914
2020-09-02,44.43000030517578,46.040000915527344,44.20000076293945,45.849998474121094,31416
2020-09-03,44.06999969482422,44.61000061035156,43.15999984741211,44.369998931884766,30615
2020-09-04,42.65999984741211,44.540000915527344,42.29999923706055,43.869998931884766,32210
2020-09-08,39.779998779296875,42.45000076293945,39.29999923706055,42.220001220703125,52172
2020-09-09,40.790000915527344,41.20000076293945,39.279998779296875,39.79999923706055,30286
2020-09-10,40.060001373291016,40.95000076293945,39.720001220703125,40.63999938964844,24171
2020-09-11,39.83000183105469,40.349998474121094,39.380001068115234,39.95000076293945,24576
2020-09-14,39.61000061035156,40.09000015258789,39.310001373291016,39.77000045776367,22118
2020-09-15,40.529998779296875,40.81999969482422,39.38999938964844,39.65999984741211,25333
2020-09-16,42.220001220703125,42.439998626708984,40.58000183105469,40.75,29327
2020-09-17,43.29999923706055,43.5099983215332,41.52000045776367,42.2599983215332,27245
2020-09-18,43.150001525878906,43.810001373291016,42.529998779296875,43.2599983215332,26032
2020-09-21,41.439998626708984,43.279998779296875,40.97999954223633,43.02000045776367,24298
2020-09-22,41.720001220703125,42.189998626708984,41.209999084472656,41.790000915527344,19914
2020-09-23,41.77000045776367,42.63999938964844,41.25,41.7400016784668,23779
2020-09-24,41.939998626708984,42.02000045776367,41.119998931884766,41.5,21940
2020-09-25,41.91999816894531,42.33000183105469,41.529998779296875,41.93000030517578,17141
2020-09-28,42.43000030517578,42.619998931884766,41.47999954223633,41.849998474121094,11999
2020-09-29,41.029998779296875,42.52000045776367,40.439998626708984,42.43000030517578,8209
2020-09-30,40.95000076293945,40.970001220703125,40.41999816894531,40.75,35524
2020-10-01,40.93000030517578,42.560001373291016,39.91999816894531,42.02000045776367,36595
2020-10-02,39.27000045776367,40.81999969482422,38.790000915527344,40.790000915527344,37290
2020-10-05,41.290000915527344,41.779998779296875,39.209999084472656,39.220001220703125,30456
2020-10-06,42.650001525878906,42.84000015258789,41.220001220703125,41.52000045776367,37426
2020-10-07,41.9900016784668,42.41999816894531,41.36000061035156,41.939998626708984,30170
2020-10-08,43.34000015258789,43.470001220703125,41.86000061035156,42.060001373291016,33351
2020-10-09,42.849998474121094,43.560001373291016,42.61000061035156,43.40999984741211,26041
2020-10-12,41.720001220703125,42.810001373291016,41.349998474121094,42.689998626708984,24754
2020-10-13,42.45000076293945,42.66999816894531,41.650001525878906,41.83000183105469,22528
2020-10-14,43.31999969482422,43.43000030517578,42.130001068115234,42.41999816894531,28837
2020-10-15,43.15999984741211,43.599998474121094,41.560001373291016,43.40999984741211,40144
2020-10-16,42.93000030517578,43.20000076293945,42.27000045776367,43.040000915527344,24159
2020-10-19,42.619998931884766,43.220001220703125,42.369998931884766,42.7400016784668,26265
2020-10-20,43.15999984741211,43.310001373291016,42.189998626708984,42.43000030517578,31677
2020-10-21,41.72999954223633,43.040000915527344,41.459999084472656,42.81999969482422,31681
2020-10-22,42.459999084472656,42.790000915527344,41.470001220703125,41.720001220703125,30590
2020-10-23,41.77000045776367,42.79999923706055,41.5,42.439998626708984,26207
2020-10-26,40.459999084472656,41.630001068115234,40.220001220703125,41.630001068115234,28463
2020-10-27,41.20000076293945,41.470001220703125,40.400001525878906,40.52000045776367,26720
2020-10-28,39.119998931884766,40.709999084472656,38.7400016784668,40.709999084472656,21228
2020-10-29,37.650001525878906,39.5,36.68000030517578,39.31999969482422,14205
2020-10-30,37.459999084472656,38.02000045776367,37.0,37.619998931884766,43651
2020-11-02,38.970001220703125,39.34000015258789,35.72999954223633,37.41999816894531,40454
2020-11-03,39.709999084472656,40.439998626708984,38.650001525878906,39.220001220703125,39534
2020-11-04,41.22999954223633,41.34000015258789,39.40999984741211,40.150001525878906,39329
2020-11-05,40.93000030517578,41.52000045776367,40.34000015258789,41.16999816894531,30961
2020-11-06,39.45000076293945,40.779998779296875,39.33000183105469,40.77000045776367,33078
2020-11-09,42.400001525878906,43.4900016784668,39.61000061035156,39.70000076293945,55156
2020-11-10,43.61000061035156,44.06999969482422,41.54999923706055,42.130001068115234,41973
2020-11-11,43.79999923706055,45.310001373291016,43.61000061035156,43.959999084472656,43047
2020-11-12,43.529998779296875,44.47999954223633,43.279998779296875,43.779998779296875,36578
2020-11-13,42.779998779296875,43.34000015258789,42.630001068115234,43.33000183105469,34737
2020-11-16,43.81999969482422,44.68000030517578,42.63999938964844,42.72999954223633,37770
2020-11-17,43.75,44.22999954223633,43.08000183105469,43.900001525878906,27858
2020-11-18,44.34000015258789,44.880001068115234,43.4900016784668,43.779998779296875,28668
2020-11-19,44.20000076293945,44.58000183105469,43.790000915527344,44.15999984741211,25836
2020-11-20,44.959999084472656,45.189998626708984,44.0,44.220001220703125,24489
2020-11-23,46.060001373291016,46.119998931884766,44.900001525878906,45.130001068115234,35378
2020-11-24,47.86000061035156,48.029998779296875,45.84000015258789,45.84000015258789,31692
2020-11-25,48.61000061035156,49.04999923706055,47.599998474121094,47.86000061035156,24897
2020-11-27,48.18000030517578,49.06999969482422,47.36000061035156,48.900001525878906,12454
2020-11-30,47.59000015258789,47.95000076293945,46.849998474121094,47.75,37651
2020-12-01,47.41999816894531,48.29999923706055,46.88999938964844,47.70000076293945,31987
2020-12-02,48.25,48.75,46.77000045776367,47.13999938964844,35514
2020-12-03,48.709999084472656,48.93000030517578,47.68000030517578,48.08000183105469,36526
2020-12-04,49.25,49.86000061035156,48.77000045776367,48.81999969482422,31658
2020-12-07,48.790000915527344,49.43000030517578,48.38999938964844,49.22999954223633,23896
2020-12-08,48.84000015258789,49.0,48.11000061035156,48.68000030517578,27102
2020-12-09,48.86000061035156,49.540000915527344,48.380001068115234,48.83000183105469,36534
2020-12-10,50.25,51.06999969482422,48.86000061035156,48.97999954223633,30919
2020-12-11,49.970001220703125,50.7400016784668,49.75,50.34000015258789,25222
2020-12-14,50.290000915527344,50.79999923706055,49.18000030517578,50.060001373291016,28782
2020-12-15,50.7599983215332,50.880001068115234,49.790000915527344,50.33000183105469,24071
2020-12-16,51.08000183105469,51.20000076293945,50.36000061035156,50.720001220703125,25996
2020-12-17,51.5,51.880001068115234,51.0099983215332,51.08000183105469,24947
2020-12-18,52.2599983215332,52.470001220703125,51.13999938964844,51.45000076293945,24749
2020-12-21,50.90999984741211,52.34000015258789,49.209999084472656,52.310001373291016,33507
2020-12-22,50.08000183105469,50.93000030517578,49.560001373291016,50.900001525878906,22381
2020-12-23,51.20000076293945,51.59000015258789,49.18000030517578,49.79999923706055,18879
2020-12-24,51.290000915527344,51.7599983215332,50.63999938964844,51.099998474121094,11666
2020-12-28,50.86000061035156,52.02000045776367,50.52000045776367,51.20000076293945,9704
2020-12-29,51.09000015258789,51.630001068115234,50.869998931884766,51.060001373291016,5788
2020-12-30,51.34000015258789,51.52000045776367,51.04999923706055,51.04999923706055,23958
2020-12-31,51.79999923706055,51.90999984741211,50.900001525878906,51.5099983215332,18326
2021-01-04,51.09000015258789,53.31999969482422,50.58000183105469,51.65999984741211,50232
2021-01-05,53.599998474121094,53.880001068115234,50.619998931884766,50.7400016784668,62791
2021-01-06,54.29999923706055,54.720001220703125,53.150001525878906,53.59000015258789,49186
2021-01-07,54.380001068115234,54.900001525878906,53.939998626708984,54.13999938964844,30800
2021-01-08,55.9900016784668,56.29999923706055,54.36000061035156,54.459999084472656,37597
2021-01-11,55.65999984741211,56.279998779296875,54.97999954223633,56.209999084472656,33199
2021-01-12,56.58000183105469,56.779998779296875,55.529998779296875,55.560001373291016,27874
2021-01-13,56.060001373291016,57.41999816894531,55.779998779296875,56.72999954223633,32953
2021-01-14,56.41999816894531,56.540000915527344,55.2400016784668,55.939998626708984,33446
2021-01-15,55.099998474121094,56.63999938964844,54.650001525878906,56.43000030517578,30604
2021-01-19,55.900001525878906,56.08000183105469,54.5,54.7400016784668,36910
2021-01-20,56.08000183105469,56.619998931884766,55.650001525878906,55.900001525878906,33793
2021-01-21,56.099998474121094,56.2400016784668,55.5099983215332,55.779998779296875,22792
2021-01-22,55.40999984741211,56.16999816894531,54.4900016784668,56.150001525878906,33071
2021-01-25,55.880001068115234,56.02000045776367,55.09000015258789,55.20000076293945,24457
2021-01-26,55.90999984741211,56.34000015258789,55.400001525878906,55.97999954223633,19102
2021-01-27,55.810001373291016,56.47999954223633,55.20000076293945,56.08000183105469,20094
2021-01-28,55.529998779296875,56.59000015258789,55.220001220703125,55.66999816894531,6141
2021-01-29,55.880001068115234,56.349998474121094,55.43000030517578,55.52000045776367,37454
2021-02-01,56.349998474121094,56.529998779296875,54.619998931884766,54.900001525878906,34234
2021-02-02,57.459999084472656,58.04999923706055,56.220001220703125,56.290000915527344,34815
2021-02-03,58.459999084472656,58.939998626708984,57.529998779296875,57.790000915527344,34146
2021-02-04,58.84000015258789,59.04999923706055,58.060001373291016,58.66999816894531,24732
2021-02-05,59.34000015258789,59.790000915527344,59.08000183105469,59.099998474121094,23510
2021-02-08,60.560001373291016,60.70000076293945,59.54999923706055,59.560001373291016,21098
2021-02-09,61.09000015258789,61.27000045776367,60.040000915527344,60.63999938964844,31230
2021-02-10,61.470001220703125,61.68000030517578,60.88999938964844,61.22999954223633,28344
2021-02-11,61.13999938964844,61.5,60.72999954223633,61.209999084472656,26169
2021-02-12,62.43000030517578,62.83000183105469,60.34000015258789,60.86000061035156,36933
2021-02-16,63.349998474121094,63.810001373291016,62.689998626708984,62.77000045776367,65492
2021-02-17,64.33999633789062,64.94999694824219,62.75,63.54999923706055,47339
2021-02-18,63.93000030517578,65.48999786376953,63.22999954223633,64.87000274658203,43309
2021-02-19,62.90999984741211,63.93000030517578,62.11000061035156,63.650001525878906,54254
2021-02-22,65.23999786376953,65.83999633789062,62.59000015258789,62.72999954223633,32173
2021-02-23,65.37000274658203,66.79000091552734,64.4800033569336,65.66000366210938,34643
2021-02-24,67.04000091552734,67.29000091552734,64.80000305175781,65.2300033569336,27000
2021-02-25,66.87999725341797,67.69999694824219,66.48999786376953,67.33999633789062,11746
2021-02-26,66.12999725341797,66.87999725341797,65.69999694824219,66.70999908447266,42394
2021-03-01,63.689998626708984,65.91000366210938,63.18000030517578,64.70999908447266,33869
2021-03-02,62.70000076293945,64.12999725341797,62.369998931884766,63.38999938964844,37996
2021-03-03,64.06999969482422,64.69999694824219,62.34000015258789,62.470001220703125,35401
2021-03-04,66.73999786376953,67.7300033569336,63.36000061035156,63.939998626708984,67790
2021-03-05,69.36000061035156,69.69000244140625,66.66000366210938,67.26000213623047,40754
2021-03-08,68.23999786376953,71.36000061035156,67.80999755859375,69.9000015258789,37511
2021-03-09,67.5199966430664,69.31999969482422,67.13999938964844,68.0999984741211,30989
2021-03-10,67.9000015258789,68.43000030517578,66.5199966430664,67.33000183105469,37089
2021-03-11,69.62999725341797,69.83000183105469,68.0,68.26000213623047,30629
2021-03-12,69.22000122070312,69.9000015258789,69.02999877929688,69.58999633789062,27364
2021-03-15,68.87999725341797,70.0199966430664,67.83000183105469,69.12000274658203,30212
2021-03-16,68.38999938964844,68.95999908447266,67.36000061035156,68.86000061035156,27321
2021-03-17,68.0,68.87999725341797,66.95999908447266,68.38999938964844,37607
2021-03-18,63.279998779296875,68.1500015258789,61.41999816894531,67.93000030517578,61688
2021-03-19,64.52999877929688,64.9000015258789,62.08000183105469,62.83000183105469,54241
2021-03-22,64.62000274658203,65.06999969482422,63.45000076293945,64.66000366210938,29644
2021-03-23,60.790000915527344,64.33999633789062,60.2599983215332,64.30999755859375,43200
2021-03-24,64.41000366210938,64.55999755859375,60.34000015258789,60.349998474121094,36451
2021-03-25,61.95000076293945,64.1500015258789,60.97999954223633,64.1500015258789,27894
2021-03-26,64.56999969482422,64.87999725341797,61.7400016784668,61.7400016784668,23364
2021-03-29,64.9800033569336,65.44999694824219,63.13999938964844,64.04000091552734,18231
2021-03-30,64.13999938964844,65.6500015258789,63.63999938964844,65.30999755859375,4695
2021-03-31,63.540000915527344,64.69000244140625,63.540000915527344,64.4800033569336,38444
2021-04-01,64.86000061035156,65.16000366210938,62.369998931884766,62.9900016784668,66715
2021-04-05,62.150001525878906,64.80999755859375,61.2400016784668,64.80999755859375,37285
2021-04-06,62.7400016784668,64.2699966430664,62.08000183105469,62.29999923706055,44319
2021-04-07,63.15999984741211,63.52000045776367,61.599998474121094,62.68000030517578,42225
2021-04-08,63.20000076293945,63.41999816894531,62.380001068115234,62.97999954223633,32283
2021-04-09,62.95000076293945,63.459999084472656,62.56999969482422,63.290000915527344,29073
2021-04-12,63.279998779296875,64.30999755859375,62.40999984741211,63.02000045776367,36366
2021-04-13,63.66999816894531,64.18000030517578,63.22999954223633,63.2400016784668,26957
2021-04-14,66.58000183105469,66.9000015258789,63.88999938964844,64.01000213623047,35988
2021-04-15,66.94000244140625,67.02999877929688,65.95999908447266,66.3499984741211,23442
2021-04-16,66.7699966430664,67.37999725341797,66.44999694824219,66.86000061035156,24035
2021-04-19,67.05000305175781,67.2300033569336,66.19000244140625,66.69000244140625,19740
2021-04-20,66.56999969482422,68.08000183105469,65.5,67.12000274658203,40194
2021-04-21,65.31999969482422,66.5199966430664,64.95999908447266,66.36000061035156,32764
2021-04-22,65.4000015258789,65.83999633789062,64.58000183105469,65.11000061035156,26722
2021-04-23,66.11000061035156,66.30999755859375,65.16999816894531,65.62000274658203,22397
2021-04-26,65.6500015258789,66.25,64.56999969482422,66.0199966430664,27250
2021-04-27,66.41999816894531,66.80000305175781,65.69999694824219,65.7699966430664,33604
2021-04-28,67.2699966430664,67.86000061035156,66.16000366210938,66.66000366210938,24119
2021-04-29,68.55999755859375,68.94999694824219,67.04000091552734,67.04000091552734,10592
2021-04-30,67.25,68.31999969482422,67.1500015258789,68.31999969482422,31012
2021-05-03,67.55999755859375,67.83000183105469,66.08000183105469,66.7699966430664,17852
2021-05-04,68.87999725341797,69.43000030517578,67.37999725341797,67.6500015258789,27613
2021-05-05,68.95999908447266,69.95999908447266,68.33999633789062,69.5,32004
2021-05-06,68.08999633789062,69.37000274658203,67.93000030517578,68.56999969482422,25171
2021-05-07,68.27999877929688,68.61000061035156,67.37999725341797,68.29000091552734,29163
2021-05-10,68.31999969482422,70.26000213623047,67.41000366210938,68.62000274658203,31833
2021-05-11,68.55000305175781,68.75,67.12999725341797,68.23999786376953,40504
2021-05-12,69.31999969482422,69.9000015258789,68.19000244140625,68.72000122070312,31702
2021-05-13,67.05000305175781,69.0199966430664,66.47000122070312,69.0199966430664,38726
2021-05-14,68.70999908447266,68.86000061035156,66.5,67.01000213623047,31042
2021-05-17,69.45999908447266,69.62999725341797,68.19999694824219,68.86000061035156,26662
2021-05-18,68.70999908447266,70.23999786376953,67.27999877929688,69.52999877929688,43138
2021-05-19,66.66000366210938,68.5999984741211,65.29000091552734,68.58000183105469,42607
2021-05-20,65.11000061035156,67.1500015258789,64.79000091552734,66.7300033569336,35448
2021-05-21,66.44000244140625,66.94000244140625,64.55999755859375,65.04000091552734,33829
2021-05-24,68.45999908447266,68.63999938964844,66.47000122070312,66.63999938964844,29400
2021-05-25,68.6500015258789,68.88999938964844,67.83999633789062,68.38999938964844,20377
2021-05-26,68.87000274658203,69.16000366210938,68.02999877929688,68.62999725341797,21097
2021-05-27,69.45999908447266,69.51000213623047,68.11000061035156,68.87999725341797,6546
2021-05-28,69.62999725341797,69.83000183105469,69.41999816894531,69.62000274658203,31275
2021-06-01,70.25,71.3499984741211,68.7699966430664,69.02999877929688,39925
2021-06-02,71.3499984741211,71.48999786376953,70.37000274658203,70.55999755859375,22202
2021-06-03,71.30999755859375,71.9800033569336,70.66000366210938,71.2699966430664,25178
2021-06-04,71.88999938964844,72.16999816894531,70.76000213623047,71.3499984741211,24006
2021-06-07,71.48999786376953,72.26000213623047,71.0999984741211,71.69999694824219,21019
2021-06-08,72.22000122070312,72.41000366210938,70.72000122070312,71.38999938964844,29742
2021-06-09,72.22000122070312,72.87999725341797,71.81999969482422,72.13999938964844,31013
2021-06-10,72.5199966430664,72.91999816894531,70.94999694824219,72.08999633789062,37080
2021-06-11,72.69000244140625,73.08000183105469,71.87999725341797,72.38999938964844,36538
2021-06-14,72.86000061035156,73.63999938964844,72.48999786376953,72.48999786376953,25816
2021-06-15,73.98999786376953,74.33000183105469,72.77999877929688,73.0999984741211,32191
2021-06-16,74.38999938964844,74.95999908447266,73.88999938964844,74.30000305175781,42294
2021-06-17,73.08000183105469,74.48999786376953,72.0,73.9800033569336,42085
2021-06-18,73.51000213623047,73.75,72.18000030517578,73.06999969482422,26417
2021-06-21,74.9000015258789,74.94999694824219,72.9800033569336,73.33000183105469,38734
2021-06-22,74.80999755859375,75.29000091552734,74.33999633789062,74.80999755859375,39381
2021-06-23,75.19000244140625,76.0,74.7300033569336,74.76000213623047,32883
2021-06-24,75.55999755859375,75.7699966430664,74.5199966430664,75.37000274658203,26664
2021-06-25,76.18000030517578,76.20999908447266,74.94999694824219,75.61000061035156,31417
2021-06-28,74.68000030517578,76.58999633789062,74.5199966430664,76.16000366210938,27711
2021-06-29,74.76000213623047,75.51000213623047,73.91000366210938,74.5999984741211,4089
2021-06-30,75.12999725341797,75.5999984741211,74.54000091552734,75.13999938964844,33596
2021-07-01,75.83999633789062,76.75,74.55000305175781,74.69999694824219,52210
2021-07-02,76.16999816894531,76.43000030517578,75.2300033569336,75.58999633789062,31167
2021-07-06,74.52999877929688,77.83000183105469,74.12000274658203,76.08999633789062,58679
2021-07-07,73.43000030517578,75.98999786376953,72.58999633789062,74.95999908447266,51166
2021-07-08,74.12000274658203,74.38999938964844,72.0999984741211,73.47000122070312,42366
2021-07-09,75.55000305175781,75.79000091552734,73.81999969482422,74.36000061035156,31967
2021-07-12,75.16000366210938,75.83999633789062,74.23999786376953,75.63999938964844,32255
2021-07-13,76.48999786376953,76.61000061035156,74.95999908447266,75.2300033569336,32219
2021-07-14,74.76000213623047,76.70999908447266,73.76000213623047,76.4000015258789,49772
2021-07-15,73.47000122070312,74.63999938964844,73.16000366210938,74.55000305175781,41748
2021-07-16,73.58999633789062,74.06999969482422,72.33999633789062,73.26000213623047,33536
2021-07-19,68.62000274658203,73.29000091552734,67.8499984741211,73.0,58659
2021-07-20,69.3499984741211,69.7300033569336,67.41999816894531,68.76000213623047,43067
2021-07-21,72.2300033569336,72.36000061035156,68.63999938964844,68.73999786376953,43341
2021-07-22,73.79000091552734,73.9000015258789,71.75,72.0999984741211,34425
2021-07-23,74.0999984741211,74.20999908447266,73.33000183105469,73.70999908447266,23724
2021-07-26,74.5,74.83000183105469,72.75,74.16999816894531,31628
2021-07-27,74.4800033569336,75.05000305175781,74.0199966430664,74.79000091552734,26028
2021-07-28,74.73999786376953,75.30999755859375,74.44000244140625,74.66000366210938,20863
2021-07-29,76.05000305175781,76.13999938964844,74.62999725341797,74.80999755859375,9158
2021-07-30,76.33000183105469,76.38999938964844,75.51000213623047,75.80000305175781,27919
2021-08-02,72.88999938964844,75.33000183105469,72.30999755859375,75.18000030517578,38106
2021-08-03,72.41000366210938,73.52999877929688,71.04000091552734,73.2300033569336,41458
2021-08-04,70.37999725341797,72.81999969482422,70.12000274658203,72.33000183105469,44616
2021-08-05,71.29000091552734,71.5,69.75,70.25,32444
2021-08-06,70.69999694824219,72.43000030517578,70.27999877929688,71.26000213623047,35762
2021-08-09,69.04000091552734,70.05999755859375,67.61000061035156,70.05999755859375,42738
2021-08-10,70.62999725341797,71.2300033569336,68.97000122070312,69.29000091552734,30525
2021-08-11,71.44000244140625,71.62999725341797,69.06999969482422,70.91000366210938,34214
2021-08-12,71.30999755859375,71.88999938964844,70.68000030517578,71.58000183105469,22952
2021-08-13,70.58999633789062,71.38999938964844,70.0,71.12000274658203,26874
2021-08-16,69.51000213623047,70.4000015258789,68.13999938964844,70.22000122070312,33537
2021-08-17,69.02999877929688,70.01000213623047,68.81999969482422,69.6500015258789,29163
2021-08-18,68.2300033569336,70.04000091552734,67.22000122070312,69.01000213623047,34264
2021-08-19,66.44999694824219,67.6500015258789,65.55999755859375,67.41999816894531,35816
2021-08-20,65.18000030517578,66.91999816894531,64.80000305175781,66.5999984741211,27104
2021-08-23,68.75,68.91000366210938,64.83000183105469,65.18000030517578,29582
2021-08-24,71.05000305175781,71.30000305175781,68.5199966430664,68.68000030517578,38685
2021-08-25,72.25,72.41000366210938,70.51000213623047,71.12999725341797,32345
2021-08-26,71.06999969482422,72.12999725341797,70.68000030517578,71.83999633789062,24373
2021-08-27,72.69999694824219,72.73999786376953,71.16000366210938,71.41999816894531,13316
2021-08-30,73.41000366210938,73.69999694824219,71.98999786376953,73.58999633789062,3291
2021-08-31,72.98999786376953,73.48999786376953,72.91000366210938,73.02999877929688,28933
2021-09-01,71.58999633789062,72.37000274658203,70.41000366210938,71.69999694824219,32339
2021-09-02,73.02999877929688,73.45999908447266,70.91999816894531,71.23999786376953,30185
2021-09-03,72.61000061035156,73.69999694824219,72.4000015258789,72.80999755859375,27095
2021-09-07,71.69000244140625,72.7699966430664,71.0999984741211,72.69000244140625,35294
2021-09-08,72.5999984741211,72.94999694824219,71.55999755859375,71.58000183105469,31671
2021-09-09,71.44999694824219,73.19000244140625,70.88999938964844,72.62000274658203,35106
2021-09-10,72.91999816894531,73.13999938964844,70.95999908447266,71.30999755859375,26654
2021-09-13,73.51000213623047,73.93000030517578,72.69999694824219,73.05000305175781,26510
2021-09-14,73.5999984741211,74.2699966430664,73.08000183105469,73.7300033569336,27690
2021-09-15,75.45999908447266,76.12999725341797,73.77999877929688,73.83999633789062,35197
2021-09-16,75.66999816894531,75.86000061035156,74.4800033569336,75.45999908447266,27363
2021-09-17,75.33999633789062,75.77999877929688,74.58000183105469,75.01000213623047,26771
2021-09-20,73.91999816894531,75.38999938964844,73.51000213623047,75.38999938964844,28251
2021-09-21,74.36000061035156,75.16999816894531,73.25,74.2300033569336,25140
2021-09-22,76.19000244140625,76.26000213623047,74.51000213623047,74.61000061035156,26605
2021-09-23,77.25,77.33999633789062,75.5999984741211,75.87000274658203,26832
2021-09-24,78.08999633789062,78.25,76.87000274658203,77.18000030517578,20417
2021-09-27,79.52999877929688,79.87999725341797,78.20999908447266,78.2300033569336,20799
2021-09-28,79.08999633789062,80.73999786376953,78.08000183105469,79.41999816894531,21656
2021-09-29,78.63999938964844,79.41000366210938,77.52999877929688,78.25,8319
2021-09-30,78.5199966430664,79.16000366210938,77.63999938964844,78.33000183105469,51076
2021-10-01,79.27999877929688,79.41000366210938,77.56999969482422,78.41000366210938,31697
2021-10-04,81.26000213623047,82.0,78.76000213623047,79.36000061035156,43286
2021-10-05,82.55999755859375,83.11000061035156,81.19999694824219,81.27999877929688,44439
2021-10-06,81.08000183105469,83.44000244140625,80.58999633789062,82.66000366210938,41389
2021-10-07,81.94999694824219,82.5,79.08000183105469,80.80000305175781,43830
2021-10-08,82.38999938964844,83.43000030517578,81.95999908447266,82.38999938964844,48729
2021-10-11,83.6500015258789,84.5999984741211,82.55999755859375,82.58999633789062,46216
2021-10-12,83.41999816894531,84.2300033569336,82.72000122070312,83.61000061035156,47351
2021-10-13,83.18000030517578,83.69000244140625,82.20999908447266,83.16000366210938,39594
2021-10-14,84.0,84.52999877929688,83.19000244140625,83.3499984741211,37348
2021-10-15,84.86000061035156,85.0999984741211,84.16999816894531,84.19999694824219,33044
2021-10-18,84.33000183105469,86.02999877929688,83.95999908447266,85.05000305175781,40153
2021-10-19,85.08000183105469,85.4000015258789,83.70999908447266,84.11000061035156,45141
2021-10-20,85.81999969482422,85.88999938964844,83.62999725341797,85.0999984741211,43107
2021-10-21,84.61000061035156,86.12000274658203,83.36000061035156,85.87999725341797,49004
2021-10-22,85.52999877929688,85.94000244140625,83.83000183105469,84.6500015258789,41174
2021-10-25,85.98999786376953,86.72000122070312,85.44000244140625,85.70999908447266,43061
2021-10-26,86.4000015258789,86.52999877929688,85.27999877929688,86.02999877929688,32042
2021-10-27,84.58000183105469,86.2699966430664,84.05000305175781,86.12999725341797,25643
2021-10-28,84.31999969482422,84.56999969482422,82.30999755859375,84.18000030517578,10576
2021-10-29,84.37999725341797,84.55999755859375,84.05999755859375,84.19000244140625,35155
2021-11-01,84.70999908447266,85.11000061035156,83.02999877929688,83.7300033569336,36245
2021-11-02,84.72000122070312,85.22000122070312,83.76000213623047,84.41999816894531,40105
2021-11-03,81.98999786376953,84.18000030517578,81.08000183105469,84.04000091552734,50062
2021-11-04,80.54000091552734,84.5,80.19000244140625,81.31999969482422,72626
2021-11-05,82.73999786376953,83.1500015258789,80.2699966430664,81.0,43130
2021-11-08,83.43000030517578,83.98999786376953,82.5,82.56999969482422,27655
2021-11-09,84.77999877929688,85.13999938964844,83.18000030517578,83.58999633789062,34996
2021-11-10,82.63999938964844,85.5,82.08999633789062,85.16000366210938,36273
2021-11-11,82.87000274658203,83.43000030517578,81.66000366210938,82.63999938964844,31162
2021-11-12,82.16999816894531,82.87000274658203,81.26000213623047,82.66999816894531,27167
2021-11-15,82.05000305175781,82.48999786376953,80.68000030517578,81.91999816894531,32804
2021-11-16,82.43000030517578,83.13999938964844,81.55000305175781,82.11000061035156,25767
2021-11-17,80.27999877929688,82.36000061035156,79.7699966430664,82.33000183105469,38038
2021-11-18,81.23999786376953,81.41999816894531,79.2699966430664,80.27999877929688,30490
2021-11-19,78.88999938964844,82.2300033569336,78.05000305175781,81.01000213623047,44180
2021-11-22,79.69999694824219,80.08999633789062,77.54000091552734,78.66999816894531,39085
2021-11-23,82.30999755859375,82.58999633789062,78.56999969482422,79.41999816894531,41865
2021-11-24,82.25,83.0,81.63999938964844,82.19999694824219,30734
2021-11-26,72.72000122070312,82.55999755859375,72.11000061035156,82.2699966430664,29171
2021-11-29,73.44000244140625,77.0,72.63999938964844,73.58999633789062,12507
2021-11-30,70.56999969482422,74.56999969482422,70.22000122070312,74.56999969482422,77840
2021-12-01,68.87000274658203,72.86000061035156,68.1500015258789,70.13999938964844,56808
2021-12-02,69.66999816894531,70.70999908447266,65.7699966430664,68.80999755859375,81072
2021-12-03,69.87999725341797,72.5999984741211,69.2300033569336,70.5,43639
2021-12-06,73.08000183105469,73.77999877929688,70.29000091552734,70.30000305175781,32294
2021-12-07,75.44000244140625,76.26000213623047,73.2300033569336,73.54000091552734,34533
2021-12-08,75.81999969482422,76.37000274658203,74.4000015258789,75.2699966430664,31080
2021-12-09,74.41999816894531,76.69999694824219,73.83000183105469,76.0199966430664,27715
2021-12-10,75.1500015258789,75.69999694824219,73.80000305175781,74.0999984741211,24682
2021-12-13,74.38999938964844,76.38999938964844,74.19000244140625,75.54000091552734,27562
2021-12-14,73.69999694824219,75.1500015258789,72.56999969482422,74.30000305175781,31237
2021-12-15,73.87999725341797,74.56999969482422,72.4800033569336,73.26000213623047,29294
2021-12-16,75.0199966430664,75.58999633789062,74.0,74.56999969482422,26965
2021-12-17,73.5199966430664,74.95999908447266,72.62000274658203,74.51000213623047,26087
2021-12-20,71.5199966430664,73.06999969482422,69.26000213623047,73.05999755859375,36842
2021-12-21,73.9800033569336,74.26000213623047,71.23999786376953,72.0999984741211,27386
2021-12-22,75.29000091552734,75.69000244140625,73.58999633789062,74.04000091552734,28541
2021-12-23,76.8499984741211,76.9800033569336,74.79000091552734,75.66999816894531,27624
2021-12-27,78.5999984741211,79.05999755859375,75.76000213623047,76.30000305175781,15723
2021-12-28,78.94000244140625,79.8499984741211,78.47000122070312,78.87000274658203,8523
2021-12-29,79.2300033569336,80.16000366210938,78.13999938964844,79.0,7057
2021-12-30,79.31999969482422,79.62000274658203,78.66000366210938,79.25,24512
2021-12-31,77.77999877929688,79.68000030517578,77.13999938964844,79.1500015258789,21740
2022-01-03,78.9800033569336,79.27999877929688,77.04000091552734,77.94000244140625,27224
2022-01-04,80.0,80.55000305175781,78.5999984741211,78.94999694824219,31321
2022-01-05,80.80000305175781,81.48999786376953,79.55000305175781,80.08000183105469,35152
2022-01-06,81.98999786376953,82.83999633789062,79.62999725341797,80.1500015258789,41582
2022-01-07,81.75,82.98999786376953,81.44000244140625,82.05999755859375,29501
2022-01-10,80.87000274658203,82.2699966430664,80.48999786376953,81.79000091552734,30035
2022-01-11,83.72000122070312,83.97000122070312,80.87999725341797,80.95999908447266,37934
2022-01-12,84.66999816894531,85.19999694824219,83.51000213623047,83.69000244140625,32298
2022-01-13,84.47000122070312,85.08999633789062,83.79000091552734,84.77999877929688,27107
2022-01-14,86.05999755859375,86.5,84.02999877929688,84.12999725341797,31970
2022-01-18,87.51000213623047,88.55000305175781,85.55000305175781,86.5,45875
2022-01-19,88.44000244140625,89.16999816894531,87.62999725341797,88.44999694824219,37483
2022-01-20,88.37999725341797,89.51000213623047,87.02999877929688,87.7300033569336,30524
2022-01-21,87.88999938964844,88.22000122070312,85.70999908447266,87.3499984741211,29566
2022-01-24,86.2699966430664,88.87999725341797,85.0199966430664,87.6500015258789,34253
2022-01-25,88.19999694824219,88.36000061035156,86.19000244140625,87.16999816894531,29496
2022-01-26,89.95999908447266,90.4800033569336,87.80000305175781,88.0199966430664,29805
2022-01-27,89.33999633789062,91.04000091552734,88.9800033569336,89.77999877929688,15201
2022-01-28,90.02999877929688,91.69000244140625,89.41000366210938,89.88999938964844,10824
2022-01-31,91.20999908447266,91.30000305175781,90.75,90.80000305175781,33664
2022-02-01,89.16000366210938,89.95999908447266,87.72000122070312,89.37999725341797,36248
2022-02-02,89.47000122070312,90.51000213623047,88.27999877929688,89.29000091552734,38172
2022-02-03,91.11000061035156,91.29000091552734,88.01000213623047,89.05999755859375,33059
2022-02-04,93.2699966430664,93.69999694824219,90.88999938964844,91.04000091552734,33357
2022-02-07,92.69000244140625,93.98999786376953,92.1500015258789,92.7300033569336,37016
2022-02-08,90.77999877929688,93.01000213623047,89.93000030517578,93.01000213623047,39288
2022-02-09,91.55000305175781,92.05999755859375,90.05999755859375,91.2699966430664,34759
2022-02-10,91.41000366210938,93.08999633789062,90.9000015258789,91.72000122070312,43235
2022-02-11,94.44000244140625,95.63999938964844,90.5199966430664,91.26000213623047,53045
2022-02-14,96.4800033569336,96.77999877929688,93.45999908447266,95.30999755859375,48449
2022-02-15,93.27999877929688,96.23999786376953,92.05999755859375,95.76000213623047,45181
2022-02-16,94.80999755859375,96.06999969482422,91.13999938964844,93.58999633789062,45148
2022-02-17,92.97000122070312,94.51000213623047,91.81999969482422,92.08999633789062,38045
2022-02-18,93.54000091552734,94.1500015258789,90.26000213623047,92.9800033569336,42436
2022-02-22,96.83999633789062,99.44000244140625,92.55999755859375,94.27999877929688,59945
2022-02-23,96.83999633789062,98.69999694824219,95.80000305175781,96.62999725341797,33549
2022-02-24,99.08000183105469,105.75,97.48999786376953,97.55999755859375,21282
2022-02-25,97.93000030517578,101.98999786376953,96.0,99.6500015258789,7025
2022-02-28,100.98999786376953,104.4800033569336,99.9000015258789,100.4800033569336,38241
2022-03-01,104.97000122070312,107.5999984741211,97.69000244140625,98.11000061035156,56428
2022-03-02,112.93000030517578,115.05000305175781,106.48999786376953,107.54000091552734,59273
2022-03-03,110.45999908447266,119.7699966430664,109.41999816894531,114.25,37420
2022-03-04,118.11000061035156,118.97000122070312,109.61000061035156,110.58000183105469,34984
2022-03-07,123.20999908447266,137.0,119.06999969482422,121.23999786376953,29504
2022-03-08,127.9800033569336,133.1300048828125,121.37000274658203,124.25,38358
2022-03-09,111.13999938964844,131.6300048828125,108.0,129.57000732421875,42740
2022-03-10,109.33000183105469,118.33000183105469,108.94999694824219,112.73999786376953,30414
2022-03-11,112.66999816894531,113.87999725341797,107.12999725341797,109.72000122070312,18819
2022-03-14,106.9000015258789,113.04000091552734,103.44999694824219,112.9000015258789,19364
2022-03-15,99.91000366210938,106.45999908447266,97.5,106.0,26067
2022-03-16,98.0199966430664,103.68000030517578,96.94999694824219,99.04000091552734,18514
2022-03-17,106.63999938964844,107.56999969482422,97.87999725341797,98.0999984741211,15091
2022-03-18,107.93000030517578,109.56999969482422,105.80000305175781,107.23999786376953,10489
2022-03-21,115.62000274658203,116.7300033569336,107.08999633789062,107.37000274658203,11620
2022-03-22,115.4800033569336,119.41999816894531,112.7699966430664,116.8499984741211,14222
2022-03-23,121.5999984741211,122.29000091552734,114.41999816894531,114.73999786376953,14286
2022-03-24,119.02999877929688,123.69999694824219,116.94999694824219,121.2699966430664,12778
2022-03-25,120.6500015258789,120.87000274658203,115.20999908447266,118.27999877929688,14026
2022-03-28,112.4800033569336,120.30999755859375,109.05999755859375,120.30999755859375,15212
2022-03-29,110.2300033569336,114.70999908447266,104.9800033569336,109.7300033569336,7152
2022-03-30,113.44999694824219,114.6500015258789,110.9000015258789,111.0,4472
2022-03-31,107.91000366210938,109.36000061035156,107.37000274658203,108.70999908447266,22850
2022-04-01,104.38999938964844,106.19999694824219,102.37000274658203,105.98999786376953,17144
2022-04-04,107.52999877929688,108.55000305175781,102.91000366210938,104.25,18406
2022-04-05,106.63999938964844,109.8499984741211,104.55999755859375,108.23999786376953,15613
2022-04-06,101.06999969482422,108.66000366210938,100.54000091552734,105.79000091552734,20212
2022-04-07,100.58000183105469,103.5,98.44999694824219,102.1500015258789,19577
2022-04-08,102.77999877929688,103.25,99.70999908447266,101.69000244140625,16735
2022-04-11,98.4800033569336,103.08999633789062,97.62000274658203,103.06999969482422,23852
2022-04-12,104.63999938964844,105.5999984741211,98.9800033569336,99.25,22697
2022-04-13,108.77999877929688,109.0,104.06999969482422,104.9800033569336,22260
2022-04-14,111.69999694824219,112.38999938964844,106.63999938964844,108.37000274658203,17418
2022-04-18,113.16000366210938,114.81999969482422,110.72000122070312,111.88999938964844,13187
2022-04-19,107.25,114.05000305175781,106.7699966430664,112.6500015258789,18972
2022-04-20,106.80000305175781,108.9800033569336,104.66999816894531,107.72000122070312,15985
2022-04-21,108.33000183105469,109.79000091552734,106.77999877929688,107.01000213623047,13203
2022-04-22,106.6500015258789,108.7300033569336,105.52999877929688,108.63999938964844,11040
2022-04-25,102.31999969482422,105.94999694824219,99.47000122070312,105.73999786376953,15464
2022-04-26,104.98999786376953,106.1500015258789,101.12000274658203,102.56999969482422,13279
2022-04-27,105.31999969482422,106.3499984741211,103.2699966430664,105.37000274658203,8064
2022-04-28,107.58999633789062,107.93000030517578,103.30000305175781,104.76000213623047,8567
2022-04-29,109.33999633789062,109.7699966430664,107.6500015258789,107.6500015258789,32573
2022-05-02,107.58000183105469,108.41000366210938,103.12999725341797,106.19999694824219,23606
2022-05-03,104.97000122070312,108.30000305175781,104.62000274658203,107.37000274658203,23410
2022-05-04,110.13999938964844,111.0,105.5,106.0999984741211,21158
2022-05-05,110.9000015258789,113.98999786376953,109.2300033569336,110.13999938964844,26443
2022-05-06,112.38999938964844,113.5199966430664,109.87999725341797,111.1500015258789,23902
2022-05-09,105.94000244140625,113.22000122070312,104.94999694824219,113.05000305175781,28134
2022-05-10,102.45999908447266,106.91000366210938,101.69999694824219,105.55999755859375,25904
2022-05-11,107.51000213623047,108.26000213623047,100.93000030517578,101.69999694824219,31560
2022-05-12,107.44999694824219,108.69000244140625,104.69000244140625,107.55999755859375,27037
2022-05-13,111.55000305175781,111.69000244140625,107.80999755859375,108.0,25050
2022-05-16,114.23999786376953,114.77999877929688,109.04000091552734,111.41000366210938,20871
2022-05-17,111.93000030517578,115.66000366210938,111.12000274658203,114.29000091552734,23254
2022-05-18,109.11000061035156,114.12999725341797,108.3499984741211,112.88999938964844,21217
2022-05-19,112.04000091552734,112.2699966430664,105.69999694824219,109.30000305175781,26098
2022-05-20,112.55000305175781,113.22000122070312,110.54000091552734,111.5,16942
2022-05-23,113.41999816894531,114.36000061035156,111.86000061035156,112.73999786376953,20660
2022-05-24,113.55999755859375,114.62999725341797,111.72000122070312,113.36000061035156,20941
2022-05-25,114.02999877929688,115.31999969482422,113.04000091552734,113.91999816894531,12885
2022-05-26,117.4000015258789,118.0,113.83999633789062,114.44999694824219,11590
2022-05-27,119.43000030517578,119.7300033569336,116.68000030517578,117.54000091552734,4384
2022-05-31,122.83999633789062,124.12999725341797,119.36000061035156,119.47000122070312,41020
2022-06-01,116.29000091552734,118.58000183105469,115.43000030517578,116.62999725341797,21546
2022-06-02,117.61000061035156,118.44000244140625,112.4800033569336,115.81999969482422,22117
2022-06-03,119.72000122070312,121.44000244140625,116.08000183105469,118.26000213623047,11028
2022-06-06,119.51000213623047,121.88999938964844,118.76000213623047,121.3499984741211,16523
2022-06-07,120.56999969482422,121.37999725341797,118.55999755859375,120.08000183105469,20488
2022-06-08,123.58000183105469,124.41000366210938,120.45999908447266,121.02999877929688,21778
2022-06-09,123.06999969482422,124.33000183105469,122.5,123.88999938964844,21008
2022-06-10,122.01000213623047,124.33000183105469,119.87000274658203,122.94000244140625,26036
2022-06-13,122.2699966430664,123.61000061035156,118.94999694824219,121.69000244140625,21136
2022-06-14,121.16999816894531,125.18000030517578,118.94000244140625,122.5,27702
2022-06-15,118.51000213623047,121.8499984741211,117.75,121.0,22360
2022-06-16,119.80999755859375,120.27999877929688,115.58000183105469,119.12000274658203,24329
2022-06-17,113.12000274658203,121.25,111.72000122070312,119.33999633789062,26686
2022-06-21,114.6500015258789,116.25,111.56999969482422,113.80000305175781,22868
2022-06-22,111.73999786376953,114.56999969482422,107.02999877929688,114.56999969482422,33112
2022-06-23,110.05000305175781,112.69000244140625,108.11000061035156,110.22000122070312,21806
2022-06-24,113.12000274658203,113.98999786376953,109.2699966430664,109.80999755859375,13431
2022-06-27,115.08999633789062,116.04000091552734,111.25,112.45999908447266,11252
2022-06-28,117.9800033569336,118.23999786376953,115.4000015258789,115.83999633789062,6673
2022-06-29,116.26000213623047,120.37999725341797,115.41000366210938,117.95999908447266,4346
2022-06-30,114.80999755859375,116.33000183105469,114.80999755859375,116.04000091552734,24733
2022-07-01,111.62999725341797,112.41999816894531,108.01000213623047,109.45999908447266,17090
2022-07-05,102.7699966430664,114.69000244140625,101.11000061035156,111.61000061035156,43356
2022-07-06,100.69000244140625,105.80000305175781,98.51000213623047,104.0,28820
2022-07-07,104.6500015258789,106.3499984741211,98.47000122070312,99.95999908447266,22837
2022-07-08,107.0199966430664,107.44999694824219,103.75,104.48999786376953,20610
2022-07-11,107.0999984741211,107.66000366210938,103.66000366210938,106.76000213623047,17691
2022-07-12,99.48999786376953,106.51000213623047,98.91000366210938,106.2300033569336,22827
2022-07-13,99.56999969482422,101.19999694824219,97.30000305175781,99.30999755859375,22358
2022-07-14,99.0999984741211,100.37000274658203,94.5,99.8499984741211,27515
2022-07-15,101.16000366210938,102.62000274658203,98.20999908447266,99.5999984741211,19146
2022-07-18,106.2699966430664,106.47000122070312,99.4800033569336,100.91999816894531,20217
2022-07-19,107.3499984741211,107.5999984741211,103.58999633789062,105.58999633789062,21900
2022-07-20,106.91999816894531,107.43000030517578,105.08999633789062,107.1500015258789,23989
2022-07-21,103.86000061035156,106.80000305175781,101.5199966430664,106.79000091552734,26598
2022-07-22,103.19999694824219,105.68000030517578,101.91000366210938,104.25,17586
2022-07-25,105.1500015258789,105.3499984741211,101.66999816894531,103.44000244140625,14999
2022-07-26,104.4000015258789,107.3499984741211,103.9800033569336,104.80999755859375,20242
2022-07-27,106.62000274658203,107.80000305175781,103.72000122070312,104.77999877929688,11024
2022-07-28,107.13999938964844,108.9800033569336,105.95999908447266,107.48999786376953,6831
2022-07-29,110.01000213623047,110.43000030517578,108.02999877929688,108.05000305175781,24476
2022-08-01,100.02999877929688,104.37000274658203,99.0999984741211,103.87000274658203,25670
2022-08-02,100.54000091552734,102.41000366210938,98.47000122070312,100.0,17357
2022-08-03,96.77999877929688,102.37000274658203,96.4800033569336,99.63999938964844,22263
2022-08-04,94.12000274658203,97.62999725341797,93.1500015258789,97.01000213623047,21011
2022-08-05,94.91999816894531,96.4000015258789,92.75,93.58999633789062,16576
2022-08-08,96.6500015258789,96.7300033569336,92.98999786376953,94.2699966430664,17288
2022-08-09,96.30999755859375,98.38999938964844,94.91000366210938,96.54000091552734,20553
2022-08-10,97.4000015258789,97.9800033569336,93.61000061035156,96.45999908447266,29520
2022-08-11,99.5999984741211,100.16000366210938,96.6500015258789,97.2699966430664,20958
2022-08-12,98.1500015258789,100.3499984741211,96.94000244140625,99.29000091552734,20095
2022-08-15,95.0999984741211,98.04000091552734,92.72000122070312,97.76000213623047,20714
2022-08-16,92.33999633789062,95.94999694824219,91.72000122070312,93.63999938964844,22549
2022-08-17,93.6500015258789,94.45999908447266,91.5199966430664,92.7699966430664,21011
2022-08-18,96.58999633789062,97.41000366210938,93.05000305175781,93.18000030517578,21327
2022-08-19,96.72000122070312,97.87000274658203,94.25,96.62999725341797,22212
2022-08-22,96.4800033569336,97.25,92.36000061035156,95.66000366210938,26974
2022-08-23,100.22000122070312,100.44999694824219,96.51000213623047,96.58000183105469,22624
2022-08-24,101.22000122070312,102.0,99.06999969482422,100.16000366210938,24490
2022-08-25,99.33999633789062,102.47000122070312,99.12000274658203,101.5999984741211,20704
2022-08-26,100.98999786376953,101.16999816894531,98.13999938964844,99.87999725341797,14241
2022-08-29,105.08999633789062,105.4800033569336,100.29000091552734,100.83000183105469,6048
2022-08-30,99.30999755859375,105.37000274658203,97.66999816894531,105.0,7116
2022-08-31,96.48999786376953,100.30000305175781,95.76000213623047,99.70999908447266,24672
2022-09-01,92.36000061035156,95.66000366210938,91.80999755859375,94.77999877929688,22870
2022-09-02,93.0199966430664,95.31999969482422,92.0,92.0,22869
2022-09-06,92.83000183105469,96.98999786376953,92.27999877929688,93.08999633789062,34757
2022-09-07,88.0,93.79000091552734,87.4000015258789,92.80000305175781,28966
2022-09-08,89.1500015258789,89.83000183105469,87.2300033569336,87.63999938964844,21562
2022-09-09,92.83999633789062,93.0999984741211,88.31999969482422,88.45999908447266,22448
2022-09-12,94.0,95.16999816894531,91.20999908447266,92.30000305175781,22758
2022-09-13,93.16999816894531,95.51000213623047,91.06999969482422,94.20999908447266,27762
2022-09-14,94.0999984741211,95.80999755859375,91.94999694824219,93.48999786376953,30880
2022-09-15,90.83999633789062,94.6500015258789,90.05000305175781,94.43000030517578,29483
2022-09-16,91.3499984741211,92.63999938964844,90.22000122070312,90.6500015258789,20652
2022-09-19,92.0,92.58000183105469,88.4800033569336,91.6500015258789,17627
2022-09-20,90.62000274658203,93.0199966430664,89.80000305175781,91.97000122070312,24688
2022-09-21,89.83000183105469,93.51000213623047,89.30000305175781,90.69000244140625,27621
2022-09-22,90.45999908447266,92.80000305175781,89.29000091552734,89.91999816894531,22375
2022-09-23,86.1500015258789,90.70999908447266,85.45999908447266,90.3499984741211,18951
2022-09-26,84.05999755859375,87.66000366210938,83.62999725341797,86.72000122070312,14034
2022-09-27,86.2699966430664,87.12999725341797,83.91000366210938,83.91000366210938,10008
2022-09-28,89.31999969482422,89.48999786376953,84.2699966430664,85.83000183105469,9937
2022-09-29,88.48999786376953,90.0999984741211,87.44999694824219,88.94999694824219,7456
2022-09-30,87.95999908447266,89.5199966430664,87.8499984741211,88.55999755859375,33026
2022-10-03,88.86000061035156,89.83000183105469,86.51000213623047,86.51000213623047,38251
2022-10-04,91.80000305175781,92.38999938964844,88.69000244140625,88.88999938964844,38971
2022-10-05,93.37000274658203,93.97000122070312,90.9000015258789,91.6500015258789,39563
2022-10-06,94.41999816894531,95.01000213623047,92.7300033569336,93.83000183105469,26200
2022-10-07,97.91999816894531,98.58999633789062,93.93000030517578,94.98999786376953,36871
2022-10-10,96.19000244140625,98.76000213623047,95.62000274658203,98.69999694824219,24699
2022-10-11,94.29000091552734,96.44999694824219,93.11000061035156,96.1500015258789,31431
2022-10-12,92.44999694824219,95.16999816894531,91.58000183105469,93.69000244140625,29821
2022-10-13,94.56999969482422,94.9000015258789,91.08999633789062,92.47000122070312,32826
2022-10-14,91.62999725341797,95.11000061035156,91.2699966430664,94.75,29344
2022-10-17,91.62000274658203,93.2300033569336,90.83999633789062,91.70999908447266,23783
2022-10-18,90.02999877929688,92.6500015258789,88.7699966430664,92.0199966430664,40941
2022-10-19,92.41000366210938,92.83999633789062,89.37999725341797,90.79000091552734,43364
2022-10-20,92.37999725341797,94.7699966430664,91.91999816894531,92.51000213623047,40748
2022-10-21,93.5,93.80000305175781,91.0199966430664,92.79000091552734,26861
2022-10-24,93.26000213623047,94.44000244140625,91.20999908447266,93.61000061035156,28074
2022-10-25,93.5199966430664,94.37000274658203,91.62999725341797,93.55999755859375,22553
2022-10-26,95.69000244140625,96.19000244140625,92.04000091552734,93.25,15637
2022-10-27,96.95999908447266,97.27999877929688,95.08000183105469,96.16000366210938,14677
2022-10-28,95.7699966430664,96.88999938964844,95.0,96.77999877929688,12135
2022-10-31,94.83000183105469,96.0,94.31999969482422,96.0,23096
2022-11-01,94.6500015258789,95.55000305175781,92.36000061035156,92.80000305175781,21355
2022-11-02,96.16000366210938,96.47000122070312,93.98999786376953,94.66999816894531,28689
2022-11-03,94.66999816894531,95.94000244140625,94.16000366210938,95.66000366210938,21292
2022-11-04,98.56999969482422,98.81999969482422,94.33999633789062,94.4800033569336,31256
2022-11-07,97.91999816894531,99.55999755859375,96.69999694824219,97.77999877929688,22568
2022-11-08,95.36000061035156,98.2699966430664,94.9800033569336,98.0,28901
2022-11-09,92.6500015258789,95.69000244140625,92.30000305175781,95.01000213623047,26729
2022-11-10,93.66999816894531,94.30999755859375,91.69000244140625,92.54000091552734,31486
2022-11-11,95.98999786376953,96.91999816894531,93.2699966430664,93.2699966430664,23629
2022-11-14,93.13999938964844,96.91999816894531,92.48999786376953,95.97000122070312,22959
2022-11-15,93.86000061035156,95.75,91.52999877929688,92.52999877929688,30904
2022-11-16,92.86000061035156,94.77999877929688,91.68000030517578,93.76000213623047,22376
2022-11-17,89.77999877929688,92.87999725341797,89.54000091552734,92.80000305175781,29012
2022-11-18,87.62000274658203,90.61000061035156,85.79000091552734,89.9800033569336,34614
2022-11-21,87.44999694824219,88.04000091552734,82.31999969482422,87.80000305175781,39835
2022-11-22,88.36000061035156,89.87999725341797,87.37000274658203,87.6500015258789,23782
2022-11-23,85.41000366210938,89.54000091552734,84.12000274658203,88.41000366210938,27071
2022-11-25,83.62999725341797,86.9000015258789,83.55999755859375,84.94000244140625,12021
2022-11-28,83.19000244140625,84.05000305175781,80.63999938964844,83.80000305175781,12583
2022-11-29,83.02999877929688,86.0,82.19000244140625,82.33000183105469,12182
2022-11-30,85.43000030517578,85.81999969482422,83.51000213623047,83.58000183105469,23710
2022-12-01,86.87999725341797,89.41000366210938,86.25,86.5999984741211,23123
2022-12-02,85.56999969482422,87.88999938964844,85.19000244140625,87.12999725341797,23562
2022-12-05,82.68000030517578,88.43000030517578,82.54000091552734,85.5199966430664,25039
2022-12-06,79.3499984741211,83.66999816894531,78.70999908447266,83.08999633789062,26680
2022-12-07,77.16999816894531,80.4800033569336,76.94000244140625,79.79000091552734,26919
2022-12-08,76.1500015258789,79.18000030517578,75.76000213623047,77.48999786376953,33131
2022-12-09,76.0999984741211,77.47000122070312,75.11000061035156,76.7300033569336,24479
2022-12-12,77.98999786376953,78.58000183105469,75.26000213623047,76.66999816894531,23020
2022-12-13,80.68000030517578,81.27999877929688,78.04000091552734,78.19000244140625,30052
2022-12-14,82.69999694824219,83.13999938964844,80.12999725341797,80.33999633789062,27330
2022-12-15,81.20999908447266,83.19000244140625,80.83000183105469,82.83999633789062,26470
2022-12-16,79.04000091552734,81.76000213623047,78.27999877929688,81.33999633789062,24439
2022-12-19,79.80000305175781,80.88999938964844,78.62999725341797,79.08999633789062,19676
2022-12-20,79.98999786376953,80.9000015258789,78.30000305175781,80.27999877929688,19646
2022-12-21,82.19999694824219,82.54000091552734,79.5999984741211,79.94999694824219,17234
2022-12-22,80.9800033569336,83.86000061035156,80.68000030517578,82.37000274658203,16647
2022-12-23,83.91999816894531,84.37000274658203,81.33999633789062,81.7300033569336,8621
2022-12-27,84.33000183105469,85.66999816894531,83.66000366210938,84.45999908447266,7512
2022-12-28,83.26000213623047,84.63999938964844,81.94999694824219,84.5999984741211,5384
2022-12-29,82.26000213623047,82.91000366210938,81.30000305175781,82.86000061035156,20599
2022-12-30,85.91000366210938,86.27999877929688,82.87999725341797,83.66000366210938,19375
2023-01-03,82.0999984741211,87.0199966430664,81.7699966430664,86.04000091552734,27559
2023-01-04,77.83999633789062,82.66999816894531,77.72000122070312,82.2300033569336,24772
2023-01-05,78.69000244140625,79.95999908447266,77.61000061035156,78.08999633789062,28051
2023-01-06,78.56999969482422,80.56999969482422,78.05000305175781,78.80999755859375,23767
2023-01-09,79.6500015258789,81.37000274658203,78.33999633789062,78.4800033569336,29985
2023-01-10,80.0999984741211,80.87999725341797,78.80999755859375,79.70999908447266,21541
2023-01-11,82.66999816894531,82.97000122070312,79.30000305175781,79.58999633789062,29995
2023-01-12,84.02999877929688,84.61000061035156,82.37999725341797,82.86000061035156,29360
2023-01-13,85.27999877929688,85.48999786376953,83.48999786376953,83.94999694824219,17857
2023-01-17,85.91999816894531,86.81999969482422,83.86000061035156,85.44000244140625,36658
2023-01-18,84.9800033569336,87.83999633789062,84.4000015258789,86.72000122070312,26461
2023-01-19,86.16000366210938,86.8499984741211,83.73999786376953,84.58999633789062,28822
2023-01-20,87.62999725341797,87.7699966430664,85.58000183105469,86.36000061035156,24374
2023-01-23,88.19000244140625,89.0999984741211,86.93000030517578,87.80999755859375,21194
2023-01-24,86.12999725341797,88.70999908447266,85.80999755859375,88.02999877929688,26572
2023-01-25,86.12000274658203,87.01000213623047,85.41000366210938,86.30000305175781,19993
2023-01-26,87.47000122070312,88.01000213623047,85.77999877929688,86.12999725341797,14187
2023-01-27,86.66000366210938,88.91000366210938,85.68000030517578,87.5999984741211,10012
2023-01-30,84.9000015258789,87.37000274658203,84.75,86.80000305175781,5879
2023-01-31,84.48999786376953,85.16000366210938,83.69000244140625,85.16000366210938,30498
2023-02-01,82.83999633789062,86.19999694824219,82.37000274658203,85.5199966430664,28085
2023-02-02,82.16999816894531,83.5999984741211,81.23999786376953,83.08999633789062,24611
2023-02-03,79.94000244140625,84.19000244140625,79.62000274658203,82.1500015258789,24743
2023-02-06,80.98999786376953,81.4000015258789,79.08999633789062,79.75,31365
2023-02-07,83.69000244140625,84.0999984741211,81.18000030517578,81.4000015258789,24432
2023-02-08,85.08999633789062,85.16000366210938,83.5,84.02999877929688,29853
2023-02-09,84.5,85.5,83.05999755859375,85.06999969482422,30520
2023-02-10,86.38999938964844,86.91000366210938,83.94000244140625,84.2300033569336,30882
2023-02-13,86.61000061035156,86.94999694824219,85.08999633789062,86.5999984741211,19426
2023-02-14,85.58000183105469,86.4000015258789,84.12000274658203,85.75,19585
2023-02-15,85.37999725341797,85.8499984741211,83.9000015258789,85.29000091552734,21161
2023-02-16,85.13999938964844,86.19999694824219,84.5999984741211,85.13999938964844,20089
2023-02-17,83.0,84.8499984741211,81.79000091552734,84.66999816894531,27191
2023-02-21,83.05000305175781,84.29000091552734,82.54000091552734,83.01000213623047,31936
2023-02-22,80.5999984741211,83.2300033569336,80.4000015258789,82.73999786376953,20309
2023-02-23,82.20999908447266,82.75,80.33999633789062,80.47000122070312,14474
2023-02-24,83.16000366210938,83.37999725341797,81.06999969482422,82.3499984741211,13365
2023-02-27,82.44999694824219,83.62999725341797,81.73999786376953,83.12000274658203,5691
2023-02-28,83.88999938964844,84.12000274658203,82.61000061035156,82.63999938964844,24882
2023-03-01,84.30999755859375,84.48999786376953,82.61000061035156,83.0999984741211,26723
2023-03-02,84.75,85.08999633789062,83.83999633789062,84.30999755859375,17997
2023-03-03,85.83000183105469,86.0,82.36000061035156,84.41000366210938,27594
2023-03-06,86.18000030517578,86.36000061035156,84.3499984741211,85.93000030517578,24587
2023-03-07,83.29000091552734,86.76000213623047,82.6500015258789,86.2300033569336,26092
2023-03-08,82.66000366210938,83.58999633789062,82.05000305175781,82.9800033569336,23661
2023-03-09,81.58999633789062,84.01000213623047,81.41000366210938,82.62000274658203,25018
2023-03-10,82.77999877929688,83.08000183105469,80.7300033569336,81.47000122070312,26753
2023-03-13,80.7699966430664,83.47000122070312,78.33999633789062,82.54000091552734,38195
2023-03-14,77.44999694824219,80.87999725341797,76.87999725341797,80.69000244140625,33198
2023-03-15,73.69000244140625,78.70999908447266,71.62999725341797,77.56999969482422,46598
2023-03-16,74.69999694824219,75.5199966430664,71.86000061035156,74.3499984741211,29873
2023-03-17,72.97000122070312,75.9000015258789,71.3499984741211,74.55000305175781,34734
2023-03-20,73.79000091552734,73.8499984741211,70.12999725341797,72.88999938964844,22185
2023-03-21,75.31999969482422,75.4000015258789,72.80999755859375,73.73999786376953,18784
2023-03-22,76.69000244140625,77.08999633789062,74.5199966430664,75.08999633789062,19933
2023-03-23,75.91000366210938,77.43000030517578,75.12000274658203,75.73999786376953,18685
2023-03-24,74.98999786376953,76.27999877929688,72.69000244140625,75.41999816894531,18941
2023-03-27,78.12000274658203,78.43000030517578,74.80000305175781,75.23999786376953,13874
2023-03-28,78.6500015258789,79.20999908447266,77.55000305175781,78.18000030517578,17782
2023-03-29,78.27999877929688,79.69999694824219,77.94999694824219,79.0199966430664,11027
2023-03-30,79.2699966430664,79.55000305175781,77.8499984741211,78.22000122070312,6818
2023-03-31,79.7699966430664,79.7699966430664,79.06999969482422,79.27999877929688,38477
2023-04-03,84.93000030517578,86.23999786376953,83.29000091552734,83.29000091552734,37587
2023-04-04,84.94000244140625,86.05000305175781,83.87000274658203,84.77999877929688,32987
2023-04-05,84.98999786376953,85.55000305175781,84.01000213623047,85.0999984741211,28362
2023-04-06,85.12000274658203,85.44000244140625,84.05000305175781,84.83000183105469,0
2023-04-10,84.18000030517578,85.63999938964844,84.08000183105469,84.94999694824219,14242
2023-04-11,85.61000061035156,85.68000030517578,83.75,84.27999877929688,28189
2023-04-12,87.33000183105469,87.48999786376953,85.41000366210938,85.55000305175781,36337
2023-04-13,86.08999633789062,87.47000122070312,86.05999755859375,87.1500015258789,26363
2023-04-14,86.30999755859375,86.86000061035156,85.54000091552734,86.33999633789062,28360
2023-04-17,84.76000213623047,86.51000213623047,84.3499984741211,86.2699966430664,30271
2023-04-18,84.7699966430664,85.4000015258789,83.81999969482422,84.81999969482422,27241
2023-04-19,83.12000274658203,85.1500015258789,82.41000366210938,84.86000061035156,30732
2023-04-20,81.0999984741211,83.04000091552734,80.7699966430664,83.0,26114
2023-04-21,81.66000366210938,82.04000091552734,80.44999694824219,80.83000183105469,17805
2023-04-24,82.7300033569336,82.98999786376953,80.48999786376953,81.5999984741211,16684
2023-04-25,80.7699966430664,83.05000305175781,80.3499984741211,82.58000183105469,17134
2023-04-26,77.69000244140625,81.47000122070312,77.4800033569336,81.0,15436
2023-04-27,78.37000274658203,78.62999725341797,77.38999938964844,77.87000274658203,8926
2023-04-28,79.54000091552734,79.5999984741211,77.97000122070312,78.30999755859375,26788
2023-05-01,79.30999755859375,80.19000244140625,78.12999725341797,80.18000030517578,12551
2023-05-02,75.31999969482422,79.77999877929688,75.08999633789062,79.26000213623047,35700
2023-05-03,72.33000183105469,75.55000305175781,71.68000030517578,75.2699966430664,34878
2023-05-04,72.5,73.7300033569336,68.19999694824219,71.88999938964844,30132
2023-05-05,75.30000305175781,75.7300033569336,72.41000366210938,72.6500015258789,20363
2023-05-08,77.01000213623047,77.41999816894531,74.95999908447266,75.41000366210938,17211
2023-05-09,77.44000244140625,77.48999786376953,75.06999969482422,76.8499984741211,24836
2023-05-10,76.41000366210938,77.5999984741211,75.68000030517578,77.25,30289
2023-05-11,74.9800033569336,77.4000015258789,74.62000274658203,76.63999938964844,32136
2023-05-12,74.16999816894531,75.83999633789062,74.02999877929688,75.45999908447266,26553
2023-05-15,75.2300033569336,75.75,73.48999786376953,74.25,24312
2023-05-16,74.91000366210938,75.94999694824219,74.5,75.44999694824219,23070
2023-05-17,76.95999908447266,77.30999755859375,74.08999633789062,74.68000030517578,31285
2023-05-18,75.86000061035156,76.9800033569336,75.4800033569336,76.79000091552734,20152
2023-05-19,75.58000183105469,77.5,75.0999984741211,75.9000015258789,22388
2023-05-22,75.98999786376953,76.45999908447266,74.55000305175781,75.73999786376953,22801
2023-05-23,76.83999633789062,77.73999786376953,75.6500015258789,75.97000122070312,30676
2023-05-24,78.36000061035156,78.66000366210938,77.04000091552734,77.58999633789062,33849
2023-05-25,76.26000213623047,78.5,75.12000274658203,78.26000213623047,36272
2023-05-26,76.94999694824219,77.3499984741211,75.72000122070312,76.12000274658203,15522
2023-05-30,73.54000091552734,77.73999786376953,73.16000366210938,77.37000274658203,13840
2023-05-31,72.66000366210938,73.7699966430664,71.55000305175781,73.6500015258789,34611
2023-06-01,74.27999877929688,75.25,72.01000213623047,72.08999633789062,31338
2023-06-02,76.12999725341797,76.48999786376953,74.18000030517578,74.41000366210938,26080
2023-06-05,76.70999908447266,78.72000122070312,76.30000305175781,77.5,34658
2023-06-06,76.29000091552734,76.76000213623047,74.7300033569336,76.47000122070312,27997
2023-06-07,76.94999694824219,77.62000274658203,75.51000213623047,76.06999969482422,35446
2023-06-08,75.95999908447266,77.66000366210938,73.56999969482422,76.80000305175781,45284
2023-06-09,74.79000091552734,76.55000305175781,74.72000122070312,75.52999877929688,25616
2023-06-12,71.83999633789062,74.87999725341797,71.56999969482422,74.87999725341797,33191
2023-06-13,74.29000091552734,74.6500015258789,71.94999694824219,72.0,28142
2023-06-14,73.19999694824219,75.4800033569336,73.02999877929688,74.06999969482422,26201
2023-06-15,75.66999816894531,75.95999908447266,72.91000366210938,73.47000122070312,21211
2023-06-16,76.61000061035156,76.73999786376953,75.08000183105469,75.58000183105469,20871
2023-06-20,75.9000015258789,77.1500015258789,74.5199966430664,76.2300033569336,34421
2023-06-21,77.12000274658203,77.23999786376953,75.37999725341797,75.5,22470
2023-06-22,74.13999938964844,77.19000244140625,73.58000183105469,76.95999908447266,30975
2023-06-23,73.8499984741211,74.37000274658203,72.0999984741211,74.1500015258789,15800
2023-06-26,74.18000030517578,74.83000183105469,73.43000030517578,74.44999694824219,20960
2023-06-27,72.26000213623047,74.88999938964844,72.08999633789062,74.2300033569336,15262
2023-06-28,74.02999877929688,74.20999908447266,71.58000183105469,72.55999755859375,12437
2023-06-29,74.33999633789062,74.97000122070312,73.41000366210938,73.75,6372
2023-06-30,74.9000015258789,75.12999725341797,74.25,74.25,29055
2023-07-03,74.6500015258789,76.58000183105469,74.58000183105469,75.12999725341797,24066
2023-07-05,76.6500015258789,76.94000244140625,74.77999877929688,74.94000244140625,35538
2023-07-06,76.5199966430664,77.08000183105469,75.01000213623047,76.54000091552734,29695
2023-07-07,78.47000122070312,78.52999877929688,76.0199966430664,76.4800033569336,26656
2023-07-10,77.69000244140625,78.77999877929688,77.33999633789062,78.48999786376953,21082
2023-07-11,79.4000015258789,79.5,77.63999938964844,77.86000061035156,22736
2023-07-12,80.11000061035156,80.56999969482422,79.22000122070312,79.27999877929688,25367
2023-07-13,81.36000061035156,81.75,79.87000274658203,80.1500015258789,28794
2023-07-14,79.87000274658203,81.69000244140625,79.56999969482422,81.61000061035156,23286
2023-07-17,78.5,80.62000274658203,78.26000213623047,79.44999694824219,29152
2023-07-18,79.62999725341797,80.01000213623047,78.19999694824219,78.52999877929688,30304
2023-07-19,79.45999908447266,80.94999694824219,79.18000030517578,79.80000305175781,33372
2023-07-20,79.63999938964844,80.2699966430664,78.66999816894531,79.5,24867
2023-07-21,81.06999969482422,81.23999786376953,79.66000366210938,79.66000366210938,23563
2023-07-24,82.73999786376953,83.16000366210938,80.41999816894531,80.98999786376953,28032
2023-07-25,83.63999938964844,83.87999725341797,82.23999786376953,82.83000183105469,22083
2023-07-26,82.91999816894531,83.86000061035156,82.5999984741211,83.2699966430664,19315
2023-07-27,84.23999786376953,84.51000213623047,82.98999786376953,83.02999877929688,18467
2023-07-28,84.98999786376953,85.0999984741211,83.22000122070312,84.05000305175781,11121
2023-07-31,85.55999755859375,85.66000366210938,84.5199966430664,84.87999725341797,23446
2023-08-01,84.91000366210938,85.79000091552734,84.26000213623047,85.3499984741211,27179
2023-08-02,83.19999694824219,85.9800033569336,82.75,85.7300033569336,32246
2023-08-03,85.13999938964844,85.41999816894531,82.37000274658203,83.44000244140625,30333
2023-08-04,86.23999786376953,86.6500015258789,85.11000061035156,85.31999969482422,22130
2023-08-07,85.33999633789062,86.70999908447266,85.04000091552734,86.13999938964844,19591
2023-08-08,86.16999816894531,86.3499984741211,83.31999969482422,85.83999633789062,26377
2023-08-09,87.55000305175781,87.66000366210938,85.94000244140625,86.01000213623047,29154
2023-08-10,86.4000015258789,88.0999984741211,86.1500015258789,87.37000274658203,28721
2023-08-11,86.80999755859375,87.3499984741211,85.8499984741211,86.38999938964844,33204
2023-08-14,86.20999908447266,86.69999694824219,85.5,86.63999938964844,24768
2023-08-15,84.88999938964844,86.66999816894531,84.29000091552734,86.30000305175781,29945
2023-08-16,83.44999694824219,85.36000061035156,83.12000274658203,85.12000274658203,31925
2023-08-17,84.12000274658203,84.88999938964844,83.05000305175781,83.3499984741211,33977
2023-08-18,84.80000305175781,85.06999969482422,83.31999969482422,83.83000183105469,26072
2023-08-21,84.45999908447266,85.87000274658203,84.30999755859375,85.05999755859375,27958
2023-08-22,84.02999877929688,84.6500015258789,83.83999633789062,84.38999938964844,27081
2023-08-23,83.20999908447266,84.23999786376953,81.97000122070312,83.9800033569336,35103
2023-08-24,83.36000061035156,83.61000061035156,81.97000122070312,82.98999786376953,27997
2023-08-25,84.4800033569336,84.97000122070312,82.69000244140625,83.19999694824219,20715
2023-08-28,84.41999816894531,85.22000122070312,84.11000061035156,84.87000274658203,14607
2023-08-29,85.48999786376953,85.6500015258789,83.77999877929688,84.37999725341797,14579
2023-08-30,85.86000061035156,86.20999908447266,85.12999725341797,85.62999725341797,12280
2023-08-31,86.86000061035156,86.9000015258789,85.8499984741211,85.8499984741211,33559
2023-09-01,88.55000305175781,88.95999908447266,86.73999786376953,86.81999969482422,33224
2023-09-05,90.04000091552734,91.18000030517578,88.06999969482422,88.69999694824219,46893
2023-09-06,90.5999984741211,91.11000061035156,89.25,89.9800033569336,25396
2023-09-07,89.91999816894531,90.86000061035156,89.47000122070312,90.61000061035156,22300
2023-09-08,90.6500015258789,91.0199966430664,89.30000305175781,89.80000305175781,27150
2023-09-11,90.63999938964844,91.44999694824219,90.12000274658203,90.66000366210938,29901
2023-09-12,92.05999755859375,92.41999816894531,90.54000091552734,90.55999755859375,31070
2023-09-13,91.87999725341797,92.83000183105469,91.62999725341797,91.93000030517578,31803
2023-09-14,93.69999694824219,94.20999908447266,92.02999877929688,92.19999694824219,36699
2023-09-15,93.93000030517578,94.61000061035156,92.66999816894531,94.12999725341797,35162
2023-09-18,94.43000030517578,94.94999694824219,93.77999877929688,94.19999694824219,33918
2023-09-19,94.33999633789062,95.94999694824219,94.16999816894531,94.62999725341797,43614
2023-09-20,93.52999877929688,94.7300033569336,92.76000213623047,94.4800033569336,43515
2023-09-21,93.30000305175781,94.5999984741211,92.19999694824219,93.22000122070312,38711
2023-09-22,93.2699966430664,94.62999725341797,92.80000305175781,93.31999969482422,31511
2023-09-25,93.29000091552734,94.25,92.54000091552734,93.75,18626
2023-09-26,93.95999908447266,94.20999908447266,91.80000305175781,93.26000213623047,18509
2023-09-27,96.55000305175781,97.04000091552734,94.1500015258789,94.16000366210938,23665
2023-09-28,95.37999725341797,97.62999725341797,94.75,96.62000274658203,9192
2023-09-29,95.30999755859375,96.23999786376953,94.95999908447266,95.0999984741211,47666
2023-10-02,90.70999908447266,93.31999969482422,90.3499984741211,92.19000244140625,38153
2023-10-03,90.91999816894531,91.55999755859375,89.5199966430664,90.44000244140625,50094
2023-10-04,85.80999755859375,91.19000244140625,85.7300033569336,90.95999908447266,49185
2023-10-05,84.06999969482422,86.51000213623047,83.83999633789062,86.02999877929688,44895
2023-10-06,84.58000183105469,84.95999908447266,83.44999694824219,84.22000122070312,41254
2023-10-09,88.1500015258789,89.0,86.06999969482422,86.3499984741211,37096
2023-10-10,87.6500015258789,88.47000122070312,86.91999816894531,88.11000061035156,29704
2023-10-11,85.81999969482422,88.25,85.22000122070312,87.75,37902
2023-10-12,86.0,87.63999938964844,85.18000030517578,85.5999984741211,40488
2023-10-13,90.88999938964844,90.98999786376953,86.27999877929688,86.41000366210938,44455
2023-10-16,89.6500015258789,91.38999938964844,89.48999786376953,90.91999816894531,28811
2023-10-17,89.9000015258789,90.91999816894531,88.87000274658203,90.05999755859375,27054
2023-10-18,91.5,92.97000122070312,90.5999984741211,90.9000015258789,35456
2023-10-19,92.37999725341797,93.47000122070312,89.52999877929688,91.33999633789062,34880
2023-10-20,92.16000366210938,93.79000091552734,91.68000030517578,92.8499984741211,30081
2023-10-23,89.83000183105469,92.43000030517578,89.62000274658203,92.12999725341797,36158
2023-10-24,88.06999969482422,90.66999816894531,87.3499984741211,90.3499984741211,42436
2023-10-25,90.12999725341797,90.33999633789062,86.66999816894531,88.13999938964844,47506
2023-10-26,87.93000030517578,90.36000061035156,87.55000305175781,90.04000091552734,22662
2023-10-27,90.4800033569336,90.73999786376953,87.83999633789062,88.26000213623047,21249
2023-10-30,87.44999694824219,90.30000305175781,87.22000122070312,90.30000305175781,15413
2023-10-31,87.41000366210938,88.52999877929688,87.41000366210938,87.80999755859375,35673
2023-11-01,84.62999725341797,87.22000122070312,84.55999755859375,85.44999694824219,36235
2023-11-02,86.8499984741211,87.02999877929688,84.61000061035156,84.94000244140625,31512
2023-11-03,84.88999938964844,87.77999877929688,84.55000305175781,86.86000061035156,36172
2023-11-06,85.18000030517578,86.44999694824219,84.91000366210938,85.38999938964844,26524
2023-11-07,81.61000061035156,85.31999969482422,81.41999816894531,85.2300033569336,38007
2023-11-08,79.54000091552734,81.93000030517578,79.16000366210938,81.47000122070312,36137
2023-11-09,80.01000213623047,81.4800033569336,79.44000244140625,79.77999877929688,32592
2023-11-10,81.43000030517578,82.05000305175781,79.61000061035156,79.69999694824219,20653
2023-11-13,82.5199966430664,82.81999969482422,80.41000366210938,81.44999694824219,22380
2023-11-14,82.47000122070312,83.97000122070312,82.05000305175781,82.75,25753
2023-11-15,81.18000030517578,83.01000213623047,80.80000305175781,82.37999725341797,32261
2023-11-16,77.41999816894531,81.16000366210938,76.5999984741211,80.94000244140625,37692
2023-11-17,80.61000061035156,80.80000305175781,77.27999877929688,77.52999877929688,35037
2023-11-20,82.31999969482422,82.93000030517578,79.97000122070312,80.47000122070312,24121
2023-11-21,82.44999694824219,82.52999877929688,81.41000366210938,82.12999725341797,22699
2023-11-22,81.95999908447266,82.62999725341797,78.41000366210938,82.4000015258789,40651
2023-11-23,81.37000274658203,81.62999725341797,80.18000030517578,81.62999725341797,40651
2023-11-24,80.58000183105469,82.19999694824219,80.18000030517578,81.62999725341797,19356
2023-11-27,79.9800033569336,81.18000030517578,79.12999725341797,80.33999633789062,15161
2023-11-28,81.68000030517578,82.18000030517578,79.83000183105469,80.13999938964844,15095
2023-11-29,83.0999984741211,83.23999786376953,80.95999908447266,81.93000030517578,8045
2023-11-30,82.83000183105469,84.70999908447266,82.66999816894531,82.87000274658203,59320
2023-12-01,78.87999725341797,81.5199966430664,78.75,80.47000122070312,29551
2023-12-04,78.02999877929688,79.66000366210938,77.5199966430664,79.43000030517578,32582
2023-12-05,77.19999694824219,79.06999969482422,76.9800033569336,78.19999694824219,30931
2023-12-06,74.30000305175781,77.62999725341797,74.11000061035156,77.05999755859375,34004
2023-12-07,74.05000305175781,75.4800033569336,73.61000061035156,74.30000305175781,26600
2023-12-08,75.83999633789062,76.36000061035156,74.2300033569336,74.5,21497
2023-12-11,76.02999877929688,76.4800033569336,75.0,75.66000366210938,20413
2023-12-12,73.23999786376953,76.63999938964844,72.86000061035156,76.25,29568
2023-12-13,74.26000213623047,74.69999694824219,72.30000305175781,73.36000061035156,27711
2023-12-14,76.61000061035156,77.3499984741211,74.45999908447266,74.70999908447266,28386
2023-12-15,76.55000305175781,77.22000122070312,75.33000183105469,76.5999984741211,19442
2023-12-18,77.94999694824219,79.51000213623047,75.77999877929688,76.97000122070312,30258
2023-12-19,79.2300033569336,79.66000366210938,77.43000030517578,78.05000305175781,25735
2023-12-20,79.69999694824219,80.61000061035156,79.08000183105469,79.25,26913
2023-12-21,79.38999938964844,80.12000274658203,77.8499984741211,79.13999938964844,22237
2023-12-22,79.06999969482422,80.37000274658203,78.83000183105469,79.44000244140625,12334
2023-12-26,81.06999969482422,81.70999908447266,78.80999755859375,79.19000244140625,10247
2023-12-27,79.6500015258789,81.31999969482422,79.48999786376953,80.73999786376953,8282
2023-12-28,78.38999938964844,79.95999908447266,78.33999633789062,79.83999633789062,24301
2023-12-29,77.04000091552734,77.97000122070312,76.75,77.41999816894531,20115
2024-01-02,75.88999938964844,79.04000091552734,75.5999984741211,77.20999908447266,28591
2024-01-03,78.25,78.66999816894531,74.79000091552734,75.98999786376953,32172
2024-01-04,77.58999633789062,79.4000015258789,76.5,78.5,33154
2024-01-05,78.76000213623047,79.25,77.5,77.5999984741211,30994
2024-01-08,76.12000274658203,78.94999694824219,75.26000213623047,78.5999984741211,32539
2024-01-09,77.58999633789062,78.18000030517578,75.95999908447266,76.36000061035156,27914
2024-01-10,76.80000305175781,78.7300033569336,76.37999725341797,77.45999908447266,34395
2024-01-11,77.41000366210938,79.08999633789062,76.6500015258789,76.73999786376953,35565
2024-01-12,78.29000091552734,80.73999786376953,77.93000030517578,78.45999908447266,31824
2024-01-16,78.29000091552734,79.38999938964844,76.83000183105469,78.08000183105469,46742
2024-01-17,77.87999725341797,78.18000030517578,76.5,77.86000061035156,35892
2024-01-18,79.0999984741211,79.30000305175781,77.33999633789062,78.05000305175781,28190
2024-01-19,78.55999755859375,79.75,78.33000183105469,78.9800033569336,23734
2024-01-22,80.05999755859375,80.55000305175781,77.81999969482422,78.8499984741211,27825
2024-01-23,79.55000305175781,80.44000244140625,78.69999694824219,79.91000366210938,27835
2024-01-24,80.04000091552734,80.73999786376953,79.05000305175781,79.73999786376953,22429
2024-01-25,82.43000030517578,82.55999755859375,80.06999969482422,80.30999755859375,21420
2024-01-26,83.55000305175781,83.83000183105469,81.31999969482422,82.38999938964844,19128
2024-01-29,82.4000015258789,84.79000091552734,82.04000091552734,84.12999725341797,12802
2024-01-30,82.87000274658203,83.25,81.33999633789062,82.56999969482422,7284
2024-01-31,81.70999908447266,82.80000305175781,81.70999908447266,82.58999633789062,33486
2024-02-01,78.69999694824219,81.55000305175781,78.58000183105469,80.66999816894531,48919
2024-02-02,77.33000183105469,79.44000244140625,76.86000061035156,78.91999816894531,32405
2024-02-05,77.98999786376953,78.33000183105469,76.62000274658203,77.66000366210938,24879
2024-02-06,78.58999633789062,79.06999969482422,77.6500015258789,77.94000244140625,24904
2024-02-07,79.20999908447266,79.47000122070312,78.48999786376953,78.69999694824219,26342
2024-02-08,81.62999725341797,81.88999938964844,79.0199966430664,79.37999725341797,32568
2024-02-09,82.19000244140625,82.45999908447266,81.20999908447266,81.7300033569336,26408
2024-02-12,82.0,82.20999908447266,80.79000091552734,81.76000213623047,22915
2024-02-13,82.7699966430664,83.2300033569336,81.95999908447266,82.05000305175781,29306
2024-02-14,81.5999984741211,83.61000061035156,81.38999938964844,82.66000366210938,28305
2024-02-15,82.86000061035156,83.25,80.72000122070312,81.5199966430664,31230
2024-02-16,83.47000122070312,83.66000366210938,81.9000015258789,82.83000183105469,34125
2024-02-20,82.33999633789062,83.62999725341797,82.05000305175781,83.30000305175781,34581
2024-02-21,83.02999877929688,83.16999816894531,81.66999816894531,82.55999755859375,23038
2024-02-22,83.66999816894531,83.97000122070312,82.33999633789062,83.16000366210938,27885
2024-02-23,81.62000274658203,83.4800033569336,81.44000244140625,83.41999816894531,19427
2024-02-26,82.52999877929688,83.05999755859375,81.0199966430664,81.58999633789062,15694
2024-02-27,83.6500015258789,83.73999786376953,82.0999984741211,82.55000305175781,10882
2024-02-28,83.68000030517578,84.30000305175781,82.62000274658203,83.4000015258789,6015
2024-02-29,83.62000274658203,83.73999786376953,83.04000091552734,83.6500015258789,27327
2024-03-01,83.55000305175781,84.3499984741211,81.80999755859375,81.97000122070312,30885
2024-03-04,82.80000305175781,84.06999969482422,82.58000183105469,83.58999633789062,26396
2024-03-05,82.04000091552734,83.13999938964844,81.7300033569336,82.97000122070312,37442
2024-03-06,82.95999908447266,84.05999755859375,81.88999938964844,82.08000183105469,35173
2024-03-07,82.95999908447266,83.47000122070312,82.06999969482422,82.83999633789062,32447
2024-03-08,82.08000183105469,83.83999633789062,81.70999908447266,83.33999633789062,26605
2024-03-11,82.20999908447266,82.7300033569336,81.08000183105469,81.91000366210938,28619
2024-03-12,81.91999816894531,83.01000213623047,81.69000244140625,82.43000030517578,29951
2024-03-13,84.02999877929688,84.22000122070312,81.97000122070312,82.38999938964844,34043
2024-03-14,85.41999816894531,85.68000030517578,83.94000244140625,83.9800033569336,34250
2024-03-15,85.33999633789062,85.55000305175781,84.62999725341797,85.12999725341797,23623
2024-03-18,86.88999938964844,87.18000030517578,85.26000213623047,85.37999725341797,33687
2024-03-19,87.37999725341797,87.70999908447266,86.48999786376953,86.8499984741211,30045
2024-03-20,85.94999694824219,87.3499984741211,85.58000183105469,87.22000122070312,35304
2024-03-21,85.77999877929688,86.63999938964844,85.05000305175781,86.16000366210938,23829
2024-03-22,85.43000030517578,86.1500015258789,85.11000061035156,85.55000305175781,14778
2024-03-25,86.75,87.18000030517578,85.4000015258789,85.5999984741211,21176
2024-03-26,86.25,87.05000305175781,85.80999755859375,86.7699966430664,12736
2024-03-27,86.08999633789062,86.36000061035156,85.18000030517578,85.97000122070312,8449
2024-03-28,87.4800033569336,87.4800033569336,86.31999969482422,86.52999877929688,30759
2024-04-01,87.41999816894531,87.98999786376953,86.4000015258789,86.93000030517578,29598
2024-04-02,88.91999816894531,89.27999877929688,87.6500015258789,87.80000305175781,40754
2024-04-03,89.3499984741211,89.9800033569336,88.68000030517578,89.20999908447266,35138
2024-04-04,90.6500015258789,91.30000305175781,88.7300033569336,89.5,38764
2024-04-05,91.16999816894531,91.91000366210938,90.56999969482422,91.01000213623047,37391
2024-04-08,90.37999725341797,91.0999984741211,88.80000305175781,90.30999755859375,39142
2024-04-09,89.41999816894531,90.94000244140625,89.2699966430664,90.55000305175781,33993
2024-04-10,90.4800033569336,90.66000366210938,88.83000183105469,89.51000213623047,51136
2024-04-11,89.73999786376953,90.91999816894531,89.37000274658203,90.54000091552734,47337
2024-04-12,90.44999694824219,92.18000030517578,90.01000213623047,90.29000091552734,43560
2024-04-15,90.0999984741211,91.1500015258789,88.7300033569336,90.37000274658203,35488
2024-04-16,90.0199966430664,90.83000183105469,89.41000366210938,90.43000030517578,34348
2024-04-17,87.29000091552734,90.1500015258789,87.13999938964844,90.05000305175781,45933
2024-04-18,87.11000061035156,87.79000091552734,86.0999984741211,87.44000244140625,38630
2024-04-19,87.29000091552734,90.77999877929688,86.16000366210938,86.95999908447266,45203
2024-04-22,87.0,87.25,85.79000091552734,87.04000091552734,32395
2024-04-23,88.41999816894531,88.48999786376953,86.04000091552734,87.2300033569336,35381
2024-04-24,88.0199966430664,88.80000305175781,87.6500015258789,88.45999908447266,26662
2024-04-25,89.01000213623047,89.26000213623047,87.29000091552734,88.11000061035156,24588
2024-04-26,89.5,89.83000183105469,88.80000305175781,89.20999908447266,15475
2024-04-29,88.4000015258789,89.30000305175781,88.0999984741211,89.25,15093
2024-04-30,87.86000061035156,88.70999908447266,87.47000122070312,88.31999969482422,39816
2024-05-01,83.44000244140625,85.95999908447266,83.29000091552734,85.95999908447266,48165
2024-05-02,83.66999816894531,84.41999816894531,83.02999877929688,83.55999755859375,39951
2024-05-03,82.95999908447266,84.4000015258789,82.80000305175781,83.80000305175781,31511
2024-05-06,83.33000183105469,83.81999969482422,82.76000213623047,82.9800033569336,23246
2024-05-07,83.16000366210938,83.87000274658203,82.4000015258789,83.58999633789062,33414
2024-05-08,83.58000183105469,83.81999969482422,81.72000122070312,83.04000091552734,35419
2024-05-09,83.87999725341797,84.33000183105469,83.45999908447266,83.77999877929688,25231
2024-05-10,82.79000091552734,84.5199966430664,82.70999908447266,84.20999908447266,25062
2024-05-13,83.36000061035156,83.83000183105469,82.26000213623047,82.69999694824219,29242
2024-05-14,82.37999725341797,83.62000274658203,82.0999984741211,83.5,33169
2024-05-15,82.75,83.06999969482422,81.05999755859375,82.7699966430664,41744
2024-05-16,83.2699966430664,83.77999877929688,82.30999755859375,82.93000030517578,27576
2024-05-17,83.9800033569336,84.04000091552734,83.08999633789062,83.44000244140625,23516
2024-05-20,83.70999908447266,84.5,83.12000274658203,84.0,22320
2024-05-21,82.87999725341797,83.73999786376953,82.05999755859375,83.69999694824219,29726
2024-05-22,81.9000015258789,82.63999938964844,81.58000183105469,82.4800033569336,32042
2024-05-23,81.36000061035156,82.97000122070312,80.93000030517578,81.69000244140625,27035
2024-05-24,82.12000274658203,82.44999694824219,80.66000366210938,81.54000091552734,17991
2024-05-28,84.22000122070312,84.62999725341797,82.06999969482422,82.1500015258789,23477
2024-05-29,83.5999984741211,85.01000213623047,83.30000305175781,84.62000274658203,15987
2024-05-30,81.86000061035156,83.76000213623047,81.81999969482422,83.5,9220
2024-05-31,81.62000274658203,82.12000274658203,81.18000030517578,81.77999877929688,33414
2024-06-03,78.36000061035156,81.62999725341797,78.08999633789062,81.19000244140625,42771
2024-06-04,77.5199966430664,78.20999908447266,76.75,78.16000366210938,41209
2024-06-05,78.41000366210938,78.5999984741211,77.13999938964844,77.16999816894531,37039
2024-06-06,79.87000274658203,80.06999969482422,78.37000274658203,78.58000183105469,36186
2024-06-07,79.62000274658203,80.37999725341797,79.33000183105469,80.0199966430664,26371
2024-06-10,81.62999725341797,82.16000366210938,79.3499984741211,79.41000366210938,36413
2024-06-11,81.91999816894531,82.36000061035156,81.19999694824219,81.97000122070312,35178
2024-06-12,82.5999984741211,83.33999633789062,81.97000122070312,82.12000274658203,40802
2024-06-13,82.75,83.04000091552734,81.80000305175781,82.54000091552734,39191
2024-06-14,82.62000274658203,83.38999938964844,81.91999816894531,82.13999938964844,39346
2024-06-17,84.25,84.55000305175781,82.11000061035156,82.62000274658203,32978
2024-06-18,85.33000183105469,85.4800033569336,83.66000366210938,84.4000015258789,45690
2024-06-20,85.70999908447266,85.97000122070312,84.88999938964844,85.37999725341797,52543
2024-06-21,85.23999786376953,86.2300033569336,84.83999633789062,85.68000030517578,25055
2024-06-24,86.01000213623047,86.16999816894531,84.7300033569336,85.08999633789062,28043
2024-06-25,85.01000213623047,86.31999969482422,84.76000213623047,86.1500015258789,26591
2024-06-26,85.25,85.81999969482422,84.4800033569336,84.88999938964844,18107
2024-06-27,86.38999938964844,86.51000213623047,84.88999938964844,85.25,11216
2024-06-28,86.41000366210938,87.2300033569336,86.29000091552734,86.54000091552734,38920
2024-07-01,86.5999984741211,86.87999725341797,84.87999725341797,84.9000015258789,55468
2024-07-02,86.23999786376953,87.44999694824219,86.16999816894531,86.69000244140625,52311
2024-07-03,87.33999633789062,87.37999725341797,85.88999938964844,86.5,39021
2024-07-05,86.54000091552734,87.94999694824219,86.48999786376953,87.02999877929688,51456
2024-07-08,85.75,86.91000366210938,85.55000305175781,86.75,36568
2024-07-09,84.66000366210938,85.8499984741211,84.54000091552734,85.68000030517578,44667
2024-07-10,85.08000183105469,85.6500015258789,84.0,85.01000213623047,51274
2024-07-11,85.4000015258789,85.88999938964844,84.6500015258789,85.41999816894531,47743
2024-07-12,85.02999877929688,86.33999633789062,84.95999908447266,85.58999633789062,48430
2024-07-15,84.8499984741211,85.36000061035156,84.41000366210938,85.02999877929688,36586
2024-07-16,83.7300033569336,84.87000274658203,83.30000305175781,84.86000061035156,45546
2024-07-17,85.08000183105469,85.19999694824219,83.44000244140625,83.83999633789062,44273
2024-07-18,85.11000061035156,85.81999969482422,84.22000122070312,85.19999694824219,45867
2024-07-19,82.62999725341797,85.3499984741211,82.56999969482422,84.80000305175781,45739
2024-07-22,82.4000015258789,83.20999908447266,81.58999633789062,82.83000183105469,36408
2024-07-23,81.01000213623047,82.77999877929688,80.5199966430664,82.20999908447266,45436
2024-07-24,81.70999908447266,82.22000122070312,80.94000244140625,81.48999786376953,47261
2024-07-25,82.37000274658203,82.5199966430664,80.08999633789062,81.52999877929688,51868
2024-07-26,81.12999725341797,82.69000244140625,80.31999969482422,82.44999694824219,27491
2024-07-29,79.77999877929688,81.72000122070312,79.37999725341797,81.0199966430664,22531
2024-07-30,78.62999725341797,79.94999694824219,78.41999816894531,79.83999633789062,15035
2024-07-31,80.72000122070312,80.83999633789062,79.0,79.05999755859375,54838
2024-08-01,79.5199966430664,81.80000305175781,79.44000244140625,81.51000213623047,44000
2024-08-02,76.80999755859375,80.44999694824219,76.41999816894531,80.04000091552734,58894
2024-08-05,76.30000305175781,77.75,75.05000305175781,77.44000244140625,59442
2024-08-06,76.4800033569336,77.80000305175781,75.58999633789062,77.2300033569336,45238
2024-08-07,78.33000183105469,78.86000061035156,75.94999694824219,76.19999694824219,49730
2024-08-08,79.16000366210938,79.37000274658203,77.62999725341797,78.4800033569336,40462
2024-08-09,79.66000366210938,79.81999969482422,78.7699966430664,79.01000213623047,32227
2024-08-12,82.30000305175781,82.4000015258789,79.4800033569336,79.66999816894531,45234
2024-08-13,80.69000244140625,82.30000305175781,80.55000305175781,81.98999786376953,50485
2024-08-14,79.76000213623047,81.44000244140625,79.61000061035156,80.9800033569336,50327
2024-08-15,81.04000091552734,81.41000366210938,79.6500015258789,79.98999786376953,33165
2024-08-16,79.68000030517578,81.0,78.63999938964844,80.95999908447266,33753
2024-08-19,77.66000366210938,79.75,77.5,79.6500015258789,45853
2024-08-20,77.19999694824219,78.33999633789062,76.54000091552734,77.73999786376953,39162
2024-08-21,76.05000305175781,78.19999694824219,75.6500015258789,77.08000183105469,45081
2024-08-22,77.22000122070312,77.69999694824219,75.77999877929688,76.16000366210938,33822
2024-08-23,79.0199966430664,79.26000213623047,77.05000305175781,77.12000274658203,19275
2024-08-26,81.43000030517578,81.58000183105469,79.23999786376953,79.31999969482422,25997
2024-08-27,79.55000305175781,81.56999969482422,79.4800033569336,81.22000122070312,21261
2024-08-28,78.6500015258789,80.01000213623047,77.93000030517578,79.83999633789062,16512
2024-08-29,79.94000244140625,80.79000091552734,78.11000061035156,78.36000061035156,9726
2024-08-30,78.80000305175781,80.5,78.5999984741211,79.5199966430664,50268
2024-09-03,73.75,77.61000061035156,73.5199966430664,76.88999938964844,70646
2024-09-04,72.69999694824219,74.79000091552734,72.3499984741211,73.68000030517578,56979
2024-09-05,72.69000244140625,74.18000030517578,72.36000061035156,72.62000274658203,47879
2024-09-06,71.05999755859375,73.5199966430664,70.62000274658203,72.8499984741211,36035
2024-09-09,71.83999633789062,72.22000122070312,70.6500015258789,71.5199966430664,35995
2024-09-10,69.19000244140625,72.26000213623047,68.69000244140625,71.9000015258789,47963
2024-09-11,70.61000061035156,71.08000183105469,69.01000213623047,69.68000030517578,42995
2024-09-12,71.97000122070312,72.86000061035156,70.58999633789062,70.72000122070312,42690
2024-09-13,71.61000061035156,73.2300033569336,71.4800033569336,72.37000274658203,34281
2024-09-16,72.75,73.37999725341797,71.5199966430664,72.0199966430664,36417
2024-09-17,73.69999694824219,74.2699966430664,72.16999816894531,73.01000213623047,38565
2024-09-18,73.6500015258789,74.08999633789062,72.30999755859375,73.68000030517578,35693
2024-09-19,74.87999725341797,75.19000244140625,72.87999725341797,72.9000015258789,36126
2024-09-20,74.48999786376953,75.01000213623047,74.0,74.87999725341797,27358
2024-09-23,73.9000015258789,75.16000366210938,73.11000061035156,74.76000213623047,29116
2024-09-24,75.16999816894531,75.87000274658203,73.97000122070312,74.27999877929688,31341
2024-09-25,73.45999908447266,75.31999969482422,73.04000091552734,75.12999725341797,31571
2024-09-26,71.5999984741211,73.7699966430664,70.7699966430664,73.47000122070312,18234
2024-09-27,71.9800033569336,72.36000061035156,70.93000030517578,71.23999786376953,7872
2024-09-30,71.7699966430664,73.0999984741211,71.38999938964844,71.83999633789062,41928
2024-10-01,73.55999755859375,75.44999694824219,69.91000366210938,72.0,90111
2024-10-02,73.9000015258789,76.12999725341797,73.58999633789062,74.4000015258789,53911
2024-10-03,77.62000274658203,77.97000122070312,74.30999755859375,74.7300033569336,68997
2024-10-04,78.05000305175781,79.30000305175781,77.38999938964844,77.98999786376953,57481
2024-10-07,80.93000030517578,81.16000366210938,77.26000213623047,78.01000213623047,55050
2024-10-08,77.18000030517578,82.08000183105469,76.37000274658203,81.16000366210938,66184
2024-10-09,76.58000183105469,78.0199966430664,75.1500015258789,77.5199966430664,46931
2024-10-10,79.4000015258789,79.72000122070312,76.73999786376953,76.75,43562
2024-10-11,79.04000091552734,79.48999786376953,78.05000305175781,79.2300033569336,44341
2024-10-14,77.45999908447266,78.5999984741211,75.38999938964844,78.5999984741211,35593
2024-10-15,74.25,75.62999725341797,73.33000183105469,75.20999908447266,47877
2024-10-16,74.22000122070312,74.91999816894531,73.41999816894531,74.72000122070312,40980
2024-10-17,74.44999694824219,74.91000366210938,73.25,74.5,36901
2024-10-18,73.05999755859375,74.94000244140625,72.48999786376953,74.5199966430664,34009
2024-10-21,74.29000091552734,74.55999755859375,72.80000305175781,73.13999938964844,29891
2024-10-22,76.04000091552734,76.31999969482422,73.56999969482422,74.13999938964844,36505
2024-10-23,74.95999908447266,76.01000213623047,74.44000244140625,75.6500015258789,28090
2024-10-24,74.37999725341797,76.52999877929688,74.0,75.20999908447266,23845
2024-10-25,76.05000305175781,76.13999938964844,74.16999816894531,74.55000305175781,20056
2024-10-28,71.41999816894531,74.0,71.16999816894531,74.0,28003
2024-10-29,71.12000274658203,72.56999969482422,70.7300033569336,72.11000061035156,16776
2024-10-30,72.55000305175781,73.08000183105469,71.16000366210938,71.31999969482422,11034
2024-10-31,73.16000366210938,73.36000061035156,72.37000274658203,72.76000213623047,36772
2024-11-01,73.0999984741211,74.94999694824219,72.88999938964844,74.12999725341797,32059
2024-11-04,75.08000183105469,75.38999938964844,73.7300033569336,73.7300033569336,31292
2024-11-05,75.52999877929688,76.2300033569336,74.91999816894531,75.19999694824219,40233
2024-11-06,74.91999816894531,76.01000213623047,73.3499984741211,75.48999786376953,57996
2024-11-07,75.62999725341797,76.06999969482422,74.05000305175781,75.11000061035156,41262
2024-11-08,73.87000274658203,75.62000274658203,73.44000244140625,75.5199966430664,35855
2024-11-11,71.83000183105469,74.12999725341797,71.58999633789062,73.73999786376953,33838
2024-11-12,71.88999938964844,72.81999969482422,71.55999755859375,71.91999816894531,38295
2024-11-13,72.27999877929688,72.62000274658203,70.75,71.77999877929688,43666
2024-11-14,72.55999755859375,73.22000122070312,71.80000305175781,71.98999786376953,32367
2024-11-15,71.04000091552734,72.47000122070312,70.83999633789062,72.43000030517578,30126
2024-11-18,73.30000305175781,73.45999908447266,70.69999694824219,70.87999725341797,30425
2024-11-19,73.30999755859375,73.87000274658203,72.61000061035156,73.18000030517578,32668
2024-11-20,72.80999755859375,73.94000244140625,72.69999694824219,73.33999633789062,26041
2024-11-21,74.2300033569336,74.37000274658203,72.91000366210938,73.12000274658203,35756
2024-11-22,75.16999816894531,75.41999816894531,73.51000213623047,74.29000091552734,29569
2024-11-25,73.01000213623047,75.30999755859375,72.8499984741211,75.20999908447266,29335
2024-11-26,72.80999755859375,74.33000183105469,72.12000274658203,73.12000274658203,17616
2024-11-27,72.83000183105469,73.3499984741211,72.2699966430664,72.94000244140625,10246
2024-11-29,72.94000244140625,73.5,72.12000274658203,72.91999816894531,45282
2024-12-02,71.83000183105469,72.87999725341797,71.5199966430664,71.73999786376953,31283
2024-12-03,73.62000274658203,73.9000015258789,71.69000244140625,71.86000061035156,40365
2024-12-04,72.30999755859375,74.26000213623047,72.25,73.80999755859375,36988
2024-12-05,72.08999633789062,72.9000015258789,71.80000305175781,72.44999694824219,32373
2024-12-06,71.12000274658203,72.2300033569336,70.83000183105469,72.16999816894531,27572
2024-12-09,72.13999938964844,72.6500015258789,70.95999908447266,71.04000091552734,25921
2024-12-10,72.19000244140625,72.72000122070312,71.52999877929688,71.93000030517578,32220
2024-12-11,73.5199966430664,73.73999786376953,72.0199966430664,72.02999877929688,35954
2024-12-12,73.41000366210938,73.9800033569336,72.43000030517578,73.58999633789062,36231
2024-12-13,74.48999786376953,74.58999633789062,73.2699966430664,73.43000030517578,26225
2024-12-16,73.91000366210938,74.54000091552734,73.69999694824219,74.51000213623047,25458
2024-12-17,73.19000244140625,74.18000030517578,72.45999908447266,73.86000061035156,26356
2024-12-18,73.38999938964844,74.19000244140625,72.80000305175781,73.33999633789062,25873
2024-12-19,72.87999725341797,73.87000274658203,72.52999877929688,72.93000030517578,27742
2024-12-20,72.94000244140625,73.27999877929688,71.97000122070312,72.70999908447266,25362
2024-12-23,72.62999725341797,73.37000274658203,71.9800033569336,72.83000183105469,20997
2024-12-24,73.58000183105469,73.80999755859375,72.77999877929688,72.83999633789062,8922
2024-12-26,73.26000213623047,74.18000030517578,72.9800033569336,73.77999877929688,5773
2024-12-27,74.16999816894531,74.33999633789062,73.06999969482422,73.13999938964844,5515
2024-12-30,74.38999938964844,75.04000091552734,73.76000213623047,74.2300033569336,30436
2024-12-31,74.63999938964844,74.87999725341797,73.83999633789062,74.0999984741211,20588
2025-01-02,75.93000030517578,76.54000091552734,74.7300033569336,74.87999725341797,41474
2025-01-03,76.51000213623047,76.73999786376953,75.52999877929688,75.9000015258789,38822
2025-01-06,76.30000305175781,77.5,75.94000244140625,76.58999633789062,49229
2025-01-07,77.05000305175781,77.2699966430664,75.91999816894531,76.23999786376953,37188
2025-01-08,76.16000366210938,77.88999938964844,76.02999877929688,77.23999786376953,46650
2025-01-09,76.91999816894531,77.2699966430664,75.69999694824219,76.16000366210938,31706
2025-01-10,79.76000213623047,80.76000213623047,77.04000091552734,77.20999908447266,92049
2025-01-13,81.01000213623047,81.66999816894531,79.54000091552734,79.55000305175781,77109
2025-01-14,79.91999816894531,81.13999938964844,79.86000061035156,80.91000366210938,67129
2025-01-15,82.02999877929688,82.62999725341797,79.62999725341797,80.31999969482422,69122
2025-01-16,81.29000091552734,82.55000305175781,80.38999938964844,82.44000244140625,69075
2025-01-17,80.79000091552734,81.93000030517578,80.55999755859375,81.30999755859375,42284
2025-01-21,79.29000091552734,81.23999786376953,78.47000122070312,80.94000244140625,83935
2025-01-22,79.0,79.9000015258789,78.80999755859375,79.30999755859375,40868
2025-01-23,78.29000091552734,79.58999633789062,77.80000305175781,78.91000366210938,46348
2025-01-24,78.5,78.95999908447266,77.61000061035156,77.87999725341797,30464
2025-01-27,77.08000183105469,78.98999786376953,76.31999969482422,78.55000305175781,40623
2025-01-28,77.48999786376953,78.13999938964844,76.83000183105469,77.06999969482422,29822
2025-01-29,76.58000183105469,77.69999694824219,76.30000305175781,77.62999725341797,19845
2025-01-30,76.87000274658203,77.55000305175781,75.98999786376953,76.86000061035156,8389
2025-01-31,76.76000213623047,77.08000183105469,76.51000213623047,77.0,50618
2025-02-03,75.95999908447266,77.52999877929688,75.04000091552734,76.81999969482422,75087
2025-02-04,76.19999694824219,76.66999816894531,74.12999725341797,75.5199966430664,62716
2025-02-05,74.61000061035156,76.3499984741211,74.55000305175781,76.08000183105469,30739
2025-02-06,74.29000091552734,75.38999938964844,74.08999633789062,74.5999984741211,41460
2025-02-07,74.66000366210938,75.08999633789062,74.19000244140625,74.19999694824219,35634
2025-02-10,75.87000274658203,76.06999969482422,74.54000091552734,74.54000091552734,27341
2025-02-11,77.0,77.2699966430664,75.88999938964844,76.05000305175781,37979
2025-02-12,75.18000030517578,76.88999938964844,74.94999694824219,76.81999969482422,47048
2025-02-13,75.0199966430664,75.33000183105469,74.05000305175781,74.97000122070312,37759
2025-02-14,74.73999786376953,75.83000183105469,74.48999786376953,75.23999786376953,41397
2025-02-18,75.83999633789062,76.05000305175781,74.19000244140625,74.63999938964844,50542
2025-02-19,76.04000091552734,76.81999969482422,75.75,75.80000305175781,30426
2025-02-20,76.4800033569336,77.13999938964844,75.70999908447266,76.04000091552734,33347
2025-02-21,74.43000030517578,76.75,74.20999908447266,76.55999755859375,28100
2025-02-24,74.77999877929688,74.91000366210938,73.91000366210938,73.91000366210938,17858
2025-02-25,73.0199966430664,75.25,72.69999694824219,74.88999938964844,19080
2025-02-26,72.52999877929688,73.33999633789062,72.38999938964844,73.13999938964844,11916
2025-02-27,74.04000091552734,74.26000213623047,72.4800033569336,72.69000244140625,7925
2025-02-28,73.18000030517578,73.73999786376953,72.97000122070312,73.7300033569336,36432
2025-03-03,71.62000274658203,73.66000366210938,71.16999816894531,73.06999969482422,51816
2025-03-04,71.04000091552734,71.45999908447266,69.75,71.44999694824219,58867
2025-03-05,69.30000305175781,71.16000366210938,68.33999633789062,71.13999938964844,51721
2025-03-06,69.45999908447266,69.87999725341797,68.7300033569336,69.44999694824219,49024
2025-03-07,70.36000061035156,71.37999725341797,69.27999877929688,69.37999725341797,46468
2025-03-10,69.27999877929688,70.86000061035156,69.05999755859375,70.44000244140625,33488
2025-03-11,69.55999755859375,70.43000030517578,68.62999725341797,69.41000366210938,26933
2025-03-12,70.94999694824219,71.08999633789062,69.47000122070312,69.8499984741211,30577
2025-03-13,69.87999725341797,71.23999786376953,69.68000030517578,70.9800033569336,33450
2025-03-14,70.58000183105469,70.75,69.94000244140625,70.08000183105469,24740
2025-03-17,71.06999969482422,71.79000091552734,70.68000030517578,70.68000030517578,29314
2025-03-18,70.55999755859375,72.19000244140625,70.26000213623047,70.93000030517578,32008
2025-03-19,70.77999877929688,71.22000122070312,69.9000015258789,70.36000061035156,26898
2025-03-20,72.0,72.29000091552734,70.52999877929688,70.86000061035156,33049
2025-03-21,72.16000366210938,72.54000091552734,71.51000213623047,72.2300033569336,23983
2025-03-24,73.0,73.16000366210938,71.80000305175781,72.19999694824219,31456
2025-03-25,73.0199966430664,73.56999969482422,72.5,73.08999633789062,30415
2025-03-26,73.79000091552734,74.16999816894531,73.08999633789062,73.18000030517578,27419
2025-03-27,74.02999877929688,74.06999969482422,73.2300033569336,73.98999786376953,19183
2025-03-28,73.62999725341797,74.20999908447266,73.12000274658203,74.05999755859375,12292
2025-03-31,74.73999786376953,74.79000091552734,73.37000274658203,73.41999816894531,53426
2025-04-01,74.48999786376953,75.27999877929688,74.33999633789062,74.62999725341797,54055
2025-04-02,74.94999694824219,75.45999908447266,73.70999908447266,74.4000015258789,61062
2025-04-03,70.13999938964844,73.62000274658203,69.47000122070312,73.58999633789062,100212
2025-04-04,65.58000183105469,70.05000305175781,64.01000213623047,69.80999755859375,121211
2025-04-07,64.20999908447266,67.41000366210938,62.5099983215332,64.79000091552734,114411
2025-04-08,62.81999969482422,65.19000244140625,61.279998779296875,64.44000244140625,89690
2025-04-09,65.4800033569336,66.0199966430664,58.38999938964844,61.54999923706055,127044
2025-04-10,63.33000183105469,66.2300033569336,62.0099983215332,65.80999755859375,78111
2025-04-11,64.76000213623047,65.05000305175781,62.7599983215332,63.45000076293945,58543
2025-04-14,64.87999725341797,65.9000015258789,64.04000091552734,64.88999938964844,43786
2025-04-15,64.66999816894531,65.38999938964844,64.2300033569336,64.93000030517578,40096
2025-04-16,65.8499984741211,66.30999755859375,63.79999923706055,64.86000061035156,50308
2025-04-17,67.95999908447266,68.12999725341797,65.94999694824219,66.01000213623047,39781
2025-04-21,66.26000213623047,67.77999877929688,65.68000030517578,67.77999877929688,38512
2025-04-22,67.44000244140625,68.04000091552734,66.55000305175781,66.5999984741211,46152
2025-04-23,66.12000274658203,68.63999938964844,65.29000091552734,67.76000213623047,58914
2025-04-24,66.55000305175781,67.02999877929688,65.80999755859375,66.22000122070312,36169
2025-04-25,66.87000274658203,67.18000030517578,65.55999755859375,66.56999969482422,30729
2025-04-28,65.86000061035156,67.52999877929688,65.25,67.20999908447266,21525
2025-04-29,64.25,65.80999755859375,63.88999938964844,65.75,17528
2025-04-30,63.119998931884766,63.75,63.0,63.54999923706055,79025
2025-05-01,62.130001068115234,62.36000061035156,59.310001373291016,61.13999938964844,66984
2025-05-02,61.290000915527344,62.720001220703125,60.70000076293945,61.880001068115234,58444
2025-05-05,60.22999954223633,60.77000045776367,58.40999984741211,59.5099983215332,49504
2025-05-06,62.150001525878906,62.79999923706055,60.189998626708984,60.279998779296875,63444
2025-05-07,61.119998931884766,63.209999084472656,60.849998474121094,62.06999969482422,60579
2025-05-08,62.84000015258789,63.209999084472656,60.779998779296875,60.93000030517578,56931
2025-05-09,63.90999984741211,64.2699966430664,62.849998474121094,63.25,51994
2025-05-12,64.95999908447266,66.37999725341797,63.88999938964844,64.2300033569336,62946
2025-05-13,66.62999725341797,66.80000305175781,64.6500015258789,64.91999816894531,55567
2025-05-14,66.08999633789062,66.58999633789062,65.68000030517578,66.5199966430664,49980
2025-05-15,64.52999877929688,65.83999633789062,63.439998626708984,65.76000213623047,70642
2025-05-16,65.41000366210938,65.54000091552734,64.16999816894531,64.62999725341797,38629
2025-05-19,65.54000091552734,66.01000213623047,64.43000030517578,65.30999755859375,43539
2025-05-20,65.37999725341797,66.0,64.8499984741211,65.56999969482422,42663
2025-05-21,64.91000366210938,67.48999786376953,64.61000061035156,65.61000061035156,58658
2025-05-22,64.44000244140625,65.0199966430664,63.529998779296875,64.63999938964844,45811
2025-05-23,64.77999877929688,65.04000091552734,63.310001373291016,64.0199966430664,29810
2025-05-27,64.08999633789062,65.41000366210938,63.470001220703125,65.0199966430664,34117
2025-05-28,64.9000015258789,65.61000061035156,64.02999877929688,64.31999969482422,17817
2025-05-29,64.1500015258789,66.12999725341797,63.779998779296875,65.30000305175781,10456
2025-05-30,63.900001525878906,64.5199966430664,63.70000076293945,63.81999969482422,63546
2025-06-02,64.62999725341797,65.70999908447266,62.970001220703125,63.040000915527344,57349
2025-06-03,65.62999725341797,65.94000244140625,64.5199966430664,65.02999877929688,43536
2025-06-04,64.86000061035156,65.95999908447266,64.27999877929688,65.61000061035156,56182
2025-06-05,65.33999633789062,65.86000061035156,64.62999725341797,64.91000366210938,38658
2025-06-06,66.47000122070312,66.66999816894531,64.81999969482422,65.19999694824219,39490
2025-06-09,67.04000091552734,67.12999725341797,66.08000183105469,66.5999984741211,35213
2025-06-10,66.87000274658203,68.0,66.4800033569336,67.11000061035156,40266
2025-06-11,69.7699966430664,69.95999908447266,66.47000122070312,66.56999969482422,58118
2025-06-12,69.36000061035156,70.61000061035156,68.37000274658203,70.36000061035156,60336
2025-06-13,74.2300033569336,78.52999877929688,69.91999816894531,70.2699966430664,175031
2025-06-16,73.2300033569336,78.4800033569336,70.63999938964844,76.80999755859375,100509
2025-06-17,76.44999694824219,77.08000183105469,72.52999877929688,72.80999755859375,88748
2025-06-18,76.69999694824219,77.43000030517578,74.44000244140625,77.19000244140625,0
2025-06-20,77.01000213623047,79.0199966430664,75.52999877929688,76.12000274658203,98821
2025-06-23,71.4800033569336,81.4000015258789,69.54000091552734,80.01000213623047,100475
2025-06-24,67.13999938964844,70.7300033569336,66.80999755859375,70.5999984741211,62358
2025-06-25,67.68000030517578,68.76000213623047,67.31999969482422,67.91999816894531,23618
2025-06-26,67.7300033569336,69.04000091552734,67.38999938964844,67.75,13057
2025-06-27,67.7699966430664,68.41000366210938,67.20999908447266,67.95999908447266,8218
2025-06-30,67.61000061035156,68.12000274658203,67.11000061035156,67.16999816894531,32957
2025-07-01,67.11000061035156,67.4800033569336,66.33999633789062,66.58999633789062,29256
2025-07-02,69.11000061035156,69.19999694824219,66.94000244140625,67.20999908447266,50268
2025-07-03,68.80000305175781,69.12999725341797,68.30999755859375,69.0199966430664,0
2025-07-04,68.29000091552734,68.91000366210938,67.75,68.80999755859375,0
2025-07-07,69.58000183105469,69.93000030517578,67.36000061035156,67.61000061035156,59456
2025-07-08,70.1500015258789,70.66000366210938,69.05000305175781,69.54000091552734,34109
2025-07-09,70.19000244140625,70.69999694824219,69.61000061035156,69.9000015258789,42186
2025-07-10,68.63999938964844,70.48999786376953,68.52999877929688,70.19000244140625,52295
2025-07-11,70.36000061035156,70.69000244140625,68.55999755859375,68.98999786376953,40262
2025-07-14,69.20999908447266,71.51000213623047,69.0199966430664,70.52999877929688,62179
2025-07-15,68.70999908447266,69.4000015258789,68.55999755859375,69.0999984741211,51233
2025-07-16,68.5199966430664,69.06999969482422,67.70999908447266,68.9000015258789,55511
2025-07-17,69.5199966430664,69.62000274658203,68.29000091552734,68.69000244140625,50817
2025-07-18,69.27999877929688,70.77999877929688,69.13999938964844,69.55999755859375,52366
2025-07-21,69.20999908447266,69.62000274658203,68.41999816894531,69.22000122070312,41204
2025-07-22,68.58999633789062,69.0999984741211,68.11000061035156,69.02999877929688,50140
2025-07-23,68.51000213623047,69.08000183105469,68.0,68.72000122070312,37734
2025-07-24,69.18000030517578,69.52999877929688,68.5,68.72000122070312,39597
2025-07-25,68.44000244140625,69.88999938964844,68.30000305175781,69.26000213623047,27384
2025-07-28,70.04000091552734,70.44999694824219,68.38999938964844,68.47000122070312,31485
2025-07-29,72.51000213623047,73.06999969482422,69.88999938964844,70.38999938964844,24345
2025-07-30,73.23999786376953,73.62999725341797,71.75,72.68000030517578,15242
2025-07-31,72.52999877929688,73.48999786376953,72.41999816894531,73.4000015258789,56020
2025-08-01,69.66999816894531,71.98999786376953,69.41000366210938,71.7699966430664,68855
2025-08-04,68.76000213623047,69.9800033569336,67.98999786376953,69.0,41788
2025-08-05,67.63999938964844,68.8499984741211,67.52999877929688,68.75,47388
2025-08-06,66.88999938964844,69.19000244140625,66.22000122070312,67.76000213623047,62159
2025-08-07,66.43000030517578,67.63999938964844,66.2699966430664,66.87999725341797,44063
2025-08-08,66.58999633789062,67.19000244140625,65.5,66.37999725341797,52157
2025-08-11,66.62999725341797,67.11000061035156,65.83000183105469,66.2300033569336,31132
2025-08-12,66.12000274658203,67.04000091552734,65.97000122070312,66.72000122070312,33110
2025-08-13,65.62999725341797,66.33000183105469,65.0,66.05000305175781,40497
2025-08-14,66.83999633789062,66.9800033569336,65.56999969482422,65.7699966430664,34810
2025-08-15,65.8499984741211,67.08000183105469,65.7300033569336,66.80000305175781,35864
2025-08-18,66.5999984741211,66.80999755859375,65.30999755859375,65.94999694824219,35004
2025-08-19,65.79000091552734,66.58000183105469,65.5999984741211,66.55999755859375,32562
2025-08-20,66.83999633789062,67.05000305175781,65.81999969482422,65.93000030517578,39505
2025-08-21,67.66999816894531,67.77999877929688,66.73999786376953,66.94999694824219,29950
2025-08-22,67.7300033569336,68.0199966430664,67.41999816894531,67.62000274658203,27481
2025-08-25,68.80000305175781,69.05999755859375,67.58000183105469,67.83999633789062,19094
2025-08-26,67.22000122070312,68.7300033569336,67.11000061035156,68.7300033569336,21046
2025-08-27,68.05000305175781,68.0999984741211,66.91999816894531,67.23999786376953,16597
2025-08-28,68.62000274658203,68.66000366210938,67.4000015258789,67.70999908447266,8829
2025-08-29,68.12000274658203,68.36000061035156,68.02999877929688,68.26000213623047,0
2025-09-02,69.13999938964844,69.51000213623047,67.08999633789062,67.43000030517578,55307
2025-09-03,67.5999984741211,69.2300033569336,67.37999725341797,69.05999755859375,45108
2025-09-04,66.98999786376953,67.48999786376953,66.31999969482422,67.44000244140625,42152
2025-09-05,65.5,67.05000305175781,65.08000183105469,66.83999633789062,38287
2025-09-08,66.0199966430664,67.02999877929688,65.5199966430664,65.80999755859375,29078
2025-09-09,66.38999938964844,67.38999938964844,66.13999938964844,66.16999816894531,38860
2025-09-10,67.48999786376953,67.7699966430664,66.44000244140625,66.44000244140625,38789
2025-09-11,66.37000274658203,67.61000061035156,66.16000366210938,67.58000183105469,34565
2025-09-12,66.98999786376953,68.1500015258789,65.72000122070312,66.30999755859375,50762
2025-09-15,67.44000244140625,67.83999633789062,66.79000091552734,67.22000122070312,26320
2025-09-16,68.47000122070312,68.69000244140625,67.0,67.48999786376953,34128
2025-09-17,67.94999694824219,68.58999633789062,67.62000274658203,68.41000366210938,30515
2025-09-18,67.44000244140625,68.41000366210938,67.19000244140625,67.88999938964844,29610
2025-09-19,66.68000030517578,67.55999755859375,66.43000030517578,67.45999908447266,24400
2025-09-22,66.56999969482422,67.30000305175781,65.94000244140625,66.66999816894531,23634
2025-09-23,67.62999725341797,68.08000183105469,66.12000274658203,66.58999633789062,27893
2025-09-24,69.30999755859375,69.36000061035156,67.5199966430664,67.86000061035156,28459
2025-09-25,69.41999816894531,69.66999816894531,68.44000244140625,69.08999633789062,21388
2025-09-26,70.12999725341797,70.7699966430664,69.11000061035156,69.69999694824219,11917
2025-09-29,67.97000122070312,69.93000030517578,67.55000305175781,69.47000122070312,8229
2025-09-30,67.0199966430664,67.58999633789062,66.91000366210938,67.58999633789062,46335
2025-10-01,65.3499984741211,66.56999969482422,65.04000091552734,66.08999633789062,44601
2025-10-02,64.11000061035156,66.12000274658203,64.0,65.4000015258789,52074
2025-10-03,64.52999877929688,65.0,64.20999908447266,64.30000305175781,38970
2025-10-06,65.47000122070312,65.7699966430664,64.76000213623047,64.81999969482422,38055
2025-10-07,65.44999694824219,65.83000183105469,64.5199966430664,65.54000091552734,36191
2025-10-08,66.25,66.52999877929688,65.77999877929688,65.80999755859375,38630
2025-10-09,65.22000122070312,66.55999755859375,64.95999908447266,66.08999633789062,40845
2025-10-10,62.72999954223633,65.3499984741211,62.130001068115234,65.16999816894531,54929
2025-10-13,63.31999969482422,63.95000076293945,62.66999816894531,62.66999816894531,35368
2025-10-14,62.38999938964844,63.619998931884766,61.5,63.439998626708984,44016
2025-10-15,61.90999984741211,63.02000045776367,61.790000915527344,62.279998779296875,40209
2025-10-16,61.060001373291016,62.75,60.84000015258789,62.439998626708984,46229
2025-10-17,61.290000915527344,61.45000076293945,60.150001525878906,61.11000061035156,50372
2025-10-20,61.0099983215332,61.54999923706055,60.06999969482422,61.43000030517578,33883
2025-10-21,61.31999969482422,62.09000015258789,60.34000015258789,60.90999984741211,45150
2025-10-22,62.59000015258789,63.91999816894531,61.400001525878906,61.619998931884766,46114
2025-10-23,65.98999786376953,66.33999633789062,63.849998474121094,64.25,87705
2025-10-24,65.94000244140625,66.7699966430664,65.44000244140625,65.87000274658203,38354
2025-10-27,65.62000274658203,66.5999984741211,65.08000183105469,66.26000213623047,32237
2025-10-28,64.4000015258789,65.79000091552734,64.0,65.79000091552734,33807
2025-10-29,64.91999816894531,65.37999725341797,63.93000030517578,64.48999786376953,16478
2025-10-30,65.0,65.16000366210938,64.05999755859375,64.8499984741211,10024
2025-10-31,65.06999969482422,65.5,64.5199966430664,64.75,44972
2025-11-03,64.88999938964844,65.30999755859375,64.33000183105469,65.06999969482422,0
2025-11-04,64.44000244140625,64.83999633789062,63.83000183105469,64.81999969482422,36655
2025-11-05,63.52000045776367,64.94000244140625,63.43000030517578,64.26000213623047,42320
2025-11-06,63.380001068115234,64.33000183105469,62.83000183105469,63.58000183105469,43138
2025-11-07,63.630001068115234,64.37999725341797,63.2400016784668,63.63999938964844,36620
2025-11-10,64.05999755859375,64.30999755859375,63.33000183105469,63.689998626708984,30891
2025-11-11,65.16000366210938,65.29000091552734,63.61000061035156,63.970001220703125,41959
2025-11-12,62.709999084472656,65.20999908447266,62.560001373291016,65.20999908447266,42279
2025-11-13,63.0099983215332,63.439998626708984,62.34000015258789,62.66999816894531,36603
2025-11-14,64.38999938964844,64.8499984741211,63.04999923706055,63.04999923706055,58912
2025-11-17,64.19999694824219,64.72000122070312,63.65999984741211,64.0199966430664,33667
2025-11-18,64.88999938964844,65.08000183105469,63.61000061035156,64.0,36791
2025-11-19,63.5099983215332,64.86000061035156,62.869998931884766,64.7300033569336,38776
2025-11-20,63.380001068115234,64.38999938964844,62.95000076293945,63.59000015258789,42345
2025-11-21,62.560001373291016,63.13999938964844,61.869998931884766,63.130001068115234,43029
2025-11-24,63.369998931884766,63.529998779296875,61.93000030517578,62.560001373291016,30888
2025-11-25,62.47999954223633,63.40999984741211,61.61000061035156,63.40999984741211,26580
2025-11-26,63.130001068115234,63.20000076293945,62.119998931884766,62.599998474121094,21288
2025-11-28,63.20000076293945,63.459999084472656,62.810001373291016,63.0099983215332,31795
2025-12-01,63.16999816894531,63.810001373291016,62.689998626708984,62.689998626708984,31203
2025-12-02,62.45000076293945,63.43000030517578,62.16999816894531,63.29999923706055,39539
2025-12-03,62.66999816894531,63.349998474121094,62.16999816894531,62.43000030517578,40622
2025-12-04,63.2599983215332,63.61000061035156,62.529998779296875,62.7599983215332,32164
2025-12-05,63.75,64.08000183105469,63.06999969482422,63.29999923706055,26349
2025-12-08,62.4900016784668,63.959999084472656,62.349998474121094,63.900001525878906,38815
2025-12-09,61.939998626708984,62.779998779296875,61.83000183105469,62.5,32575
2025-12-10,62.209999084472656,62.72999954223633,61.349998474121094,62.13999938964844,45191
2025-12-11,61.279998779296875,62.619998931884766,60.75,62.619998931884766,48635
2025-12-12,61.119998931884766,61.849998474121094,60.810001373291016,61.599998474121094,42931
2025-12-15,60.560001373291016,61.5,60.130001068115234,61.15999984741211,42976
2025-12-16,58.91999816894531,60.40999984741211,58.720001220703125,60.33000183105469,48212
2025-12-17,59.68000030517578,60.65999984741211,58.90999984741211,58.939998626708984,50078
2025-12-18,59.81999969482422,60.720001220703125,59.54999923706055,60.63999938964844,31064
2025-12-19,60.470001220703125,60.63999938964844,59.40999984741211,59.77000045776367,36104
2025-12-22,62.06999969482422,62.15999984741211,60.560001373291016,60.56999969482422,35138
2025-12-23,62.380001068115234,62.54999923706055,61.72999954223633,61.9900016784668,26231
2025-12-24,62.2400016784668,62.720001220703125,62.02000045776367,62.43000030517578,14966
2025-12-26,60.63999938964844,62.689998626708984,60.59000015258789,62.349998474121094,9687
2025-12-29,61.939998626708984,62.150001525878906,60.95000076293945,61.040000915527344,9170
2025-12-30,61.91999816894531,62.33000183105469,61.5099983215332,61.70000076293945,30567
