Price,Close,High,Low,Open,Volume
Ticker,^INDIAVIX,^INDIAVIX,^INDIAVIX,^INDIAVIX,^INDIAVIX
Date,,,,,
2008-03-03,35.7599983215332,41.540000915527344,28.489999771118164,28.489999771118164,0
2008-03-04,38.08000183105469,51.06999969482422,30.59000015258789,38.08000183105469,0
2008-03-05,35.5099983215332,38.7599983215332,27.950000762939453,38.08000183105469,0
2008-03-07,35.20000076293945,39.34000015258789,27.049999237060547,36.95000076293945,0
2008-03-10,32.58000183105469,47.95000076293945,25.329999923706055,25.329999923706055,0
2008-03-11,32.689998626708984,37.540000915527344,29.75,30.719999313354492,0
2008-03-12,32.36000061035156,34.060001373291016,24.059999465942383,31.190000534057617,0
2008-03-13,34.150001525878906,37.83000183105469,25.280000686645508,37.83000183105469,0
2008-03-14,31.110000610351562,37.81999969482422,29.06999969482422,36.31999969482422,0
2008-03-17,33.43000030517578,38.54999923706055,28.229999542236328,33.45000076293945,0
2008-03-18,37.84000015258789,49.029998779296875,31.780000686645508,31.780000686645508,0
2008-03-19,35.4900016784668,41.84000015258789,30.040000915527344,37.84000015258789,0
2008-03-24,35.209999084472656,39.040000915527344,29.6299991607666,35.4900016784668,0
2008-03-25,33.29999923706055,36.02000045776367,30.459999084472656,35.209999084472656,0
2008-03-26,37.18000030517578,45.810001373291016,28.079999923706055,33.29999923706055,0
2008-03-27,37.279998779296875,39.40999984741211,27.399999618530273,37.18000030517578,0
2008-03-28,33.06999969482422,46.150001525878906,28.43000030517578,46.150001525878906,0
2008-03-31,35.13999938964844,37.91999816894531,28.56999969482422,33.06999969482422,0
2008-04-01,35.099998474121094,38.380001068115234,28.59000015258789,31.239999771118164,0
2008-04-02,33.619998931884766,38.40999984741211,27.6299991607666,35.099998474121094,0
2008-04-03,36.68000030517578,37.22999954223633,30.280000686645508,33.619998931884766,0
2008-04-04,36.93000030517578,37.22999954223633,30.329999923706055,36.68000030517578,0
2008-04-07,30.989999771118164,36.93000030517578,22.489999771118164,36.93000030517578,0
2008-04-08,31.399999618530273,33.709999084472656,26.770000457763672,30.989999771118164,0
2008-04-09,38.2400016784668,39.36000061035156,28.3700008392334,31.399999618530273,0
2008-04-10,30.520000457763672,38.2400016784668,28.450000762939453,38.2400016784668,0
2008-04-11,33.83000183105469,34.7599983215332,21.34000015258789,30.520000457763672,0
2008-04-15,30.229999542236328,42.41999816894531,23.969999313354492,23.969999313354492,0
2008-04-16,27.940000534057617,31.8700008392334,24.010000228881836,30.229999542236328,0
2008-04-17,27.100000381469727,27.100000381469727,27.100000381469727,27.100000381469727,0
2008-04-21,27.100000381469727,27.100000381469727,27.100000381469727,27.100000381469727,0
2008-04-22,39.619998931884766,39.619998931884766,39.619998931884766,39.619998931884766,0
2008-04-23,32.369998931884766,32.369998931884766,32.369998931884766,32.369998931884766,0
2008-04-24,28.729999542236328,28.729999542236328,28.729999542236328,28.729999542236328,0
2008-04-25,27.399999618530273,27.399999618530273,27.399999618530273,27.399999618530273,0
2008-04-28,27.6200008392334,27.6200008392334,27.6200008392334,27.6200008392334,0
2008-04-29,26.15999984741211,27.6200008392334,25.56999969482422,27.6200008392334,0
2008-04-30,26.15999984741211,26.15999984741211,22.489999771118164,26.15999984741211,0
2008-05-02,24.209999084472656,26.020000457763672,22.43000030517578,25.15999984741211,0
2008-05-05,25.06999969482422,26.90999984741211,19.950000762939453,24.209999084472656,0
2008-05-06,24.90999984741211,28.5,23.059999465942383,25.06999969482422,0
2008-05-07,25.059999465942383,30.18000030517578,22.200000762939453,24.90999984741211,0
2008-05-08,25.940000534057617,27.25,23.639999389648438,25.059999465942383,0
2008-05-09,27.530000686645508,30.809999465942383,23.3799991607666,25.940000534057617,0
2008-05-12,31.5,32.11000061035156,19.059999465942383,27.530000686645508,0
2008-05-13,33.43000030517578,33.529998779296875,26.09000015258789,31.5,0
2008-05-14,29.219999313354492,33.43000030517578,24.790000915527344,33.43000030517578,0
2008-05-15,29.020000457763672,30.079999923706055,15.850000381469727,29.219999313354492,0
2008-05-16,23.25,30.75,22.3799991607666,29.020000457763672,0
2008-05-20,24.989999771118164,28.670000076293945,11.739999771118164,28.670000076293945,0
2008-05-21,27.860000610351562,30.530000686645508,8.739999771118164,30.530000686645508,0
2008-05-22,34.86000061035156,35.790000915527344,24.1299991607666,27.860000610351562,0
2008-05-23,34.029998779296875,40.0099983215332,24.729999542236328,34.86000061035156,0
2008-05-26,33.0099983215332,34.029998779296875,25.06999969482422,34.029998779296875,0
2008-05-27,28.59000015258789,34.150001525878906,25.600000381469727,33.0099983215332,0
2008-05-28,32.630001068115234,41.619998931884766,23.559999465942383,28.59000015258789,0
2008-05-29,28.079999923706055,38.439998626708984,25.670000076293945,32.630001068115234,0
2008-05-30,26.68000030517578,35.470001220703125,26.59000015258789,28.079999923706055,0
2008-06-02,29.489999771118164,29.489999771118164,25.020000457763672,26.68000030517578,0
2008-06-03,28.489999771118164,42.68000030517578,27.100000381469727,42.68000030517578,0
2008-06-04,29.81999969482422,32.66999816894531,26.170000076293945,28.489999771118164,0
2008-06-05,30.31999969482422,38.790000915527344,25.309999465942383,29.81999969482422,0
2008-06-09,32.43000030517578,35.290000915527344,19.360000610351562,32.869998931884766,0
2008-06-10,30.229999542236328,33.22999954223633,25.290000915527344,25.989999771118164,0
2008-06-11,29.639999389648438,39.11000061035156,19.530000686645508,19.530000686645508,0
2008-06-12,29.229999542236328,37.36000061035156,27.8700008392334,29.639999389648438,0
2008-06-13,30.700000762939453,41.18000030517578,16.719999313354492,31.40999984741211,0
2008-06-16,29.020000457763672,38.63999938964844,14.470000267028809,14.470000267028809,0
2008-06-17,28.959999084472656,37.79999923706055,13.770000457763672,30.700000762939453,0
2008-06-18,31.81999969482422,34.439998626708984,22.280000686645508,24.760000228881836,0
2008-06-19,32.31999969482422,44.29999923706055,31.610000610351562,31.81999969482422,0
2008-06-20,28.190000534057617,57.849998474121094,22.459999084472656,32.31999969482422,0
2008-06-23,31.1200008392334,48.20000076293945,28.190000534057617,28.190000534057617,0
2008-06-24,34.04999923706055,67.5199966430664,29.950000762939453,31.1200008392334,0
2008-06-25,36.459999084472656,53.15999984741211,33.130001068115234,34.04999923706055,0
2008-06-26,32.849998474121094,47.709999084472656,31.709999084472656,36.459999084472656,0
2008-06-27,32.20000076293945,62.029998779296875,31.649999618530273,32.849998474121094,0
2008-06-30,30.959999084472656,64.38999938964844,30.81999969482422,32.20000076293945,0
2008-07-01,31.420000076293945,56.63999938964844,30.959999084472656,30.959999084472656,0
2008-07-02,35.380001068115234,56.209999084472656,31.420000076293945,31.420000076293945,0
2008-07-03,36.2599983215332,59.810001373291016,33.81999969482422,35.380001068115234,0
2008-07-04,35.66999816894531,57.7599983215332,35.040000915527344,36.2599983215332,0
2008-07-07,37.290000915527344,37.310001373291016,32.09000015258789,35.66999816894531,0
2008-07-08,36.040000915527344,49.15999984741211,32.77000045776367,37.290000915527344,0
2008-07-09,34.27000045776367,77.68000030517578,30.270000457763672,36.040000915527344,0
2008-07-10,32.16999816894531,40.4900016784668,28.690000534057617,34.27000045776367,0
2008-07-11,33.0099983215332,36.61000061035156,29.829999923706055,32.16999816894531,0
2008-07-14,31.510000228881836,55.709999084472656,30.610000610351562,38.47999954223633,0
2008-07-15,49.77000045776367,49.79999923706055,24.350000381469727,31.510000228881836,0
2008-07-16,31.100000381469727,54.880001068115234,30.65999984741211,40.0099983215332,0
2008-07-17,35.34000015258789,53.59000015258789,25.420000076293945,34.93000030517578,0
2008-07-18,36.25,45.5099983215332,25.34000015258789,35.34000015258789,0
2008-07-21,40.47999954223633,49.810001373291016,31.989999771118164,36.619998931884766,0
2008-07-22,35.54999923706055,48.84000015258789,34.04999923706055,35.77000045776367,0
2008-07-23,37.77000045776367,37.81999969482422,10.15999984741211,35.54999923706055,0
2008-07-24,40.290000915527344,51.650001525878906,29.34000015258789,39.83000183105469,0
2008-07-25,42.290000915527344,52.0099983215332,29.190000534057617,40.290000915527344,0
2008-07-28,54.060001373291016,55.20000076293945,33.540000915527344,42.290000915527344,0
2008-07-29,61.72999954223633,63.220001220703125,32.290000915527344,54.060001373291016,0
2008-07-30,51.720001220703125,61.72999954223633,34.689998626708984,61.72999954223633,0
2008-07-31,39.060001373291016,53.9900016784668,37.900001525878906,41.689998626708984,0
2008-08-01,38.4900016784668,41.93000030517578,35.099998474121094,40.2599983215332,0
2008-08-04,40.2400016784668,44.93000030517578,31.729999542236328,38.4900016784668,0
2008-08-05,35.65999984741211,40.619998931884766,33.15999984741211,40.2400016784668,0
2008-08-06,34.91999816894531,42.06999969482422,31.670000076293945,35.65999984741211,0
2008-08-07,35.66999816894531,45.529998779296875,27.280000686645508,34.91999816894531,0
2008-08-08,35.13999938964844,41.599998474121094,29.829999923706055,29.829999923706055,0
2008-08-11,31.3700008392334,37.650001525878906,21.6200008392334,21.6200008392334,0
2008-08-12,33.88999938964844,42.5099983215332,27.18000030517578,27.18000030517578,0
2008-08-13,34.7599983215332,48.02000045776367,18.959999084472656,19.510000228881836,0
2008-08-14,35.2400016784668,47.65999984741211,27.56999969482422,31.920000076293945,0
2008-08-19,34.91999816894531,61.9900016784668,27.049999237060547,29.549999237060547,0
2008-08-20,33.95000076293945,37.029998779296875,11.100000381469727,36.11000061035156,0
2008-08-21,36.54999923706055,73.22000122070312,32.439998626708984,33.95000076293945,0
2008-08-22,35.7599983215332,79.7699966430664,32.560001373291016,36.54999923706055,0
2008-08-25,45.11000061035156,45.56999969482422,33.349998474121094,35.7599983215332,0
2008-08-26,33.900001525878906,45.2599983215332,28.559999465942383,45.11000061035156,0
2008-08-27,32.79999923706055,76.5199966430664,31.760000228881836,33.900001525878906,0
2008-08-28,33.310001373291016,73.29000091552734,28.389999389648438,32.79999923706055,0
2008-08-29,31.670000076293945,33.310001373291016,28.200000762939453,28.200000762939453,0
2008-09-01,31.280000686645508,49.70000076293945,29.469999313354492,49.70000076293945,0
2008-09-02,30.450000762939453,42.5099983215332,24.700000762939453,42.5099983215332,0
2008-09-04,31.229999542236328,32.7599983215332,23.59000015258789,23.59000015258789,0
2008-09-05,32.650001525878906,57.88999938964844,28.639999389648438,30.709999084472656,0
2008-09-08,30.770000457763672,56.189998626708984,28.860000610351562,38.27000045776367,0
2008-09-09,30.360000610351562,40.439998626708984,27.43000030517578,40.439998626708984,0
2008-09-10,32.119998931884766,33.790000915527344,26.34000015258789,30.09000015258789,0
2008-09-11,32.72999954223633,37.560001373291016,28.399999618530273,30.299999237060547,0
2008-09-12,30.43000030517578,58.11000061035156,27.510000228881836,32.72999954223633,0
2008-09-15,33.119998931884766,63.31999969482422,32.20000076293945,39.7599983215332,0
2008-09-16,34.900001525878906,53.619998931884766,33.119998931884766,53.619998931884766,0
2008-09-17,33.9900016784668,66.08999633789062,30.610000610351562,33.27000045776367,0
2008-09-18,39.560001373291016,68.33000183105469,29.8799991607666,54.290000915527344,0
2008-09-19,39.119998931884766,50.08000183105469,38.08000183105469,39.560001373291016,0
2008-09-22,37.970001220703125,49.68000030517578,36.08000183105469,39.119998931884766,0
2008-09-23,38.7400016784668,53.83000183105469,36.58000183105469,42.439998626708984,0
2008-09-24,35.61000061035156,49.970001220703125,34.43000030517578,41.380001068115234,0
2008-09-25,34.09000015258789,40.68000030517578,32.209999084472656,36.130001068115234,0
2008-09-26,33.959999084472656,35.27000045776367,33.599998474121094,33.97999954223633,0
2008-09-29,34.900001525878906,37.84000015258789,32.2599983215332,37.84000015258789,0
2008-09-30,37.189998626708984,51.4900016784668,34.900001525878906,51.4900016784668,0
2008-10-01,35.540000915527344,37.189998626708984,34.97999954223633,37.189998626708984,0
2008-10-03,35.099998474121094,40.220001220703125,33.7599983215332,40.220001220703125,0
2008-10-06,33.75,44.790000915527344,32.380001068115234,44.11000061035156,0
2008-10-07,39.29999923706055,48.08000183105469,33.75,48.08000183105469,0
2008-10-08,39.33000183105469,52.689998626708984,30.229999542236328,30.229999542236328,0
2008-10-10,39.33000183105469,39.33000183105469,39.33000183105469,39.33000183105469,0
2008-10-13,46.4900016784668,57.779998779296875,40.81999969482422,40.81999969482422,0
2008-10-14,46.4900016784668,46.4900016784668,46.4900016784668,46.4900016784668,0
2008-10-15,46.06999969482422,46.47999954223633,36.68000030517578,36.68000030517578,0
2008-10-16,47.810001373291016,54.779998779296875,32.029998779296875,32.029998779296875,0
2008-10-17,46.720001220703125,50.09000015258789,30.389999389648438,30.389999389648438,0
2008-10-20,57.130001068115234,74.80000305175781,39.04999923706055,46.720001220703125,0
2008-10-21,56.0,57.790000915527344,47.2400016784668,47.2400016784668,0
2008-10-22,54.75,74.12999725341797,30.690000534057617,56.0,0
2008-10-23,54.970001220703125,66.70999908447266,31.469999313354492,54.75,0
2008-10-24,45.5,82.58999633789062,45.5,54.970001220703125,0
2008-10-27,67.5,90.0199966430664,56.119998931884766,87.05000305175781,0
2008-10-29,68.3499984741211,79.94999694824219,63.06999969482422,63.06999969482422,0
2008-10-31,68.3499984741211,68.3499984741211,68.3499984741211,68.3499984741211,0
2008-11-03,67.83999633789062,88.68000030517578,60.150001525878906,88.68000030517578,0
2008-11-04,62.150001525878906,84.51000213623047,58.650001525878906,58.650001525878906,0
2008-11-05,66.75,68.80000305175781,47.15999984741211,47.15999984741211,0
2008-11-06,62.150001525878906,62.150001525878906,62.150001525878906,62.150001525878906,0
2008-11-07,67.22000122070312,72.37000274658203,62.75,69.26000213623047,0
2008-11-10,63.7599983215332,67.05000305175781,57.900001525878906,59.08000183105469,0
2008-11-11,66.98999786376953,66.98999786376953,62.400001525878906,62.400001525878906,0
2008-11-12,70.62000274658203,74.36000061035156,57.70000076293945,62.970001220703125,0
2008-11-14,70.08000183105469,92.52999877929688,55.22999954223633,65.54000091552734,0
2008-11-17,85.12999725341797,91.77999877929688,58.869998931884766,61.43000030517578,0
2008-11-18,64.66000366210938,77.33000183105469,63.45000076293945,63.56999969482422,0
2008-11-19,60.84000015258789,79.4000015258789,54.279998779296875,59.310001373291016,0
2008-11-20,65.55000305175781,70.81999969482422,60.84000015258789,60.84000015258789,0
2008-11-21,64.45999908447266,90.12000274658203,61.31999969482422,65.55000305175781,0
2008-11-24,62.810001373291016,62.810001373291016,62.810001373291016,62.810001373291016,0
2008-11-25,59.560001373291016,62.59000015258789,59.150001525878906,59.150001525878906,0
2008-11-26,56.209999084472656,78.5999984741211,55.47999954223633,59.560001373291016,0
2008-11-28,57.439998626708984,62.54999923706055,52.9900016784668,56.209999084472656,0
2008-12-01,55.2599983215332,57.439998626708984,50.529998779296875,57.439998626708984,0
2008-12-02,54.29999923706055,55.2599983215332,51.869998931884766,55.2599983215332,0
2008-12-03,54.65999984741211,57.029998779296875,51.15999984741211,54.29999923706055,0
2008-12-04,51.84000015258789,55.220001220703125,48.459999084472656,48.459999084472656,0
2008-12-05,52.04999923706055,56.11000061035156,47.439998626708984,51.84000015258789,0
2008-12-08,50.279998779296875,56.09000015258789,44.90999984741211,52.04999923706055,0
2008-12-10,50.36000061035156,53.560001373291016,47.2400016784668,47.2400016784668,0
2008-12-11,51.75,51.959999084472656,44.43000030517578,45.630001068115234,0
2008-12-12,49.43000030517578,65.16000366210938,48.13999938964844,51.75,0
2008-12-15,48.099998474121094,52.65999984741211,47.849998474121094,47.849998474121094,0
2008-12-16,44.90999984741211,49.220001220703125,44.90999984741211,48.099998474121094,0
2008-12-17,44.90999984741211,63.02000045776367,44.90999984741211,44.90999984741211,0
2008-12-18,45.4900016784668,62.91999816894531,41.439998626708984,49.970001220703125,0
2008-12-19,44.90999984741211,49.220001220703125,44.90999984741211,48.099998474121094,0
2008-12-22,41.459999084472656,51.9900016784668,36.97999954223633,38.4900016784668,0
2008-12-23,45.70000076293945,60.599998474121094,41.459999084472656,41.459999084472656,0
2008-12-24,41.790000915527344,53.5099983215332,41.75,45.70000076293945,0
2008-12-26,45.15999984741211,46.52000045776367,41.4900016784668,41.790000915527344,0
2008-12-29,43.88999938964844,46.400001525878906,43.79999923706055,45.15999984741211,0
2008-12-30,42.5099983215332,44.95000076293945,42.369998931884766,42.86000061035156,0
2008-12-31,43.09000015258789,44.119998931884766,42.5099983215332,42.5099983215332,0
2009-01-02,40.66999816894531,42.0099983215332,39.439998626708984,39.439998626708984,0
2009-01-05,38.599998474121094,41.75,37.09000015258789,37.349998474121094,0
2009-01-06,38.72999954223633,40.790000915527344,35.61000061035156,39.18000030517578,0
2009-01-07,44.36000061035156,46.65999984741211,32.709999084472656,39.279998779296875,0
2009-01-09,47.81999969482422,49.68000030517578,40.84000015258789,40.84000015258789,0
2009-01-12,47.81999969482422,47.81999969482422,47.81999969482422,47.81999969482422,0
2009-01-13,53.470001220703125,54.0099983215332,42.68000030517578,44.70000076293945,0
2009-01-14,53.470001220703125,53.470001220703125,53.470001220703125,53.470001220703125,0
2009-01-15,45.16999816894531,48.2599983215332,44.41999816894531,44.41999816894531,0
2009-01-16,44.29999923706055,45.029998779296875,42.61000061035156,42.61000061035156,0
2009-01-19,44.459999084472656,45.709999084472656,44.290000915527344,45.709999084472656,0
2009-01-20,45.0,45.810001373291016,44.880001068115234,45.52000045776367,0
2009-01-21,45.40999984741211,46.20000076293945,43.34000015258789,45.0,0
2009-01-22,45.54999923706055,53.09000015258789,38.13999938964844,46.540000915527344,0
2009-01-23,34.0099983215332,47.47999954223633,30.950000762939453,45.54999923706055,0
2009-01-27,42.86000061035156,44.95000076293945,41.810001373291016,44.95000076293945,0
2009-01-28,40.7599983215332,42.86000061035156,40.650001525878906,42.86000061035156,0
2009-01-29,43.11000061035156,45.61000061035156,40.33000183105469,40.7599983215332,0
2009-01-30,42.099998474121094,47.2400016784668,41.66999816894531,43.11000061035156,0
2009-02-02,43.689998626708984,59.540000915527344,41.83000183105469,41.83000183105469,0
2009-02-03,49.2400016784668,49.869998931884766,39.4900016784668,43.79999923706055,0
2009-02-04,44.38999938964844,46.279998779296875,38.9900016784668,38.9900016784668,0
2009-02-05,43.91999816894531,57.779998779296875,40.20000076293945,40.20000076293945,0
2009-02-06,50.650001525878906,51.02000045776367,38.400001525878906,38.400001525878906,0
2009-02-09,44.58000183105469,52.939998626708984,37.11000061035156,37.11000061035156,0
2009-02-10,44.29999923706055,45.650001525878906,40.93000030517578,41.619998931884766,0
2009-02-11,46.650001525878906,53.040000915527344,41.95000076293945,45.66999816894531,0
2009-02-12,45.650001525878906,49.689998626708984,38.52000045776367,39.52000045776367,0
2009-02-13,43.310001373291016,50.33000183105469,40.5,45.650001525878906,0
2009-02-16,42.560001373291016,50.41999816894531,36.38999938964844,43.310001373291016,0
2009-02-17,44.0,51.970001220703125,35.060001373291016,35.060001373291016,0
2009-02-18,43.040000915527344,58.61000061035156,37.11000061035156,37.11000061035156,0
2009-02-19,43.040000915527344,48.20000076293945,42.90999984741211,43.040000915527344,0
2009-02-20,45.209999084472656,47.029998779296875,41.130001068115234,42.90999984741211,0
2009-02-24,45.20000076293945,46.47999954223633,43.86000061035156,44.70000076293945,0
2009-02-25,41.939998626708984,45.20000076293945,41.279998779296875,45.20000076293945,0
2009-02-26,39.869998931884766,41.869998931884766,39.130001068115234,39.130001068115234,0
2009-02-27,40.61000061035156,42.77000045776367,39.369998931884766,39.869998931884766,0
2009-03-02,43.36000061035156,44.779998779296875,40.61000061035156,40.61000061035156,0
2009-03-03,44.439998626708984,44.54999923706055,41.84000015258789,43.36000061035156,0
2009-03-04,42.77000045776367,44.439998626708984,42.45000076293945,44.439998626708984,0
2009-03-05,41.560001373291016,49.72999954223633,41.400001525878906,42.77000045776367,0
2009-03-06,37.970001220703125,41.58000183105469,37.5,41.560001373291016,0
2009-03-09,41.029998779296875,41.290000915527344,37.970001220703125,39.970001220703125,0
2009-03-12,38.47999954223633,41.029998779296875,38.47999954223633,41.029998779296875,0
2009-03-13,35.56999969482422,39.380001068115234,34.959999084472656,39.380001068115234,0
2009-03-16,36.63999938964844,38.04999923706055,35.56999969482422,35.56999969482422,0
2009-03-17,38.470001220703125,42.189998626708984,36.63999938964844,36.63999938964844,0
2009-03-18,38.189998626708984,38.709999084472656,37.279998779296875,38.470001220703125,0
2009-03-19,35.97999954223633,41.25,34.310001373291016,38.189998626708984,0
2009-03-20,35.97999954223633,41.25,34.310001373291016,38.189998626708984,0
2009-03-23,37.630001068115234,39.52000045776367,30.260000228881836,34.86000061035156,0
2009-03-24,36.849998474121094,43.68000030517578,30.139999389648438,37.630001068115234,0
2009-03-25,28.18000030517578,47.279998779296875,26.65999984741211,36.849998474121094,0
2009-03-26,36.93000030517578,38.18000030517578,28.18000030517578,28.18000030517578,0
2009-03-27,37.13999938964844,39.75,36.560001373291016,36.93000030517578,0
2009-03-30,40.25,41.7599983215332,37.13999938964844,37.13999938964844,0
2009-03-31,39.47999954223633,40.93000030517578,39.15999984741211,40.25,0
2009-04-01,36.529998779296875,39.83000183105469,36.529998779296875,39.47999954223633,0
2009-04-02,37.400001525878906,37.84000015258789,34.650001525878906,36.529998779296875,0
2009-04-06,41.720001220703125,46.130001068115234,37.400001525878906,37.400001525878906,0
2009-04-08,43.54999923706055,50.33000183105469,41.720001220703125,41.720001220703125,0
2009-04-09,43.540000915527344,47.9900016784668,42.22999954223633,43.54999923706055,0
2009-04-13,46.560001373291016,47.34000015258789,43.540000915527344,43.540000915527344,0
2009-04-15,48.02000045776367,49.41999816894531,46.560001373291016,46.560001373291016,0
2009-04-16,50.5099983215332,51.22999954223633,47.5099983215332,48.02000045776367,0
2009-04-17,50.79999923706055,51.189998626708984,50.0099983215332,50.5099983215332,0
2009-04-20,54.220001220703125,55.20000076293945,50.79999923706055,50.79999923706055,0
2009-04-21,53.63999938964844,55.279998779296875,53.349998474121094,54.220001220703125,0
2009-04-22,57.880001068115234,63.400001525878906,53.63999938964844,53.63999938964844,0
2009-04-23,57.880001068115234,57.880001068115234,57.880001068115234,57.880001068115234,0
2009-04-24,47.779998779296875,56.2599983215332,47.68000030517578,51.29999923706055,0
2009-04-27,49.43000030517578,52.40999984741211,47.779998779296875,47.779998779296875,0
2009-04-28,48.79999923706055,50.540000915527344,47.95000076293945,49.43000030517578,0
2009-04-29,46.630001068115234,48.79999923706055,45.900001525878906,48.79999923706055,0
2009-05-04,49.540000915527344,53.20000076293945,43.70000076293945,46.630001068115234,0
2009-05-05,50.529998779296875,50.7599983215332,49.33000183105469,49.540000915527344,0
2009-05-06,51.209999084472656,59.209999084472656,48.130001068115234,48.130001068115234,0
2009-05-07,54.7599983215332,61.47999954223633,38.459999084472656,51.209999084472656,0
2009-05-08,57.02000045776367,60.41999816894531,44.31999969482422,54.7599983215332,0
2009-05-11,61.029998779296875,62.529998779296875,43.970001220703125,51.93000030517578,0
2009-05-12,50.310001373291016,61.70000076293945,50.279998779296875,50.7400016784668,0
2009-05-13,50.72999954223633,63.38999938964844,46.72999954223633,50.310001373291016,0
2009-05-14,51.25,62.47999954223633,49.810001373291016,50.72999954223633,0
2009-05-15,49.63999938964844,52.810001373291016,47.29999923706055,51.25,0
2009-05-18,49.63999938964844,52.810001373291016,47.29999923706055,51.25,0
2009-05-19,58.099998474121094,69.01000213623047,41.27000045776367,65.47000122070312,0
2009-05-20,50.790000915527344,63.970001220703125,45.65999984741211,57.47999954223633,0
2009-05-21,50.790000915527344,50.790000915527344,50.790000915527344,50.790000915527344,0
2009-05-22,49.63999938964844,49.63999938964844,49.63999938964844,49.63999938964844,0
2009-05-25,43.709999084472656,83.70999908447266,43.689998626708984,83.70999908447266,0
2009-05-26,52.369998931884766,84.93000030517578,39.58000183105469,43.709999084472656,0
2009-05-27,41.56999969482422,77.7699966430664,37.93000030517578,52.369998931884766,0
2009-05-28,44.58000183105469,76.30999755859375,36.31999969482422,36.31999969482422,0
2009-05-29,40.29999923706055,48.290000915527344,35.34000015258789,39.09000015258789,0
2009-06-01,41.83000183105469,47.09000015258789,39.59000015258789,41.189998626708984,0
2009-06-02,41.040000915527344,58.560001373291016,39.040000915527344,39.040000915527344,0
2009-06-03,40.66999816894531,58.91999816894531,38.02000045776367,41.040000915527344,0
2009-06-04,41.310001373291016,59.41999816894531,37.45000076293945,37.45000076293945,0
2009-06-05,40.54999923706055,41.540000915527344,38.47999954223633,38.47999954223633,0
2009-06-08,42.27000045776367,69.19000244140625,40.54999923706055,40.54999923706055,0
2009-06-09,40.7599983215332,52.61000061035156,40.189998626708984,40.189998626708984,0
2009-06-10,40.470001220703125,86.91999816894531,37.0,42.040000915527344,0
2009-06-11,41.02000045776367,67.55000305175781,39.709999084472656,40.470001220703125,0
2009-06-12,40.83000183105469,74.54000091552734,39.5099983215332,49.20000076293945,0
2009-06-15,52.709999084472656,80.41999816894531,40.34000015258789,40.34000015258789,0
2009-06-16,41.689998626708984,71.20999908447266,41.310001373291016,42.189998626708984,0
2009-06-17,62.04999923706055,64.52999877929688,40.369998931884766,40.84000015258789,0
2009-06-18,54.4900016784668,70.27999877929688,50.130001068115234,62.04999923706055,0
2009-06-19,48.95000076293945,57.099998474121094,47.83000183105469,55.68000030517578,0
2009-06-22,47.529998779296875,64.61000061035156,44.2599983215332,48.95000076293945,0
2009-06-23,48.22999954223633,56.560001373291016,44.79999923706055,56.560001373291016,0
2009-06-24,42.220001220703125,53.720001220703125,42.220001220703125,53.720001220703125,0
2009-06-25,38.59000015258789,47.650001525878906,37.130001068115234,44.900001525878906,0
2009-06-26,37.9900016784668,44.33000183105469,31.1200008392334,38.59000015258789,0
2009-06-29,40.310001373291016,40.68000030517578,36.9900016784668,37.9900016784668,0
2009-06-30,42.540000915527344,43.27000045776367,40.5,40.79999923706055,0
2009-07-01,43.150001525878906,44.54999923706055,42.20000076293945,42.20000076293945,0
2009-07-02,43.880001068115234,44.88999938964844,42.90999984741211,42.90999984741211,0
2009-07-03,45.86000061035156,45.900001525878906,43.880001068115234,43.880001068115234,0
2009-07-06,39.88999938964844,47.47999954223633,39.540000915527344,46.22999954223633,0
2009-07-07,36.16999816894531,40.380001068115234,36.130001068115234,38.81999969482422,0
2009-07-08,37.380001068115234,38.93000030517578,33.9900016784668,33.9900016784668,0
2009-07-09,36.63999938964844,38.38999938964844,36.63999938964844,36.66999816894531,0
2009-07-10,35.83000183105469,36.81999969482422,34.95000076293945,35.59000015258789,0
2009-07-13,36.58000183105469,38.380001068115234,35.83000183105469,35.83000183105469,0
2009-07-14,35.04999923706055,36.349998474121094,34.65999984741211,36.349998474121094,0
2009-07-15,36.150001525878906,36.349998474121094,34.349998474121094,35.810001373291016,0
2009-07-16,37.59000015258789,38.2599983215332,35.63999938964844,35.63999938964844,0
2009-07-17,35.88999938964844,37.61000061035156,35.59000015258789,37.61000061035156,0
2009-07-20,36.970001220703125,37.95000076293945,35.88999938964844,35.88999938964844,0
2009-07-21,36.59000015258789,38.650001525878906,36.45000076293945,36.97999954223633,0
2009-07-22,37.13999938964844,37.279998779296875,35.810001373291016,36.38999938964844,0
2009-07-23,34.04999923706055,43.27000045776367,32.56999969482422,43.27000045776367,0
2009-07-24,36.470001220703125,40.209999084472656,34.04999923706055,34.04999923706055,0
2009-07-27,37.38999938964844,38.9900016784668,36.470001220703125,36.470001220703125,0
2009-07-28,36.06999969482422,37.689998626708984,35.97999954223633,37.38999938964844,0
2009-07-29,37.33000183105469,42.41999816894531,35.86000061035156,36.06999969482422,0
2009-07-30,37.59000015258789,37.83000183105469,35.130001068115234,37.33000183105469,0
2009-07-31,39.209999084472656,39.209999084472656,34.4900016784668,34.86000061035156,0
2009-08-03,40.650001525878906,54.130001068115234,36.58000183105469,39.209999084472656,0
2009-08-04,36.79999923706055,62.540000915527344,35.970001220703125,36.13999938964844,0
2009-08-05,36.70000076293945,60.5099983215332,27.3700008392334,27.3700008392334,0
2009-08-06,37.650001525878906,63.06999969482422,32.130001068115234,34.470001220703125,0
2009-08-07,40.849998474121094,64.5,36.66999816894531,37.650001525878906,0
2009-08-10,38.189998626708984,69.48999786376953,35.029998779296875,40.849998474121094,0
2009-08-11,38.20000076293945,70.80999755859375,36.779998779296875,42.290000915527344,0
2009-08-12,42.52000045776367,72.12000274658203,37.06999969482422,38.20000076293945,0
2009-08-13,42.79999923706055,59.33000183105469,37.849998474121094,38.65999984741211,0
2009-08-14,44.2400016784668,59.9900016784668,35.970001220703125,36.45000076293945,0
2009-08-17,46.4900016784668,55.220001220703125,34.93000030517578,34.93000030517578,0
2009-08-18,45.040000915527344,52.31999969482422,37.029998779296875,37.52000045776367,0
2009-08-19,40.209999084472656,57.27000045776367,37.2599983215332,45.040000915527344,0
2009-08-20,36.83000183105469,71.06999969482422,36.279998779296875,40.209999084472656,0
2009-08-21,38.5099983215332,66.98999786376953,35.29999923706055,62.720001220703125,0
2009-08-24,38.5099983215332,66.98999786376953,35.29999923706055,62.720001220703125,0
2009-08-25,48.29999923706055,83.37000274658203,37.060001373291016,63.58000183105469,0
2009-08-26,36.27000045776367,72.91000366210938,35.29999923706055,48.29999923706055,0
2009-08-27,34.84000015258789,73.75,23.31999969482422,73.75,0
2009-08-28,33.27000045776367,86.87999725341797,32.61000061035156,32.61000061035156,0
2009-08-31,34.5099983215332,68.95999908447266,33.900001525878906,34.63999938964844,0
2009-09-01,34.97999954223633,81.93000030517578,33.58000183105469,78.91000366210938,0
2009-09-02,34.959999084472656,74.5,34.869998931884766,61.029998779296875,0
2009-09-03,34.11000061035156,58.7599983215332,34.11000061035156,34.959999084472656,0
2009-09-04,32.5099983215332,57.11000061035156,32.349998474121094,33.7400016784668,0
2009-09-07,32.209999084472656,68.12999725341797,32.0099983215332,63.209999084472656,0
2009-09-08,31.969999313354492,52.040000915527344,31.93000030517578,52.040000915527344,0
2009-09-09,31.65999984741211,32.34000015258789,31.65999984741211,31.969999313354492,0
2009-09-10,32.58000183105469,32.959999084472656,30.959999084472656,31.280000686645508,0
2009-09-11,31.170000076293945,32.58000183105469,31.049999237060547,32.58000183105469,0
2009-09-14,31.670000076293945,34.93000030517578,31.670000076293945,31.770000457763672,0
2009-09-15,30.200000762939453,32.79999923706055,29.799999237060547,31.670000076293945,0
2009-09-16,28.31999969482422,30.0,28.309999465942383,29.90999984741211,0
2009-09-17,27.270000457763672,32.290000915527344,23.139999389648438,28.31999969482422,0
2009-09-18,25.860000610351562,28.049999237060547,25.399999618530273,27.270000457763672,0
2009-09-22,26.799999237060547,27.860000610351562,25.860000610351562,25.860000610351562,0
2009-09-23,26.510000228881836,27.5,25.8799991607666,26.799999237060547,0
2009-09-24,24.360000610351562,28.760000228881836,24.290000915527344,26.510000228881836,0
2009-09-25,26.110000610351562,26.43000030517578,23.43000030517578,26.43000030517578,0
2009-09-29,26.059999465942383,27.170000076293945,26.0,26.530000686645508,0
2009-09-30,25.270000457763672,27.549999237060547,24.969999313354492,27.09000015258789,0
2009-10-01,25.3700008392334,29.059999465942383,25.0,25.25,0
2009-10-05,28.719999313354492,32.06999969482422,27.790000915527344,31.079999923706055,0
2009-10-06,27.75,32.38999938964844,27.440000534057617,27.860000610351562,0
2009-10-07,30.479999542236328,35.900001525878906,27.200000762939453,27.8799991607666,0
2009-10-08,29.8700008392334,30.219999313354492,29.1200008392334,29.90999984741211,0
2009-10-09,30.25,30.639999389648438,29.579999923706055,29.81999969482422,0
2009-10-12,28.200000762939453,31.149999618530273,27.969999313354492,30.799999237060547,0
2009-10-14,26.3799991607666,28.079999923706055,26.3799991607666,26.3799991607666,0
2009-10-15,26.639999389648438,27.579999923706055,26.219999313354492,26.219999313354492,0
2009-10-16,26.020000457763672,27.25,25.84000015258789,26.8799991607666,0
2009-10-20,26.690000534057617,26.93000030517578,25.959999084472656,25.959999084472656,0
2009-10-21,26.780000686645508,27.110000610351562,26.309999465942383,26.56999969482422,0
2009-10-22,25.489999771118164,27.780000686645508,24.75,27.780000686645508,0
2009-10-23,24.489999771118164,26.739999771118164,23.889999389648438,26.739999771118164,0
2009-10-26,24.489999771118164,24.489999771118164,24.489999771118164,24.489999771118164,0
2009-10-27,28.18000030517578,28.350000381469727,25.850000381469727,25.989999771118164,0
2009-10-28,28.479999542236328,28.690000534057617,27.450000762939453,27.450000762939453,0
2009-10-29,28.219999313354492,30.030000686645508,27.75,29.709999084472656,0
2009-10-30,25.389999389648438,63.83000183105469,24.809999465942383,28.219999313354492,0
2009-11-03,24.43000030517578,67.87999725341797,22.469999313354492,28.760000228881836,0
2009-11-04,29.889999389648438,30.84000015258789,28.65999984741211,28.65999984741211,0
2009-11-05,29.56999969482422,31.530000686645508,29.530000686645508,29.860000610351562,0
2009-11-06,29.040000915527344,30.780000686645508,28.299999237060547,28.389999389648438,0
2009-11-09,28.920000076293945,30.579999923706055,28.780000686645508,29.040000915527344,0
2009-11-10,30.059999465942383,30.59000015258789,28.1200008392334,28.920000076293945,0
2009-11-11,28.959999084472656,30.100000381469727,28.65999984741211,30.059999465942383,0
2009-11-12,29.639999389648438,30.399999618530273,28.559999465942383,28.959999084472656,0
2009-11-13,29.09000015258789,29.899999618530273,28.770000457763672,29.639999389648438,0
2009-11-16,27.950000762939453,29.09000015258789,27.860000610351562,29.09000015258789,0
2009-11-17,26.780000686645508,28.43000030517578,26.780000686645508,27.950000762939453,0
2009-11-18,26.389999389648438,26.8700008392334,25.790000915527344,25.790000915527344,0
2009-11-19,28.549999237060547,30.440000534057617,26.200000762939453,30.440000534057617,0
2009-11-20,26.639999389648438,28.950000762939453,26.3799991607666,28.549999237060547,0
2009-11-23,26.690000534057617,27.030000686645508,24.899999618530273,26.639999389648438,0
2009-11-24,26.09000015258789,27.670000076293945,24.110000610351562,24.110000610351562,0
2009-11-25,24.850000381469727,26.56999969482422,23.56999969482422,26.09000015258789,0
2009-11-26,28.309999465942383,28.739999771118164,20.959999084472656,20.959999084472656,0
2009-11-27,30.059999465942383,35.47999954223633,29.239999771118164,29.329999923706055,0
2009-11-30,27.559999465942383,28.770000457763672,26.790000915527344,26.84000015258789,0
2009-12-01,25.450000762939453,27.34000015258789,25.360000610351562,25.729999542236328,0
2009-12-02,26.030000686645508,26.360000610351562,24.360000610351562,24.360000610351562,0
2009-12-03,25.989999771118164,26.030000686645508,25.030000686645508,25.030000686645508,0
2009-12-04,26.139999389648438,26.760000228881836,25.360000610351562,25.360000610351562,0
2009-12-07,27.670000076293945,27.780000686645508,25.75,25.75,0
2009-12-08,26.459999084472656,27.6200008392334,26.420000076293945,26.709999084472656,0
2009-12-09,26.989999771118164,27.459999084472656,26.079999923706055,26.079999923706055,0
2009-12-10,27.200000762939453,27.649999618530273,26.75,26.75,0
2009-12-11,27.149999618530273,27.81999969482422,24.969999313354492,24.969999313354492,0
2009-12-14,27.889999389648438,28.3799991607666,26.81999969482422,27.420000076293945,0
2009-12-15,28.31999969482422,28.549999237060547,26.860000610351562,26.860000610351562,0
2009-12-16,27.360000610351562,28.479999542236328,27.309999465942383,28.360000610351562,0
2009-12-17,27.25,27.709999084472656,26.399999618530273,26.399999618530273,0
2009-12-18,26.65999984741211,27.610000610351562,26.469999313354492,27.610000610351562,0
2009-12-21,26.190000534057617,27.200000762939453,25.93000030517578,26.59000015258789,0
2009-12-22,24.520000457763672,26.209999084472656,23.40999984741211,26.209999084472656,0
2009-12-23,23.84000015258789,25.260000228881836,23.3700008392334,24.790000915527344,0
2009-12-24,22.690000534057617,24.829999923706055,22.299999237060547,24.829999923706055,0
2009-12-29,24.40999984741211,24.68000030517578,23.540000915527344,24.34000015258789,0
2009-12-30,24.6200008392334,25.040000915527344,24.049999237060547,24.049999237060547,0
2009-12-31,23.34000015258789,24.440000534057617,23.200000762939453,23.729999542236328,0
2010-01-04,23.639999389648438,24.969999313354492,23.600000381469727,23.790000915527344,0
2010-01-05,22.270000457763672,23.219999313354492,22.1200008392334,22.979999542236328,0
2010-01-06,22.1200008392334,22.549999237060547,21.770000457763672,21.770000457763672,0
2010-01-07,22.5,22.93000030517578,22.219999313354492,22.219999313354492,0
2010-01-08,22.56999969482422,22.709999084472656,22.190000534057617,22.3700008392334,0
2010-01-11,22.68000030517578,23.049999237060547,22.389999389648438,22.6299991607666,0
2010-01-12,23.079999923706055,23.219999313354492,22.3700008392334,22.68000030517578,0
2010-01-13,21.989999771118164,23.149999618530273,21.940000534057617,22.75,0
2010-01-14,20.979999542236328,21.530000686645508,20.920000076293945,21.309999465942383,0
2010-01-15,21.079999923706055,21.329999923706055,20.34000015258789,20.40999984741211,0
2010-01-18,21.549999237060547,21.969999313354492,21.489999771118164,21.600000381469727,0
2010-01-19,22.34000015258789,22.479999542236328,20.649999618530273,20.68000030517578,0
2010-01-20,22.290000915527344,22.829999923706055,20.920000076293945,21.059999465942383,0
2010-01-21,23.5,24.350000381469727,21.459999084472656,22.670000076293945,0
2010-01-22,24.850000381469727,26.270000457763672,23.81999969482422,24.260000228881836,0
2010-01-25,25.81999969482422,26.450000762939453,25.059999465942383,26.309999465942383,0
2010-01-27,28.920000076293945,28.920000076293945,26.5,26.5,0
2010-01-28,26.959999084472656,28.81999969482422,26.790000915527344,27.56999969482422,0
2010-01-29,26.1299991607666,28.59000015258789,26.0,28.59000015258789,0
2010-02-01,25.610000610351562,27.309999465942383,25.510000228881836,26.799999237060547,0
2010-02-02,26.690000534057617,26.989999771118164,24.780000686645508,24.780000686645508,0
2010-02-03,25.540000915527344,26.079999923706055,25.40999984741211,26.059999465942383,0
2010-02-04,27.06999969482422,27.229999542236328,25.479999542236328,25.479999542236328,0
2010-02-05,30.06999969482422,31.229999542236328,28.239999771118164,28.239999771118164,0
2010-02-08,30.360000610351562,31.899999618530273,29.56999969482422,29.75,0
2010-02-09,29.90999984741211,30.420000076293945,29.65999984741211,30.360000610351562,0
2010-02-10,30.549999237060547,30.760000228881836,28.239999771118164,28.239999771118164,0
2010-02-11,28.809999465942383,29.739999771118164,28.540000915527344,28.6200008392334,0
2010-02-15,29.68000030517578,30.56999969482422,28.299999237060547,28.299999237060547,0
2010-02-16,28.729999542236328,29.93000030517578,28.1200008392334,28.1200008392334,0
2010-02-17,29.040000915527344,29.760000228881836,28.290000915527344,28.3799991607666,0
2010-02-18,29.760000228881836,29.959999084472656,27.600000381469727,27.600000381469727,0
2010-02-19,31.899999618530273,31.969999313354492,29.520000457763672,29.760000228881836,0
2010-02-22,32.130001068115234,32.13999938964844,28.770000457763672,30.139999389648438,0
2010-02-23,30.989999771118164,32.099998474121094,30.229999542236328,30.229999542236328,0
2010-02-24,30.399999618530273,31.31999969482422,28.790000915527344,28.790000915527344,0
2010-02-25,29.549999237060547,30.489999771118164,28.90999984741211,28.93000030517578,0
2010-02-26,24.020000457763672,29.799999237060547,23.790000915527344,29.65999984741211,0
2010-03-02,21.6299991607666,23.809999465942383,21.6299991607666,23.75,0
2010-03-03,20.75,21.709999084472656,20.56999969482422,21.6299991607666,0
2010-03-04,20.979999542236328,21.469999313354492,20.450000762939453,20.450000762939453,0
2010-03-05,20.739999771118164,21.15999984741211,20.200000762939453,20.690000534057617,0
2010-03-08,20.729999542236328,21.049999237060547,20.6200008392334,20.809999465942383,0
2010-03-09,20.799999237060547,21.0,20.479999542236328,20.479999542236328,0
2010-03-10,20.09000015258789,20.770000457763672,19.889999389648438,20.770000457763672,0
2010-03-11,20.139999389648438,20.489999771118164,20.010000228881836,20.09000015258789,0
2010-03-12,19.729999542236328,20.260000228881836,19.6200008392334,20.0,0
2010-03-15,20.260000228881836,20.799999237060547,20.139999389648438,20.139999389648438,0
2010-03-16,19.59000015258789,20.15999984741211,19.200000762939453,19.639999389648438,0
2010-03-17,17.729999542236328,20.6299991607666,17.100000381469727,19.219999313354492,0
2010-03-18,17.969999313354492,18.850000381469727,17.31999969482422,18.25,0
2010-03-19,17.75,18.670000076293945,16.709999084472656,17.459999084472656,0
2010-03-22,19.959999084472656,20.270000457763672,18.979999542236328,20.15999984741211,0
2010-03-23,18.1299991607666,19.530000686645508,17.469999313354492,18.100000381469727,0
2010-03-25,17.049999237060547,19.56999969482422,17.049999237060547,18.1299991607666,0
2010-03-26,17.889999389648438,18.030000686645508,16.979999542236328,17.450000762939453,0
2010-03-29,18.729999542236328,19.040000915527344,18.270000457763672,18.389999389648438,0
2010-03-30,19.799999237060547,19.799999237060547,18.68000030517578,18.68000030517578,0
2010-03-31,19.8700008392334,20.229999542236328,19.06999969482422,19.549999237060547,0
2010-04-01,17.6200008392334,19.5,17.530000686645508,19.15999984741211,0
2010-04-05,17.170000076293945,18.299999237060547,16.979999542236328,17.139999389648438,0
2010-04-06,17.200000762939453,17.56999969482422,17.030000686645508,17.030000686645508,0
2010-04-07,17.31999969482422,17.799999237060547,12.600000381469727,12.600000381469727,0
2010-04-08,19.920000076293945,19.920000076293945,17.020000457763672,17.040000915527344,0
2010-04-09,18.440000534057617,18.850000381469727,18.049999237060547,18.520000457763672,0
2010-04-12,20.049999237060547,20.729999542236328,18.540000915527344,18.600000381469727,0
2010-04-13,20.139999389648438,20.40999984741211,19.56999969482422,19.56999969482422,0
2010-04-15,21.579999923706055,21.690000534057617,18.670000076293945,18.75,0
2010-04-16,21.780000686645508,22.06999969482422,21.229999542236328,21.540000915527344,0
2010-04-19,22.65999984741211,23.31999969482422,21.780000686645508,21.780000686645508,0
2010-04-20,20.8700008392334,22.5,18.75,18.75,0
2010-04-21,19.229999542236328,20.290000915527344,19.1299991607666,19.93000030517578,0
2010-04-22,20.530000686645508,20.790000915527344,18.75,19.229999542236328,0
2010-04-23,20.209999084472656,20.790000915527344,18.639999389648438,20.530000686645508,0
2010-04-26,19.790000915527344,20.8700008392334,18.850000381469727,18.850000381469727,0
2010-04-27,19.81999969482422,20.1200008392334,19.639999389648438,19.790000915527344,0
2010-04-28,22.729999542236328,23.139999389648438,20.15999984741211,20.15999984741211,0
2010-04-29,21.190000534057617,21.850000381469727,20.290000915527344,20.56999969482422,0
2010-04-30,20.350000381469727,20.709999084472656,19.280000686645508,19.280000686645508,0
2010-05-03,22.139999389648438,22.530000686645508,20.979999542236328,21.299999237060547,0
2010-05-04,23.299999237060547,23.3799991607666,21.360000610351562,21.360000610351562,0
2010-05-05,23.690000534057617,25.15999984741211,23.299999237060547,23.299999237060547,0
2010-05-06,24.360000610351562,26.06999969482422,23.1299991607666,23.1299991607666,0
2010-05-07,27.399999618530273,28.100000381469727,24.360000610351562,24.360000610351562,0
2010-05-10,24.139999389648438,26.200000762939453,20.639999389648438,20.639999389648438,0
2010-05-11,25.809999465942383,25.940000534057617,23.3799991607666,23.3799991607666,0
2010-05-12,25.81999969482422,27.049999237060547,24.3700008392334,24.3700008392334,0
2010-05-13,24.860000610351562,25.209999084472656,24.149999618530273,24.18000030517578,0
2010-05-14,26.530000686645508,26.65999984741211,23.420000076293945,23.420000076293945,0
2010-05-17,27.170000076293945,29.360000610351562,27.010000228881836,27.709999084472656,0
2010-05-18,26.540000915527344,27.600000381469727,26.18000030517578,26.65999984741211,0
2010-05-19,32.040000915527344,32.470001220703125,27.940000534057617,27.940000534057617,0
2010-05-20,31.040000915527344,32.349998474121094,28.690000534057617,29.520000457763672,0
2010-05-21,32.2599983215332,33.5099983215332,31.059999465942383,32.95000076293945,0
2010-05-24,31.299999237060547,31.299999237060547,28.3700008392334,28.3700008392334,0
2010-05-25,34.52000045776367,35.86000061035156,31.06999969482422,31.06999969482422,0
2010-05-26,32.150001525878906,33.650001525878906,31.459999084472656,32.040000915527344,0
2010-05-27,29.010000228881836,31.920000076293945,28.950000762939453,30.860000610351562,0
2010-05-28,26.43000030517578,28.59000015258789,26.43000030517578,26.56999969482422,0
2010-05-31,26.43000030517578,27.600000381469727,26.399999618530273,26.56999969482422,0
2010-06-01,29.079999923706055,29.34000015258789,26.670000076293945,26.670000076293945,0
2010-06-02,27.760000228881836,29.270000457763672,27.760000228881836,28.030000686645508,0
2010-06-03,25.290000915527344,26.510000228881836,25.290000915527344,26.020000457763672,0
2010-06-04,24.719999313354492,25.780000686645508,24.34000015258789,25.170000076293945,0
2010-06-07,27.989999771118164,28.479999542236328,25.209999084472656,25.209999084472656,0
2010-06-08,28.770000457763672,29.3799991607666,27.209999084472656,27.739999771118164,0
2010-06-09,28.15999984741211,28.739999771118164,27.56999969482422,28.059999465942383,0
2010-06-10,26.5,28.049999237060547,26.489999771118164,27.860000610351562,0
2010-06-11,25.100000381469727,25.68000030517578,24.790000915527344,25.420000076293945,0
2010-06-14,22.950000762939453,24.93000030517578,22.889999389648438,24.93000030517578,0
2010-06-15,21.979999542236328,23.309999465942383,21.68000030517578,22.739999771118164,0
2010-06-16,22.670000076293945,22.90999984741211,20.719999313354492,21.31999969482422,0
2010-06-17,20.850000381469727,22.770000457763672,20.600000381469727,22.6200008392334,0
2010-06-18,19.959999084472656,21.360000610351562,19.40999984741211,21.360000610351562,0
2010-06-21,19.40999984741211,21.190000534057617,18.31999969482422,21.190000534057617,0
2010-06-22,20.639999389648438,21.440000534057617,19.8799991607666,20.559999465942383,0
2010-06-23,20.34000015258789,21.860000610351562,20.280000686645508,20.860000610351562,0
2010-06-24,20.06999969482422,21.610000610351562,19.34000015258789,19.969999313354492,0
2010-06-25,20.0,20.68000030517578,19.450000762939453,20.649999618530273,0
2010-06-28,19.549999237060547,20.84000015258789,19.549999237060547,19.940000534057617,0
2010-06-29,20.639999389648438,21.299999237060547,19.959999084472656,20.110000610351562,0
2010-06-30,20.06999969482422,21.780000686645508,20.030000686645508,21.459999084472656,0
2010-07-01,21.440000534057617,22.100000381469727,20.93000030517578,21.040000915527344,0
2010-07-02,21.899999618530273,21.90999984741211,20.780000686645508,21.3700008392334,0
2010-07-05,21.989999771118164,22.889999389648438,21.860000610351562,22.889999389648438,0
2010-07-06,20.899999618530273,22.3700008392334,20.760000228881836,21.90999984741211,0
2010-07-07,22.110000610351562,22.440000534057617,21.219999313354492,21.219999313354492,0
2010-07-08,21.1200008392334,21.31999969482422,20.780000686645508,20.84000015258789,0
2010-07-09,20.209999084472656,20.770000457763672,20.139999389648438,20.420000076293945,0
2010-07-12,19.90999984741211,20.420000076293945,19.75,19.959999084472656,0
2010-07-13,19.110000610351562,20.290000915527344,19.06999969482422,20.020000457763672,0
2010-07-14,20.06999969482422,20.200000762939453,18.06999969482422,18.15999984741211,0
2010-07-15,20.18000030517578,20.5,19.1200008392334,19.1200008392334,0
2010-07-16,19.700000762939453,20.479999542236328,19.3700008392334,19.3700008392334,0
2010-07-19,20.709999084472656,20.8700008392334,19.360000610351562,19.700000762939453,0
2010-07-20,20.3799991607666,20.709999084472656,19.610000610351562,20.709999084472656,0
2010-07-21,20.0,20.3799991607666,18.81999969482422,20.3799991607666,0
2010-07-22,18.899999618530273,20.3700008392334,18.68000030517578,20.0,0
2010-07-23,19.239999771118164,19.719999313354492,17.139999389648438,18.899999618530273,0
2010-07-26,19.969999313354492,20.049999237060547,18.6200008392334,19.239999771118164,0
2010-07-27,19.219999313354492,20.15999984741211,18.959999084472656,19.969999313354492,0
2010-07-28,19.520000457763672,19.809999465942383,17.959999084472656,19.219999313354492,0
2010-07-29,18.329999923706055,19.649999618530273,18.329999923706055,19.520000457763672,0
2010-07-30,18.940000534057617,19.229999542236328,16.25,18.329999923706055,0
2010-08-02,17.989999771118164,19.260000228881836,17.920000076293945,18.940000534057617,0
2010-08-03,17.549999237060547,18.260000228881836,16.780000686645508,17.989999771118164,0
2010-08-04,17.040000915527344,17.639999389648438,16.739999771118164,17.549999237060547,0
2010-08-05,17.709999084472656,17.719999313354492,15.829999923706055,17.040000915527344,0
2010-08-06,17.3700008392334,17.709999084472656,16.6299991607666,17.709999084472656,0
2010-08-09,17.0,17.920000076293945,16.8700008392334,17.3700008392334,0
2010-08-10,17.329999923706055,17.75,16.3700008392334,17.0,0
2010-08-11,18.110000610351562,18.110000610351562,16.389999389648438,17.329999923706055,0
2010-08-12,18.0,18.709999084472656,16.739999771118164,18.110000610351562,0
2010-08-13,16.739999771118164,18.0,15.869999885559082,18.0,0
2010-08-16,18.110000610351562,18.31999969482422,15.800000190734863,16.739999771118164,0
2010-08-17,17.6299991607666,18.110000610351562,16.25,18.110000610351562,0
2010-08-18,16.399999618530273,17.760000228881836,15.420000076293945,17.6299991607666,0
2010-08-19,16.530000686645508,17.020000457763672,15.470000267028809,16.399999618530273,0
2010-08-20,16.700000762939453,16.8700008392334,15.289999961853027,16.530000686645508,0
2010-08-23,17.139999389648438,17.299999237060547,15.4399995803833,16.700000762939453,0
2010-08-24,16.989999771118164,17.799999237060547,15.579999923706055,17.139999389648438,0
2010-08-25,18.920000076293945,19.350000381469727,15.399999618530273,16.989999771118164,0
2010-08-26,17.09000015258789,18.920000076293945,16.899999618530273,18.920000076293945,0
2010-08-27,19.6299991607666,19.6299991607666,15.279999732971191,17.09000015258789,0
2010-08-30,18.360000610351562,19.6299991607666,16.600000381469727,19.6299991607666,0
2010-08-31,18.469999313354492,19.420000076293945,17.59000015258789,18.360000610351562,0
2010-09-01,16.700000762939453,18.469999313354492,16.65999984741211,18.469999313354492,0
2010-09-02,16.149999618530273,16.700000762939453,15.130000114440918,16.700000762939453,0
2010-09-03,15.859999656677246,16.440000534057617,15.229999542236328,16.149999618530273,0
2010-09-06,15.220000267028809,16.110000610351562,15.09000015258789,15.859999656677246,0
2010-09-07,15.829999923706055,16.0,14.350000381469727,15.220000267028809,0
2010-09-08,15.970000267028809,16.31999969482422,15.15999984741211,15.829999923706055,0
2010-09-09,15.920000076293945,16.200000762939453,14.9399995803833,15.970000267028809,0
2010-09-13,18.139999389648438,18.229999542236328,14.880000114440918,15.920000076293945,0
2010-09-14,18.600000381469727,20.6299991607666,16.8799991607666,18.139999389648438,0
2010-09-15,19.43000030517578,20.079999923706055,17.540000915527344,18.600000381469727,0
2010-09-16,18.850000381469727,20.09000015258789,17.969999313354492,19.43000030517578,0
2010-09-17,19.489999771118164,19.489999771118164,16.510000228881836,18.850000381469727,0
2010-09-20,21.950000762939453,21.969999313354492,17.850000381469727,19.489999771118164,0
2010-09-21,22.6299991607666,24.299999237060547,20.940000534057617,21.950000762939453,0
2010-09-22,24.290000915527344,24.350000381469727,20.610000610351562,22.6299991607666,0
2010-09-23,23.899999618530273,24.459999084472656,20.709999084472656,24.290000915527344,0
2010-09-24,21.709999084472656,23.899999618530273,21.579999923706055,23.899999618530273,0
2010-09-27,22.360000610351562,22.81999969482422,20.469999313354492,21.709999084472656,0
2010-09-28,21.209999084472656,22.420000076293945,20.850000381469727,22.360000610351562,0
2010-09-29,22.15999984741211,22.56999969482422,18.799999237060547,21.209999084472656,0
2010-09-30,22.25,22.950000762939453,19.049999237060547,22.15999984741211,0
2010-10-01,21.43000030517578,22.25,20.209999084472656,22.25,0
2010-10-04,22.799999237060547,22.8799991607666,21.43000030517578,21.43000030517578,0
2010-10-05,22.170000076293945,23.010000228881836,21.809999465942383,22.799999237060547,0
2010-10-06,21.729999542236328,22.170000076293945,20.59000015258789,22.170000076293945,0
2010-10-07,22.450000762939453,22.780000686645508,19.329999923706055,21.729999542236328,0
2010-10-08,21.399999618530273,22.450000762939453,21.030000686645508,22.450000762939453,0
2010-10-11,21.200000762939453,21.760000228881836,19.670000076293945,21.399999618530273,0
2010-10-12,20.510000228881836,22.219999313354492,20.5,21.200000762939453,0
2010-10-13,20.020000457763672,20.510000228881836,19.010000228881836,20.510000228881836,0
2010-10-14,20.600000381469727,20.989999771118164,18.139999389648438,20.020000457763672,0
2010-10-15,22.649999618530273,22.670000076293945,17.799999237060547,20.600000381469727,0
2010-10-18,22.350000381469727,23.989999771118164,21.969999313354492,22.649999618530273,0
2010-10-19,23.229999542236328,23.229999542236328,20.579999923706055,22.350000381469727,0
2010-10-20,23.799999237060547,23.860000610351562,21.920000076293945,23.229999542236328,0
2010-10-21,22.190000534057617,23.799999237060547,21.920000076293945,23.799999237060547,0
2010-10-22,21.610000610351562,22.440000534057617,20.420000076293945,22.190000534057617,0
2010-10-25,21.360000610351562,22.040000915527344,20.670000076293945,21.610000610351562,0
2010-10-26,20.549999237060547,21.600000381469727,18.469999313354492,21.360000610351562,0
2010-10-27,21.020000457763672,21.760000228881836,20.09000015258789,20.549999237060547,0
2010-10-28,20.520000457763672,21.219999313354492,20.280000686645508,21.020000457763672,0
2010-10-29,20.760000228881836,22.0,20.030000686645508,20.520000457763672,0
2010-11-01,20.920000076293945,21.190000534057617,20.309999465942383,20.760000228881836,0
2010-11-02,21.25,21.860000610351562,19.43000030517578,20.920000076293945,0
2010-11-03,21.530000686645508,21.65999984741211,19.229999542236328,21.25,0
2010-11-04,19.360000610351562,21.530000686645508,19.260000228881836,21.530000686645508,0
2010-11-08,19.610000610351562,20.1200008392334,17.489999771118164,19.219999313354492,0
2010-11-09,18.75,19.780000686645508,17.170000076293945,19.610000610351562,0
2010-11-10,19.079999923706055,19.260000228881836,16.450000762939453,18.75,0
2010-11-11,19.360000610351562,19.90999984741211,16.3799991607666,19.079999923706055,0
2010-11-12,21.6299991607666,22.40999984741211,17.6299991607666,19.360000610351562,0
2010-11-15,20.25,22.479999542236328,19.260000228881836,21.6299991607666,0
2010-11-16,21.1299991607666,22.420000076293945,17.520000457763672,20.25,0
2010-11-18,20.6200008392334,22.81999969482422,17.59000015258789,21.1299991607666,0
2010-11-19,21.600000381469727,21.90999984741211,18.40999984741211,20.6200008392334,0
2010-11-22,19.93000030517578,21.850000381469727,19.440000534057617,21.600000381469727,0
2010-11-23,23.260000228881836,24.950000762939453,19.399999618530273,19.93000030517578,0
2010-11-24,24.68000030517578,24.950000762939453,20.950000762939453,23.260000228881836,0
2010-11-25,21.6299991607666,24.68000030517578,21.1200008392334,24.68000030517578,0
2010-11-26,22.579999923706055,23.84000015258789,20.100000381469727,21.6299991607666,0
2010-11-29,21.309999465942383,22.889999389648438,21.309999465942383,22.579999923706055,0
2010-11-30,20.709999084472656,22.219999313354492,20.639999389648438,21.309999465942383,0
2010-12-01,19.200000762939453,20.709999084472656,19.079999923706055,20.709999084472656,0
2010-12-02,18.799999237060547,19.510000228881836,17.559999465942383,19.200000762939453,0
2010-12-03,18.600000381469727,19.280000686645508,17.139999389648438,18.799999237060547,0
2010-12-06,19.3700008392334,19.3700008392334,17.459999084472656,18.600000381469727,0
2010-12-07,19.239999771118164,19.790000915527344,17.75,19.3700008392334,0
2010-12-08,20.43000030517578,20.950000762939453,18.209999084472656,19.239999771118164,0
2010-12-09,22.600000381469727,23.010000228881836,18.219999313354492,20.43000030517578,0
2010-12-10,21.6299991607666,22.860000610351562,21.43000030517578,22.600000381469727,0
2010-12-13,22.56999969482422,23.719999313354492,20.139999389648438,21.6299991607666,0
2010-12-14,21.459999084472656,22.829999923706055,21.290000915527344,22.56999969482422,0
2010-12-15,21.420000076293945,22.09000015258789,20.670000076293945,21.459999084472656,0
2010-12-16,20.239999771118164,21.600000381469727,19.940000534057617,21.420000076293945,0
2010-12-20,20.780000686645508,21.8799991607666,20.239999771118164,20.239999771118164,0
2010-12-21,19.770000457763672,20.780000686645508,18.75,20.780000686645508,0
2010-12-22,19.559999465942383,20.059999465942383,18.670000076293945,19.770000457763672,0
2010-12-23,19.030000686645508,19.780000686645508,18.809999465942383,19.559999465942383,0
2010-12-24,17.649999618530273,19.309999465942383,17.6200008392334,19.030000686645508,0
2010-12-27,18.450000762939453,18.690000534057617,17.049999237060547,17.649999618530273,0
2010-12-28,18.1299991607666,18.829999923706055,17.889999389648438,18.450000762939453,0
2010-12-29,17.1299991607666,18.31999969482422,17.1299991607666,18.1299991607666,0
2010-12-30,17.020000457763672,17.979999542236328,16.479999542236328,17.1299991607666,0
2010-12-31,16.559999465942383,17.049999237060547,16.34000015258789,17.020000457763672,0
2011-01-03,16.989999771118164,17.100000381469727,15.279999732971191,16.559999465942383,0
2011-01-04,17.030000686645508,17.520000457763672,15.760000228881836,16.989999771118164,0
2011-01-05,17.8799991607666,18.43000030517578,16.799999237060547,17.030000686645508,0
2011-01-06,18.200000762939453,18.8700008392334,16.690000534057617,17.8799991607666,0
2011-01-07,20.81999969482422,20.8700008392334,17.639999389648438,18.200000762939453,0
2011-01-10,23.15999984741211,23.239999771118164,19.610000610351562,20.81999969482422,0
2011-01-11,22.329999923706055,24.110000610351562,21.729999542236328,23.15999984741211,0
2011-01-12,21.40999984741211,23.760000228881836,20.440000534057617,22.329999923706055,0
2011-01-13,23.149999618530273,23.489999771118164,21.149999618530273,21.40999984741211,0
2011-01-14,23.809999465942383,24.059999465942383,20.989999771118164,23.149999618530273,0
2011-01-17,23.56999969482422,25.520000457763672,23.56999969482422,23.809999465942383,0
2011-01-18,21.459999084472656,23.639999389648438,21.440000534057617,23.56999969482422,0
2011-01-19,21.09000015258789,21.84000015258789,20.600000381469727,21.459999084472656,0
2011-01-20,21.010000228881836,21.770000457763672,20.059999465942383,21.09000015258789,0
2011-01-21,21.030000686645508,21.489999771118164,19.059999465942383,21.010000228881836,0
2011-01-24,20.170000076293945,21.139999389648438,20.100000381469727,21.030000686645508,0
2011-01-25,20.780000686645508,21.100000381469727,18.93000030517578,20.170000076293945,0
2011-01-27,22.09000015258789,22.270000457763672,19.079999923706055,20.780000686645508,0
2011-01-28,22.579999923706055,23.790000915527344,21.739999771118164,22.09000015258789,0
2011-01-31,23.40999984741211,24.670000076293945,22.579999923706055,22.579999923706055,0
2011-02-01,23.729999542236328,24.690000534057617,21.670000076293945,23.40999984741211,0
2011-02-02,23.520000457763672,23.729999542236328,21.649999618530273,23.729999542236328,0
2011-02-03,22.690000534057617,23.540000915527344,22.459999084472656,23.520000457763672,0
2011-02-04,24.40999984741211,24.770000457763672,21.959999084472656,22.690000534057617,0
2011-02-07,24.690000534057617,25.440000534057617,23.59000015258789,24.40999984741211,0
2011-02-08,24.739999771118164,25.31999969482422,23.170000076293945,24.690000534057617,0
2011-02-09,25.239999771118164,26.030000686645508,24.530000686645508,24.739999771118164,0
2011-02-10,24.81999969482422,26.110000610351562,23.920000076293945,25.239999771118164,0
2011-02-11,23.469999313354492,24.84000015258789,21.860000610351562,24.81999969482422,0
2011-02-14,22.579999923706055,23.690000534057617,21.559999465942383,23.469999313354492,0
2011-02-15,22.850000381469727,23.43000030517578,20.760000228881836,22.579999923706055,0
2011-02-16,23.049999237060547,23.59000015258789,21.700000762939453,22.850000381469727,0
2011-02-17,22.56999969482422,23.40999984741211,22.040000915527344,23.049999237060547,0
2011-02-18,24.18000030517578,24.520000457763672,20.3799991607666,22.56999969482422,0
2011-02-21,24.90999984741211,26.270000457763672,23.649999618530273,24.18000030517578,0
2011-02-22,26.850000381469727,28.1299991607666,24.90999984741211,24.90999984741211,0
2011-02-23,26.549999237060547,27.239999771118164,26.170000076293945,26.850000381469727,0
2011-02-24,28.200000762939453,28.899999618530273,26.389999389648438,26.549999237060547,0
2011-02-25,27.270000457763672,29.049999237060547,27.190000534057617,28.200000762939453,0
2011-02-28,24.399999618530273,27.8799991607666,22.3700008392334,27.270000457763672,0
2011-03-01,22.219999313354492,24.399999618530273,22.219999313354492,24.399999618530273,0
2011-03-03,22.959999084472656,23.84000015258789,22.06999969482422,22.219999313354492,0
2011-03-04,22.90999984741211,23.510000228881836,21.829999923706055,22.959999084472656,0
2011-03-07,25.219999313354492,26.1200008392334,22.90999984741211,22.90999984741211,0
2011-03-08,23.670000076293945,25.219999313354492,23.6299991607666,25.219999313354492,0
2011-03-09,23.280000686645508,24.229999542236328,22.459999084472656,23.670000076293945,0
2011-03-10,23.530000686645508,24.170000076293945,22.6299991607666,23.280000686645508,0
2011-03-11,24.1299991607666,25.219999313354492,22.8700008392334,23.530000686645508,0
2011-03-14,23.299999237060547,24.639999389648438,23.06999969482422,24.1299991607666,0
2011-03-15,26.6299991607666,27.520000457763672,23.299999237060547,23.299999237060547,0
2011-03-16,24.889999389648438,26.6299991607666,24.139999389648438,26.6299991607666,0
2011-03-17,25.260000228881836,26.110000610351562,23.469999313354492,24.889999389648438,0
2011-03-18,25.889999389648438,26.600000381469727,23.270000457763672,25.260000228881836,0
2011-03-21,25.209999084472656,26.59000015258789,23.690000534057617,25.889999389648438,0
2011-03-22,22.260000228881836,25.209999084472656,22.18000030517578,25.209999084472656,0
2011-03-23,20.969999313354492,22.3700008392334,20.969999313354492,22.260000228881836,0
2011-03-24,19.84000015258789,20.969999313354492,18.829999923706055,20.969999313354492,0
2011-03-25,20.469999313354492,20.68000030517578,19.0,19.84000015258789,0
2011-03-28,21.020000457763672,21.8700008392334,20.239999771118164,20.469999313354492,0
2011-03-29,21.219999313354492,22.190000534057617,20.3700008392334,21.020000457763672,0
2011-03-30,22.040000915527344,22.139999389648438,19.950000762939453,21.219999313354492,0
2011-03-31,22.18000030517578,22.979999542236328,21.1299991607666,22.040000915527344,0
2011-04-01,20.110000610351562,22.18000030517578,20.100000381469727,22.18000030517578,0
2011-04-04,20.059999465942383,21.059999465942383,19.899999618530273,20.110000610351562,0
2011-04-05,19.899999618530273,20.719999313354492,18.84000015258789,20.059999465942383,0
2011-04-06,20.360000610351562,20.540000915527344,19.420000076293945,19.899999618530273,0
2011-04-07,20.31999969482422,20.790000915527344,19.969999313354492,20.360000610351562,0
2011-04-08,20.540000915527344,21.059999465942383,19.239999771118164,20.31999969482422,0
2011-04-11,21.239999771118164,21.6299991607666,20.360000610351562,20.540000915527344,0
2011-04-13,20.40999984741211,21.290000915527344,20.280000686645508,21.239999771118164,0
2011-04-15,21.59000015258789,22.399999618530273,19.540000915527344,20.40999984741211,0
2011-04-18,22.450000762939453,22.989999771118164,21.139999389648438,21.59000015258789,0
2011-04-19,22.06999969482422,23.040000915527344,21.5,22.450000762939453,0
2011-04-20,20.989999771118164,22.06999969482422,20.790000915527344,22.06999969482422,0
2011-04-21,20.510000228881836,20.989999771118164,19.860000610351562,20.989999771118164,0
2011-04-25,20.90999984741211,21.6200008392334,20.40999984741211,20.510000228881836,0
2011-04-26,21.709999084472656,22.420000076293945,20.8799991607666,20.90999984741211,0
2011-04-27,21.350000381469727,21.889999389648438,20.719999313354492,21.709999084472656,0
2011-04-28,20.920000076293945,21.649999618530273,20.25,21.350000381469727,0
2011-04-29,19.579999923706055,20.920000076293945,18.450000762939453,20.920000076293945,0
2011-05-02,20.8799991607666,21.1299991607666,19.579999923706055,19.579999923706055,0
2011-05-03,21.579999923706055,21.940000534057617,20.350000381469727,20.8799991607666,0
2011-05-04,21.18000030517578,21.809999465942383,20.579999923706055,21.579999923706055,0
2011-05-05,21.600000381469727,21.700000762939453,19.8799991607666,21.18000030517578,0
2011-05-06,20.969999313354492,21.600000381469727,19.360000610351562,21.600000381469727,0
2011-05-09,21.5,21.950000762939453,19.920000076293945,20.969999313354492,0
2011-05-10,21.739999771118164,21.90999984741211,20.190000534057617,21.5,0
2011-05-11,21.239999771118164,21.739999771118164,19.889999389648438,21.739999771118164,0
2011-05-12,21.229999542236328,21.450000762939453,19.829999923706055,21.239999771118164,0
2011-05-13,20.6299991607666,21.229999542236328,19.399999618530273,21.229999542236328,0
2011-05-16,21.459999084472656,21.969999313354492,19.899999618530273,20.6299991607666,0
2011-05-17,21.030000686645508,21.459999084472656,19.760000228881836,21.459999084472656,0
2011-05-18,20.709999084472656,21.420000076293945,19.420000076293945,21.030000686645508,0
2011-05-19,20.40999984741211,20.719999313354492,19.1299991607666,20.709999084472656,0
2011-05-20,19.450000762939453,20.40999984741211,18.420000076293945,20.40999984741211,0
2011-05-23,21.040000915527344,23.450000762939453,18.520000457763672,19.450000762939453,0
2011-05-24,19.93000030517578,21.360000610351562,19.549999237060547,21.040000915527344,0
2011-05-25,20.65999984741211,24.309999465942383,19.350000381469727,19.93000030517578,0
2011-05-26,19.18000030517578,20.850000381469727,18.530000686645508,20.65999984741211,0
2011-05-27,17.25,19.18000030517578,17.139999389648438,19.18000030517578,0
2011-05-30,17.8700008392334,18.8700008392334,17.25,17.25,0
2011-05-31,16.81999969482422,17.8700008392334,16.670000076293945,17.8700008392334,0
2011-06-01,16.729999542236328,17.43000030517578,16.360000610351562,16.81999969482422,0
2011-06-02,17.979999542236328,18.040000915527344,16.729999542236328,16.729999542236328,0
2011-06-03,17.610000610351562,18.170000076293945,16.989999771118164,17.979999542236328,0
2011-06-06,18.209999084472656,18.84000015258789,17.59000015258789,17.610000610351562,0
2011-06-07,18.030000686645508,18.579999923706055,17.84000015258789,18.209999084472656,0
2011-06-08,18.579999923706055,18.719999313354492,17.709999084472656,18.030000686645508,0
2011-06-09,18.579999923706055,19.0,17.799999237060547,18.579999923706055,0
2011-06-10,18.540000915527344,19.75,17.549999237060547,18.579999923706055,0
2011-06-13,18.90999984741211,19.40999984741211,18.229999542236328,18.540000915527344,0
2011-06-14,18.510000228881836,18.90999984741211,17.530000686645508,18.90999984741211,0
2011-06-15,19.139999389648438,19.219999313354492,17.899999618530273,18.510000228881836,0
2011-06-16,19.65999984741211,19.860000610351562,18.34000015258789,19.139999389648438,0
2011-06-17,20.270000457763672,20.280000686645508,18.600000381469727,19.65999984741211,0
2011-06-20,22.18000030517578,24.3799991607666,19.780000686645508,20.270000457763672,0
2011-06-21,21.309999465942383,22.18000030517578,20.93000030517578,22.18000030517578,0
2011-06-22,20.889999389648438,21.309999465942383,20.239999771118164,21.309999465942383,0
2011-06-23,19.5,20.950000762939453,19.469999313354492,20.889999389648438,0
2011-06-24,19.31999969482422,19.5,18.25,19.5,0
2011-06-27,19.989999771118164,20.3700008392334,19.209999084472656,19.31999969482422,0
2011-06-28,19.489999771118164,19.989999771118164,19.31999969482422,19.989999771118164,0
2011-06-29,19.459999084472656,19.540000915527344,18.760000228881836,19.489999771118164,0
2011-06-30,18.40999984741211,19.459999084472656,18.40999984741211,19.459999084472656,0
2011-07-01,18.209999084472656,18.43000030517578,17.790000915527344,18.40999984741211,0
2011-07-04,18.170000076293945,18.709999084472656,17.84000015258789,18.209999084472656,0
2011-07-05,18.25,18.520000457763672,17.780000686645508,18.170000076293945,0
2011-07-06,18.34000015258789,18.489999771118164,18.1200008392334,18.25,0
2011-07-07,18.6200008392334,18.6200008392334,17.350000381469727,18.34000015258789,0
2011-07-08,18.670000076293945,18.790000915527344,18.020000457763672,18.6200008392334,0
2011-07-11,19.690000534057617,19.709999084472656,18.600000381469727,18.670000076293945,0
2011-07-12,20.829999923706055,21.219999313354492,19.40999984741211,19.690000534057617,0
2011-07-13,19.520000457763672,20.829999923706055,19.5,20.829999923706055,0
2011-07-14,19.969999313354492,20.290000915527344,17.850000381469727,19.520000457763672,0
2011-07-15,19.950000762939453,20.260000228881836,19.079999923706055,19.969999313354492,0
2011-07-18,20.200000762939453,20.399999618530273,19.290000915527344,19.950000762939453,0
2011-07-19,19.25,20.200000762939453,19.079999923706055,20.200000762939453,0
2011-07-20,19.110000610351562,19.459999084472656,18.479999542236328,19.25,0
2011-07-21,18.75,19.15999984741211,18.639999389648438,19.110000610351562,0
2011-07-22,17.90999984741211,18.75,17.270000457763672,18.75,0
2011-07-25,19.200000762939453,19.229999542236328,16.549999237060547,17.90999984741211,0
2011-07-26,19.299999237060547,19.59000015258789,18.40999984741211,19.200000762939453,0
2011-07-27,18.25,19.360000610351562,18.1299991607666,19.299999237060547,0
2011-07-28,18.510000228881836,19.040000915527344,18.25,18.25,0
2011-07-29,19.770000457763672,19.8799991607666,18.389999389648438,18.510000228881836,0
2011-08-01,18.780000686645508,19.770000457763672,18.579999923706055,19.770000457763672,0
2011-08-02,19.149999618530273,19.510000228881836,18.3799991607666,18.780000686645508,0
2011-08-03,19.479999542236328,19.989999771118164,18.979999542236328,19.149999618530273,0
2011-08-04,20.219999313354492,20.280000686645508,19.260000228881836,19.43000030517578,0
2011-08-05,24.899999618530273,26.399999618530273,19.84000015258789,20.219999313354492,0
2011-08-08,28.780000686645508,29.649999618530273,24.899999618530273,24.899999618530273,0
2011-08-09,34.880001068115234,37.0,28.780000686645508,28.780000686645508,0
2011-08-10,28.950000762939453,34.880001068115234,26.09000015258789,34.880001068115234,0
2011-08-11,29.09000015258789,29.489999771118164,27.399999618530273,28.950000762939453,0
2011-08-12,27.020000457763672,29.09000015258789,25.649999618530273,29.09000015258789,0
2011-08-16,26.459999084472656,27.1299991607666,24.989999771118164,27.020000457763672,0
2011-08-17,25.479999542236328,26.459999084472656,24.530000686645508,26.459999084472656,0
2011-08-18,27.450000762939453,27.8700008392334,22.350000381469727,25.479999542236328,0
2011-08-19,29.190000534057617,31.1299991607666,25.899999618530273,27.450000762939453,0
2011-08-22,27.079999923706055,30.350000381469727,27.030000686645508,29.190000534057617,0
2011-08-23,25.920000076293945,29.059999465942383,25.229999542236328,27.079999923706055,0
2011-08-24,28.600000381469727,29.219999313354492,24.93000030517578,25.920000076293945,0
2011-08-25,27.940000534057617,30.34000015258789,26.40999984741211,28.600000381469727,0
2011-08-26,33.2599983215332,33.2599983215332,27.75,27.940000534057617,0
2011-08-29,26.06999969482422,33.2599983215332,25.65999984741211,33.2599983215332,0
2011-08-30,24.8799991607666,26.399999618530273,24.399999618530273,26.06999969482422,0
2011-09-02,26.09000015258789,26.3700008392334,24.010000228881836,24.8799991607666,0
2011-09-05,27.829999923706055,28.31999969482422,26.09000015258789,26.09000015258789,0
2011-09-06,28.65999984741211,30.5,26.809999465942383,27.829999923706055,0
2011-09-07,27.860000610351562,28.770000457763672,27.399999618530273,28.65999984741211,0
2011-09-08,27.639999389648438,28.670000076293945,26.979999542236328,27.860000610351562,0
2011-09-09,28.149999618530273,28.280000686645508,26.149999618530273,27.639999389648438,0
2011-09-12,32.75,32.91999816894531,27.309999465942383,28.149999618530273,0
2011-09-13,32.77000045776367,33.709999084472656,29.420000076293945,32.75,0
2011-09-14,32.45000076293945,34.7400016784668,31.239999771118164,32.77000045776367,0
2011-09-15,30.790000915527344,33.720001220703125,29.90999984741211,32.45000076293945,0
2011-09-16,28.450000762939453,30.790000915527344,28.3700008392334,30.790000915527344,0
2011-09-19,29.600000381469727,30.75,27.559999465942383,28.450000762939453,0
2011-09-20,27.25,29.600000381469727,27.010000228881836,29.600000381469727,0
2011-09-21,27.670000076293945,28.170000076293945,25.989999771118164,27.25,0
2011-09-22,33.880001068115234,34.91999816894531,27.670000076293945,27.670000076293945,0
2011-09-23,35.15999984741211,37.54999923706055,33.52000045776367,33.880001068115234,0
2011-09-26,35.43000030517578,38.189998626708984,34.470001220703125,35.15999984741211,0
2011-09-27,32.0099983215332,35.43000030517578,31.239999771118164,35.43000030517578,0
2011-09-28,32.0,34.11000061035156,31.030000686645508,32.0099983215332,0
2011-09-29,31.06999969482422,32.810001373291016,30.5,32.0,0
2011-09-30,31.940000534057617,32.52000045776367,30.280000686645508,31.06999969482422,0
2011-10-03,35.06999969482422,36.04999923706055,31.940000534057617,31.940000534057617,0
2011-10-04,37.189998626708984,39.02000045776367,34.790000915527344,35.06999969482422,0
2011-10-05,35.369998931884766,37.189998626708984,34.7599983215332,37.189998626708984,0
2011-10-07,33.02000045776367,35.369998931884766,29.899999618530273,35.369998931884766,0
2011-10-10,30.030000686645508,33.709999084472656,30.030000686645508,33.02000045776367,0
2011-10-11,30.299999237060547,30.950000762939453,28.149999618530273,30.030000686645508,0
2011-10-12,28.40999984741211,30.299999237060547,28.010000228881836,30.299999237060547,0
2011-10-13,28.239999771118164,28.540000915527344,27.420000076293945,28.40999984741211,0
2011-10-14,25.979999542236328,28.309999465942383,25.729999542236328,28.239999771118164,0
2011-10-17,25.43000030517578,26.530000686645508,25.0,25.979999542236328,0
2011-10-18,25.899999618530273,26.59000015258789,25.329999923706055,25.43000030517578,0
2011-10-19,24.049999237060547,25.899999618530273,23.530000686645508,25.899999618530273,0
2011-10-20,25.600000381469727,26.540000915527344,19.600000381469727,24.049999237060547,0
2011-10-21,26.299999237060547,26.700000762939453,24.389999389648438,25.600000381469727,0
2011-10-24,25.219999313354492,26.299999237060547,24.579999923706055,26.299999237060547,0
2011-10-25,22.309999465942383,25.219999313354492,22.0,25.219999313354492,0
2011-10-28,20.889999389648438,22.690000534057617,20.56999969482422,22.690000534057617,0
2011-10-31,22.65999984741211,22.790000915527344,20.270000457763672,20.270000457763672,0
2011-11-01,24.020000457763672,24.600000381469727,20.729999542236328,20.729999542236328,0
2011-11-02,24.889999389648438,24.920000076293945,23.56999969482422,24.020000457763672,0
2011-11-03,24.65999984741211,26.18000030517578,24.420000076293945,24.889999389648438,0
2011-11-04,23.43000030517578,23.8799991607666,21.1299991607666,21.1299991607666,0
2011-11-08,23.709999084472656,24.739999771118164,20.75,20.75,0
2011-11-09,24.299999237060547,24.81999969482422,20.15999984741211,23.709999084472656,0
2011-11-11,24.739999771118164,25.93000030517578,24.270000457763672,24.299999237060547,0
2011-11-14,25.290000915527344,25.469999313354492,24.0,24.739999771118164,0
2011-11-15,25.969999313354492,26.030000686645508,24.43000030517578,25.290000915527344,0
2011-11-16,25.040000915527344,27.219999313354492,24.93000030517578,25.969999313354492,0
2011-11-17,26.920000076293945,27.270000457763672,24.729999542236328,25.040000915527344,0
2011-11-18,26.579999923706055,28.229999542236328,26.280000686645508,26.920000076293945,0
2011-11-21,28.610000610351562,28.690000534057617,23.06999969482422,23.06999969482422,0
2011-11-22,27.350000381469727,28.899999618530273,22.639999389648438,22.639999389648438,0
2011-11-23,30.68000030517578,32.709999084472656,26.979999542236328,27.350000381469727,0
2011-11-24,27.950000762939453,32.52000045776367,24.84000015258789,24.84000015258789,0
2011-11-25,29.1200008392334,30.1299991607666,27.950000762939453,27.950000762939453,0
2011-11-28,26.639999389648438,28.770000457763672,26.639999389648438,28.6299991607666,0
2011-11-29,26.8700008392334,28.149999618530273,26.200000762939453,26.639999389648438,0
2011-11-30,26.549999237060547,27.850000381469727,26.149999618530273,26.459999084472656,0
2011-12-01,25.020000457763672,26.549999237060547,23.3700008392334,26.549999237060547,0
2011-12-02,23.989999771118164,24.899999618530273,23.3799991607666,24.09000015258789,0
2011-12-05,25.020000457763672,25.75,23.399999618530273,23.399999618530273,0
2011-12-07,26.459999084472656,26.579999923706055,24.520000457763672,24.520000457763672,0
2011-12-08,28.579999923706055,29.0,25.0,25.0,0
2011-12-09,29.530000686645508,29.979999542236328,28.030000686645508,28.030000686645508,0
2011-12-12,29.270000457763672,30.0,27.209999084472656,27.209999084472656,0
2011-12-13,28.110000610351562,29.610000610351562,28.110000610351562,28.469999313354492,0
2011-12-14,28.790000915527344,29.350000381469727,28.079999923706055,28.079999923706055,0
2011-12-15,28.809999465942383,30.260000228881836,27.979999542236328,28.790000915527344,0
2011-12-16,29.690000534057617,29.690000534057617,27.479999542236328,27.479999542236328,0
2011-12-19,30.579999923706055,31.270000457763672,29.690000534057617,29.690000534057617,0
2011-12-20,30.530000686645508,31.020000457763672,29.540000915527344,30.579999923706055,0
2011-12-21,27.530000686645508,29.8799991607666,27.530000686645508,28.809999465942383,0
2011-12-22,26.84000015258789,28.229999542236328,26.579999923706055,27.309999465942383,0
2011-12-23,27.389999389648438,27.90999984741211,25.809999465942383,26.84000015258789,0
2011-12-26,26.600000381469727,27.969999313354492,26.309999465942383,26.989999771118164,0
2011-12-27,26.290000915527344,27.010000228881836,26.030000686645508,26.600000381469727,0
2011-12-28,26.739999771118164,27.239999771118164,25.940000534057617,26.290000915527344,0
2011-12-29,26.6200008392334,27.549999237060547,26.43000030517578,26.739999771118164,0
2011-12-30,27.110000610351562,27.790000915527344,26.25,26.6200008392334,0
2012-01-02,27.530000686645508,28.68000030517578,27.110000610351562,27.110000610351562,0
2012-01-03,26.15999984741211,27.530000686645508,25.989999771118164,27.530000686645508,0
2012-01-04,26.40999984741211,26.84000015258789,25.600000381469727,26.15999984741211,0
2012-01-05,25.90999984741211,26.600000381469727,25.719999313354492,26.40999984741211,0
2012-01-06,25.459999084472656,26.440000534057617,25.09000015258789,25.90999984741211,0
2012-01-09,25.68000030517578,26.540000915527344,24.90999984741211,25.649999618530273,0
2012-01-10,24.0,25.68000030517578,23.959999084472656,25.68000030517578,0
2012-01-11,24.540000915527344,24.639999389648438,23.31999969482422,24.0,0
2012-01-12,24.030000686645508,24.850000381469727,23.770000457763672,24.540000915527344,0
2012-01-13,23.479999542236328,24.149999618530273,23.229999542236328,24.030000686645508,0
2012-01-16,24.06999969482422,24.959999084472656,23.219999313354492,23.479999542236328,0
2012-01-17,22.610000610351562,24.06999969482422,22.479999542236328,24.06999969482422,0
2012-01-18,22.68000030517578,22.75,21.969999313354492,22.610000610351562,0
2012-01-19,21.68000030517578,22.68000030517578,20.8799991607666,22.68000030517578,0
2012-01-20,21.959999084472656,22.329999923706055,18.010000228881836,21.68000030517578,0
2012-01-23,22.139999389648438,22.90999984741211,21.959999084472656,21.959999084472656,0
2012-01-24,21.420000076293945,22.510000228881836,20.770000457763672,22.139999389648438,0
2012-01-25,21.020000457763672,21.420000076293945,18.6299991607666,21.420000076293945,0
2012-01-27,21.700000762939453,22.200000762939453,20.68000030517578,21.020000457763672,0
2012-01-30,23.459999084472656,23.479999542236328,21.700000762939453,21.700000762939453,0
2012-01-31,22.65999984741211,23.459999084472656,22.329999923706055,23.459999084472656,0
2012-02-01,22.889999389648438,23.489999771118164,22.170000076293945,22.65999984741211,0
2012-02-02,23.690000534057617,24.260000228881836,21.8799991607666,22.889999389648438,0
2012-02-03,24.09000015258789,24.489999771118164,23.350000381469727,23.690000534057617,0
2012-02-06,24.6200008392334,25.020000457763672,23.579999923706055,24.09000015258789,0
2012-02-07,24.90999984741211,25.149999618530273,23.690000534057617,24.65999984741211,0
2012-02-08,24.270000457763672,25.010000228881836,24.170000076293945,24.90999984741211,0
2012-02-09,23.299999237060547,24.610000610351562,23.25,24.270000457763672,0
2012-02-10,23.829999923706055,24.469999313354492,22.979999542236328,23.299999237060547,0
2012-02-13,23.709999084472656,24.760000228881836,23.1200008392334,23.829999923706055,0
2012-02-14,22.709999084472656,23.920000076293945,22.709999084472656,23.709999084472656,0
2012-02-15,22.100000381469727,22.709999084472656,21.709999084472656,22.709999084472656,0
2012-02-16,23.329999923706055,23.8799991607666,20.299999237060547,22.100000381469727,0
2012-02-17,24.18000030517578,24.90999984741211,21.809999465942383,23.329999923706055,0
2012-02-21,26.25,27.18000030517578,24.18000030517578,24.18000030517578,0
2012-02-22,26.799999237060547,27.299999237060547,25.690000534057617,26.25,0
2012-02-23,24.329999923706055,26.799999237060547,24.1299991607666,26.799999237060547,0
2012-02-24,24.81999969482422,25.790000915527344,23.59000015258789,24.329999923706055,0
2012-02-27,27.3799991607666,27.8700008392334,24.81999969482422,24.81999969482422,0
2012-02-28,25.850000381469727,27.3799991607666,25.700000762939453,27.3799991607666,0
2012-02-29,26.93000030517578,27.09000015258789,24.690000534057617,25.850000381469727,0
2012-03-01,27.670000076293945,28.020000457763672,26.520000457763672,26.93000030517578,0
2012-03-02,27.84000015258789,28.3700008392334,26.6200008392334,27.670000076293945,0
2012-03-05,28.920000076293945,29.549999237060547,28.200000762939453,28.200000762939453,0
2012-03-06,27.34000015258789,28.920000076293945,26.049999237060547,28.920000076293945,0
2012-03-07,26.329999923706055,27.34000015258789,25.969999313354492,27.34000015258789,0
2012-03-09,25.469999313354492,26.329999923706055,24.600000381469727,26.329999923706055,0
2012-03-12,26.270000457763672,26.93000030517578,24.920000076293945,25.469999313354492,0
2012-03-13,24.75,26.270000457763672,24.639999389648438,26.270000457763672,0
2012-03-14,24.719999313354492,25.09000015258789,23.030000686645508,24.75,0
2012-03-15,25.420000076293945,25.639999389648438,24.040000915527344,24.719999313354492,0
2012-03-16,23.1299991607666,25.420000076293945,22.579999923706055,25.420000076293945,0
2012-03-19,22.969999313354492,23.81999969482422,22.790000915527344,23.1299991607666,0
2012-03-20,21.940000534057617,22.969999313354492,21.360000610351562,22.969999313354492,0
2012-03-21,21.0,21.989999771118164,21.0,21.940000534057617,0
2012-03-22,24.770000457763672,24.770000457763672,20.59000015258789,21.0,0
2012-03-23,23.34000015258789,24.770000457763672,22.889999389648438,24.770000457763672,0
2012-03-26,26.739999771118164,27.450000762939453,22.399999618530273,23.34000015258789,0
2012-03-27,25.049999237060547,27.1299991607666,24.31999969482422,26.739999771118164,0
2012-03-28,24.8700008392334,25.829999923706055,24.81999969482422,25.049999237060547,0
2012-03-29,24.329999923706055,25.860000610351562,24.190000534057617,24.8700008392334,0
2012-03-30,22.3799991607666,24.329999923706055,22.06999969482422,24.329999923706055,0
2012-04-02,20.8799991607666,22.940000534057617,20.8799991607666,22.860000610351562,0
2012-04-03,20.010000228881836,20.8799991607666,19.93000030517578,20.8799991607666,0
2012-04-04,20.6299991607666,20.850000381469727,20.010000228881836,20.010000228881836,0
2012-04-09,22.329999923706055,22.440000534057617,20.6299991607666,20.6299991607666,0
2012-04-10,21.920000076293945,22.809999465942383,21.729999542236328,22.329999923706055,0
2012-04-11,22.290000915527344,22.75,21.649999618530273,21.920000076293945,0
2012-04-12,21.780000686645508,22.290000915527344,21.719999313354492,22.290000915527344,0
2012-04-13,22.75,23.15999984741211,19.860000610351562,19.860000610351562,0
2012-04-16,22.229999542236328,23.290000915527344,22.229999542236328,22.75,0
2012-04-17,20.309999465942383,22.75,20.290000915527344,22.229999542236328,0
2012-04-18,20.030000686645508,20.200000762939453,18.93000030517578,18.93000030517578,0
2012-04-19,19.350000381469727,20.030000686645508,18.989999771118164,20.030000686645508,0
2012-04-20,20.09000015258789,20.75,19.020000457763672,19.350000381469727,0
2012-04-23,21.56999969482422,21.56999969482422,19.709999084472656,20.09000015258789,0
2012-04-24,19.25,21.56999969482422,19.1299991607666,21.56999969482422,0
2012-04-25,18.940000534057617,20.399999618530273,17.760000228881836,17.760000228881836,0
2012-04-26,18.739999771118164,19.450000762939453,18.309999465942383,19.329999923706055,0
2012-04-27,17.889999389648438,19.18000030517578,17.850000381469727,18.739999771118164,0
2012-04-30,17.81999969482422,18.520000457763672,17.610000610351562,17.610000610351562,0
2012-05-02,18.540000915527344,18.610000610351562,17.81999969482422,17.81999969482422,0
2012-05-03,19.25,19.81999969482422,18.540000915527344,18.540000915527344,0
2012-05-04,21.1200008392334,21.450000762939453,19.25,19.25,0
2012-05-07,20.219999313354492,23.229999542236328,20.18000030517578,21.1200008392334,0
2012-05-08,22.15999984741211,22.299999237060547,19.649999618530273,20.219999313354492,0
2012-05-09,23.040000915527344,23.8700008392334,22.059999465942383,22.15999984741211,0
2012-05-10,22.719999313354492,23.639999389648438,22.06999969482422,23.040000915527344,0
2012-05-11,22.479999542236328,23.93000030517578,22.350000381469727,22.719999313354492,0
2012-05-14,23.260000228881836,23.520000457763672,22.479999542236328,22.479999542236328,0
2012-05-15,22.280000686645508,23.260000228881836,22.200000762939453,23.260000228881836,0
2012-05-16,23.709999084472656,24.540000915527344,22.280000686645508,22.280000686645508,0
2012-05-17,23.59000015258789,24.270000457763672,22.209999084472656,23.709999084472656,0
2012-05-18,23.549999237060547,25.450000762939453,22.56999969482422,23.59000015258789,0
2012-05-21,23.920000076293945,24.350000381469727,23.200000762939453,23.549999237060547,0
2012-05-22,24.389999389648438,24.6299991607666,22.600000381469727,23.920000076293945,0
2012-05-23,27.1299991607666,27.200000762939453,23.209999084472656,24.389999389648438,0
2012-05-24,25.489999771118164,27.1299991607666,24.0,27.1299991607666,0
2012-05-25,25.139999389648438,26.600000381469727,24.059999465942383,25.489999771118164,0
2012-05-28,23.68000030517578,25.399999618530273,23.59000015258789,25.139999389648438,0
2012-05-29,24.030000686645508,24.329999923706055,22.700000762939453,23.68000030517578,0
2012-05-30,25.299999237060547,25.540000915527344,23.290000915527344,24.030000686645508,0
2012-05-31,25.25,25.969999313354492,24.989999771118164,25.299999237060547,0
2012-06-01,26.770000457763672,26.770000457763672,24.8799991607666,25.25,0
2012-06-04,25.600000381469727,28.649999618530273,25.600000381469727,26.770000457763672,0
2012-06-05,26.260000228881836,26.690000534057617,24.270000457763672,25.600000381469727,0
2012-06-06,24.899999618530273,26.260000228881836,24.260000228881836,26.260000228881836,0
2012-06-07,23.639999389648438,25.059999465942383,23.34000015258789,24.899999618530273,0
2012-06-08,23.469999313354492,24.75,23.450000762939453,23.639999389648438,0
2012-06-11,25.020000457763672,25.020000457763672,23.469999313354492,23.469999313354492,0
2012-06-12,24.200000762939453,25.43000030517578,23.940000534057617,25.020000457763672,0
2012-06-13,24.360000610351562,25.31999969482422,23.530000686645508,24.200000762939453,0
2012-06-14,25.709999084472656,25.81999969482422,23.399999618530273,24.360000610351562,0
2012-06-15,25.540000915527344,25.920000076293945,24.489999771118164,25.709999084472656,0
2012-06-18,22.600000381469727,25.540000915527344,22.25,25.540000915527344,0
2012-06-19,21.43000030517578,22.600000381469727,21.040000915527344,22.600000381469727,0
2012-06-20,21.030000686645508,21.719999313354492,20.110000610351562,21.43000030517578,0
2012-06-21,19.940000534057617,21.219999313354492,19.43000030517578,21.030000686645508,0
2012-06-22,20.579999923706055,21.520000457763672,19.610000610351562,19.940000534057617,0
2012-06-25,21.56999969482422,21.6299991607666,20.040000915527344,20.579999923706055,0
2012-06-26,20.229999542236328,21.760000228881836,20.040000915527344,21.56999969482422,0
2012-06-27,20.3700008392334,20.809999465942383,19.389999389648438,20.229999542236328,0
2012-06-28,20.6200008392334,20.729999542236328,19.530000686645508,20.3700008392334,0
2012-06-29,19.079999923706055,20.6200008392334,18.799999237060547,20.6200008392334,0
2012-07-02,19.010000228881836,19.700000762939453,18.790000915527344,19.079999923706055,0
2012-07-03,18.559999465942383,19.010000228881836,18.139999389648438,19.010000228881836,0
2012-07-04,18.270000457763672,18.829999923706055,17.479999542236328,18.559999465942383,0
2012-07-05,18.350000381469727,18.700000762939453,18.09000015258789,18.270000457763672,0
2012-07-06,18.040000915527344,18.6299991607666,18.040000915527344,18.350000381469727,0
2012-07-09,18.719999313354492,19.09000015258789,18.040000915527344,18.040000915527344,0
2012-07-10,17.829999923706055,18.8700008392334,17.799999237060547,18.719999313354492,0
2012-07-11,18.389999389648438,18.56999969482422,17.799999237060547,17.829999923706055,0
2012-07-12,18.709999084472656,19.309999465942383,18.020000457763672,18.389999389648438,0
2012-07-13,18.260000228881836,18.709999084472656,17.6200008392334,18.709999084472656,0
2012-07-16,18.770000457763672,19.010000228881836,18.079999923706055,18.260000228881836,0
2012-07-17,17.780000686645508,18.770000457763672,17.719999313354492,18.770000457763672,0
2012-07-18,17.440000534057617,17.829999923706055,17.059999465942383,17.780000686645508,0
2012-07-19,16.3799991607666,17.440000534057617,16.329999923706055,17.440000534057617,0
2012-07-20,16.889999389648438,17.309999465942383,15.84000015258789,16.3799991607666,0
2012-07-23,18.65999984741211,18.670000076293945,16.889999389648438,16.889999389648438,0
2012-07-24,16.969999313354492,18.65999984741211,16.559999465942383,18.65999984741211,0
2012-07-25,16.75,18.139999389648438,16.479999542236328,16.969999313354492,0
2012-07-26,16.3700008392334,17.579999923706055,15.920000076293945,16.75,0
2012-07-27,16.440000534057617,16.75,15.420000076293945,16.3700008392334,0
2012-07-30,16.600000381469727,17.31999969482422,16.43000030517578,16.440000534057617,0
2012-07-31,16.010000228881836,17.1299991607666,15.930000305175781,16.600000381469727,0
2012-08-01,16.450000762939453,16.479999542236328,15.859999656677246,16.010000228881836,0
2012-08-02,16.770000457763672,16.90999984741211,16.450000762939453,16.450000762939453,0
2012-08-03,16.1200008392334,16.959999084472656,16.1200008392334,16.770000457763672,0
2012-08-06,16.219999313354492,16.510000228881836,15.680000305175781,16.1200008392334,0
2012-08-07,16.209999084472656,16.329999923706055,15.739999771118164,16.219999313354492,0
2012-08-08,16.3700008392334,16.739999771118164,15.510000228881836,16.209999084472656,0
2012-08-09,16.329999923706055,16.770000457763672,16.040000915527344,16.3700008392334,0
2012-08-10,16.06999969482422,16.510000228881836,16.030000686645508,16.329999923706055,0
2012-08-13,16.010000228881836,16.649999618530273,16.0,16.06999969482422,0
2012-08-14,15.640000343322754,16.149999618530273,15.569999694824219,16.010000228881836,0
2012-08-16,15.6899995803833,16.1299991607666,15.069999694824219,15.640000343322754,0
2012-08-17,15.729999542236328,16.020000457763672,15.210000038146973,15.6899995803833,0
2012-08-21,16.299999237060547,16.489999771118164,15.710000038146973,15.729999542236328,0
2012-08-22,16.0,16.530000686645508,15.789999961853027,16.299999237060547,0
2012-08-23,16.1200008392334,16.360000610351562,15.4399995803833,16.0,0
2012-08-24,16.15999984741211,16.799999237060547,15.65999984741211,16.1200008392334,0
2012-08-27,16.469999313354492,17.030000686645508,14.680000305175781,16.15999984741211,0
2012-08-28,16.350000381469727,16.760000228881836,15.800000190734863,16.469999313354492,0
2012-08-29,16.739999771118164,16.899999618530273,15.640000343322754,16.350000381469727,0
2012-08-30,16.670000076293945,17.040000915527344,16.549999237060547,16.739999771118164,0
2012-08-31,17.299999237060547,17.350000381469727,16.59000015258789,16.670000076293945,0
2012-09-03,17.280000686645508,17.5,16.860000610351562,17.299999237060547,0
2012-09-04,16.59000015258789,17.280000686645508,16.59000015258789,17.280000686645508,0
2012-09-05,17.010000228881836,17.149999618530273,16.190000534057617,16.59000015258789,0
2012-09-06,16.979999542236328,17.06999969482422,16.229999542236328,17.010000228881836,0
2012-09-07,15.260000228881836,16.979999542236328,15.199999809265137,16.979999542236328,0
2012-09-10,15.270000457763672,15.460000038146973,14.760000228881836,14.760000228881836,0
2012-09-11,15.380000114440918,15.510000228881836,15.100000381469727,15.270000457763672,0
2012-09-12,15.039999961853027,15.65999984741211,14.640000343322754,15.380000114440918,0
2012-09-13,15.670000076293945,15.829999923706055,14.619999885559082,15.039999961853027,0
2012-09-14,15.380000114440918,15.670000076293945,13.859999656677246,15.670000076293945,0
2012-09-17,17.780000686645508,17.809999465942383,15.380000114440918,15.380000114440918,0
2012-09-18,17.829999923706055,18.09000015258789,16.170000076293945,17.780000686645508,0
2012-09-20,18.6200008392334,18.809999465942383,17.1299991607666,17.829999923706055,0
2012-09-21,18.93000030517578,19.450000762939453,17.09000015258789,18.6200008392334,0
2012-09-24,18.829999923706055,19.829999923706055,18.459999084472656,18.93000030517578,0
2012-09-25,17.110000610351562,18.829999923706055,17.110000610351562,18.829999923706055,0
2012-09-26,16.969999313354492,17.299999237060547,16.6200008392334,17.110000610351562,0
2012-09-27,16.90999984741211,17.09000015258789,15.729999542236328,16.969999313354492,0
2012-09-28,16.15999984741211,16.90999984741211,16.1299991607666,16.90999984741211,0
2012-10-01,16.34000015258789,16.770000457763672,15.989999771118164,16.15999984741211,0
2012-10-03,16.5,16.979999542236328,15.6899995803833,16.34000015258789,0
2012-10-04,16.440000534057617,16.6200008392334,15.59000015258789,16.5,0
2012-10-05,16.780000686645508,17.489999771118164,15.680000305175781,16.440000534057617,0
2012-10-08,17.170000076293945,17.59000015258789,16.170000076293945,16.780000686645508,0
2012-10-09,16.799999237060547,17.170000076293945,16.31999969482422,17.170000076293945,0
2012-10-10,16.829999923706055,17.15999984741211,16.5,16.799999237060547,0
2012-10-11,16.489999771118164,17.239999771118164,16.1200008392334,16.829999923706055,0
2012-10-12,16.489999771118164,16.81999969482422,15.369999885559082,16.489999771118164,0
2012-10-15,15.899999618530273,16.68000030517578,15.779999732971191,16.489999771118164,0
2012-10-16,15.569999694824219,15.899999618530273,14.819999694824219,15.899999618530273,0
2012-10-17,15.170000076293945,15.569999694824219,14.359999656677246,15.569999694824219,0
2012-10-18,14.760000228881836,15.170000076293945,14.149999618530273,15.170000076293945,0
2012-10-19,14.539999961853027,15.1899995803833,13.949999809265137,14.760000228881836,0
2012-10-22,13.039999961853027,14.369999885559082,12.869999885559082,14.34000015258789,0
2012-10-23,13.710000038146973,14.220000267028809,12.930000305175781,13.039999961853027,0
2012-10-25,13.520000457763672,14.550000190734863,13.399999618530273,13.710000038146973,0
2012-10-29,15.119999885559082,15.369999885559082,14.210000038146973,14.210000038146973,0
2012-10-30,15.170000076293945,15.550000190734863,15.09000015258789,15.119999885559082,0
2012-10-31,14.399999618530273,15.180000305175781,14.3100004196167,15.170000076293945,0
2012-11-01,14.079999923706055,14.670000076293945,14.010000228881836,14.399999618530273,0
2012-11-02,13.65999984741211,14.079999923706055,13.25,14.079999923706055,0
2012-11-05,14.630000114440918,14.979999542236328,13.489999771118164,13.65999984741211,0
2012-11-06,15.210000038146973,15.640000343322754,13.829999923706055,14.630000114440918,0
2012-11-07,14.510000228881836,15.390000343322754,14.40999984741211,15.210000038146973,0
2012-11-08,14.220000267028809,14.569999694824219,13.859999656677246,14.510000228881836,0
2012-11-09,14.369999885559082,14.800000190734863,13.569999694824219,14.220000267028809,0
2012-11-12,14.859999656677246,15.109999656677246,13.75,14.369999885559082,0
2012-11-15,15.529999732971191,16.360000610351562,13.850000381469727,14.90999984741211,0
2012-11-16,16.219999313354492,16.270000457763672,14.130000114440918,15.529999732971191,0
2012-11-19,16.68000030517578,17.219999313354492,14.710000038146973,16.219999313354492,0
2012-11-20,15.8100004196167,16.68000030517578,14.720000267028809,16.68000030517578,0
2012-11-21,15.460000038146973,16.030000686645508,14.819999694824219,15.8100004196167,0
2012-11-22,14.90999984741211,15.550000190734863,14.649999618530273,15.460000038146973,0
2012-11-23,14.680000305175781,15.010000228881836,13.420000076293945,14.90999984741211,0
2012-11-26,14.670000076293945,14.9399995803833,14.09000015258789,14.680000305175781,0
2012-11-27,13.960000038146973,14.680000305175781,13.390000343322754,14.670000076293945,0
2012-11-29,15.369999885559082,15.619999885559082,13.479999542236328,13.960000038146973,0
2012-11-30,15.149999618530273,15.380000114440918,14.0600004196167,15.369999885559082,0
2012-12-03,15.619999885559082,15.720000267028809,14.539999961853027,15.149999618530273,0
2012-12-04,15.90999984741211,16.170000076293945,14.619999885559082,15.619999885559082,0
2012-12-05,16.6200008392334,16.719999313354492,14.789999961853027,15.90999984741211,0
2012-12-06,15.239999771118164,16.6200008392334,15.020000457763672,16.6200008392334,0
2012-12-07,14.960000038146973,15.510000228881836,14.420000076293945,15.239999771118164,0
2012-12-10,14.510000228881836,14.960000038146973,14.220000267028809,14.960000038146973,0
2012-12-11,14.670000076293945,14.84000015258789,13.390000343322754,14.510000228881836,0
2012-12-12,14.510000228881836,14.670000076293945,13.399999618530273,14.670000076293945,0
2012-12-13,14.710000038146973,14.859999656677246,13.289999961853027,14.510000228881836,0
2012-12-14,14.229999542236328,14.829999923706055,13.430000305175781,14.710000038146973,0
2012-12-17,14.920000076293945,15.0600004196167,13.420000076293945,14.229999542236328,0
2012-12-18,14.4399995803833,14.920000076293945,14.069999694824219,14.920000076293945,0
2012-12-19,14.470000267028809,14.640000343322754,13.279999732971191,14.4399995803833,0
2012-12-20,14.319999694824219,14.899999618530273,13.770000457763672,14.470000267028809,0
2012-12-21,14.630000114440918,15.0600004196167,13.770000457763672,14.319999694824219,0
2012-12-24,14.489999771118164,15.149999618530273,14.149999618530273,14.630000114440918,0
2012-12-26,14.100000381469727,14.979999542236328,14.029999732971191,14.489999771118164,0
2012-12-27,13.739999771118164,14.34000015258789,13.619999885559082,14.100000381469727,0
2012-12-28,13.630000114440918,13.829999923706055,13.460000038146973,13.739999771118164,0
2012-12-31,14.949999809265137,14.970000267028809,13.630000114440918,13.630000114440918,0
2013-01-01,13.6899995803833,14.949999809265137,13.640000343322754,14.949999809265137,0
2013-01-02,13.710000038146973,13.90999984741211,12.989999771118164,13.6899995803833,0
2013-01-03,13.470000267028809,13.9399995803833,13.220000267028809,13.710000038146973,0
2013-01-04,13.369999885559082,13.630000114440918,13.279999732971191,13.470000267028809,0
2013-01-07,13.920000076293945,14.039999961853027,13.369999885559082,13.369999885559082,0
2013-01-08,13.270000457763672,14.0600004196167,13.210000038146973,13.920000076293945,0
2013-01-09,13.319999694824219,13.5600004196167,12.579999923706055,13.270000457763672,0
2013-01-10,13.270000457763672,13.630000114440918,12.850000381469727,13.319999694824219,0
2013-01-11,13.229999542236328,13.350000381469727,12.829999923706055,13.270000457763672,0
2013-01-14,13.699999809265137,14.020000457763672,13.220000267028809,13.229999542236328,0
2013-01-15,13.579999923706055,14.0,13.34000015258789,13.699999809265137,0
2013-01-16,13.989999771118164,14.140000343322754,13.0600004196167,13.579999923706055,0
2013-01-17,14.010000228881836,14.25,13.65999984741211,13.989999771118164,0
2013-01-18,13.890000343322754,14.260000228881836,13.25,14.010000228881836,0
2013-01-21,13.65999984741211,14.390000343322754,13.630000114440918,13.890000343322754,0
2013-01-22,13.890000343322754,14.0600004196167,12.899999618530273,13.65999984741211,0
2013-01-23,13.670000076293945,14.279999732971191,13.130000114440918,13.890000343322754,0
2013-01-24,14.460000038146973,14.550000190734863,12.84000015258789,13.670000076293945,0
2013-01-25,14.770000457763672,14.979999542236328,14.319999694824219,14.460000038146973,0
2013-01-28,15.170000076293945,15.489999771118164,14.40999984741211,14.770000457763672,0
2013-01-29,14.470000267028809,15.279999732971191,14.279999732971191,15.170000076293945,0
2013-01-30,14.380000114440918,14.680000305175781,14.050000190734863,14.470000267028809,0
2013-01-31,14.130000114440918,14.539999961853027,13.649999618530273,14.380000114440918,0
2013-02-01,13.760000228881836,14.180000305175781,13.760000228881836,14.130000114440918,0
2013-02-04,14.34000015258789,14.619999885559082,13.510000228881836,13.760000228881836,0
2013-02-05,14.609999656677246,14.829999923706055,14.109999656677246,14.34000015258789,0
2013-02-06,14.260000228881836,14.609999656677246,14.100000381469727,14.609999656677246,0
2013-02-07,14.890000343322754,14.890000343322754,13.5600004196167,14.260000228881836,0
2013-02-08,15.15999984741211,15.220000267028809,13.75,14.890000343322754,0
2013-02-11,15.649999618530273,15.739999771118164,14.960000038146973,15.15999984741211,0
2013-02-12,15.3100004196167,15.710000038146973,14.979999542236328,15.649999618530273,0
2013-02-13,15.140000343322754,15.3100004196167,14.470000267028809,15.3100004196167,0
2013-02-14,15.09000015258789,15.520000457763672,14.670000076293945,15.140000343322754,0
2013-02-15,15.239999771118164,15.489999771118164,14.130000114440918,15.09000015258789,0
2013-02-18,16.290000915527344,16.610000610351562,15.239999771118164,15.239999771118164,0
2013-02-19,15.8100004196167,16.5,15.479999542236328,16.290000915527344,0
2013-02-20,15.600000381469727,16.010000228881836,14.880000114440918,15.8100004196167,0
2013-02-21,16.940000534057617,17.25,15.25,15.600000381469727,0
2013-02-22,16.790000915527344,17.290000915527344,16.360000610351562,16.940000534057617,0
2013-02-25,16.729999542236328,17.329999923706055,16.610000610351562,16.790000915527344,0
2013-02-26,17.360000610351562,17.600000381469727,16.469999313354492,16.729999542236328,0
2013-02-27,16.229999542236328,17.360000610351562,16.110000610351562,17.360000610351562,0
2013-02-28,14.859999656677246,16.229999542236328,14.59000015258789,16.229999542236328,0
2013-03-01,14.0600004196167,15.09000015258789,13.930000305175781,14.859999656677246,0
2013-03-04,13.670000076293945,14.510000228881836,13.670000076293945,14.0600004196167,0
2013-03-05,13.390000343322754,13.739999771118164,13.220000267028809,13.670000076293945,0
2013-03-06,13.399999618530273,13.600000381469727,12.899999618530273,13.390000343322754,0
2013-03-07,13.069999694824219,13.619999885559082,12.829999923706055,13.399999618530273,0
2013-03-08,13.34000015258789,13.579999923706055,12.850000381469727,12.850000381469727,0
2013-03-11,14.25,14.319999694824219,13.119999885559082,13.34000015258789,0
2013-03-12,15.130000114440918,15.670000076293945,13.699999809265137,14.25,0
2013-03-13,16.200000762939453,16.43000030517578,14.6899995803833,15.130000114440918,0
2013-03-14,14.65999984741211,17.15999984741211,14.579999923706055,16.200000762939453,0
2013-03-15,15.15999984741211,15.289999961853027,14.1899995803833,14.65999984741211,0
2013-03-18,15.850000381469727,16.59000015258789,15.15999984741211,15.15999984741211,0
2013-03-19,16.709999084472656,17.84000015258789,14.829999923706055,15.850000381469727,0
2013-03-20,16.65999984741211,17.440000534057617,16.170000076293945,16.709999084472656,0
2013-03-21,16.510000228881836,17.239999771118164,15.899999618530273,16.65999984741211,0
2013-03-22,15.539999961853027,16.510000228881836,15.449999809265137,16.510000228881836,0
2013-03-25,16.360000610351562,16.360000610351562,14.920000076293945,15.539999961853027,0
2013-03-26,15.800000190734863,16.84000015258789,15.640000343322754,16.360000610351562,0
2013-03-28,15.220000267028809,16.200000762939453,15.220000267028809,15.800000190734863,0
2013-04-01,14.850000381469727,15.850000381469727,14.800000190734863,15.220000267028809,0
2013-04-02,14.100000381469727,15.09000015258789,14.100000381469727,14.850000381469727,0
2013-04-03,14.869999885559082,15.0600004196167,13.84000015258789,14.100000381469727,0
2013-04-04,15.850000381469727,16.079999923706055,14.800000190734863,14.869999885559082,0
2013-04-05,16.15999984741211,16.469999313354492,15.229999542236328,15.850000381469727,0
2013-04-08,16.770000457763672,16.959999084472656,15.670000076293945,15.670000076293945,0
2013-04-09,16.81999969482422,17.260000228881836,15.819999694824219,15.819999694824219,0
2013-04-10,16.489999771118164,17.43000030517578,16.030000686645508,16.81999969482422,0
2013-04-11,16.969999313354492,17.59000015258789,15.989999771118164,16.489999771118164,0
2013-04-12,16.450000762939453,17.260000228881836,16.329999923706055,16.969999313354492,0
2013-04-15,16.610000610351562,17.06999969482422,16.239999771118164,16.450000762939453,0
2013-04-16,16.25,16.799999237060547,16.040000915527344,16.610000610351562,0
2013-04-17,16.360000610351562,16.579999923706055,15.760000228881836,16.25,0
2013-04-18,15.359999656677246,16.489999771118164,15.210000038146973,16.360000610351562,0
2013-04-22,16.219999313354492,17.25,15.359999656677246,15.359999656677246,0
2013-04-23,15.069999694824219,16.450000762939453,14.630000114440918,16.219999313354492,0
2013-04-25,14.199999809265137,15.579999923706055,13.869999885559082,15.069999694824219,0
2013-04-26,13.880000114440918,14.600000381469727,13.84000015258789,14.600000381469727,0
2013-04-29,14.329999923706055,14.720000267028809,13.880000114440918,13.880000114440918,0
2013-04-30,15.100000381469727,15.640000343322754,13.8100004196167,14.329999923706055,0
2013-05-02,16.280000686645508,16.729999542236328,15.100000381469727,15.100000381469727,0
2013-05-03,15.550000190734863,16.549999237060547,15.430000305175781,16.280000686645508,0
2013-05-06,15.84000015258789,16.59000015258789,15.529999732971191,15.550000190734863,0
2013-05-07,16.5,16.530000686645508,15.5600004196167,15.84000015258789,0
2013-05-08,16.760000228881836,17.219999313354492,16.010000228881836,16.5,0
2013-05-09,16.600000381469727,17.149999618530273,16.530000686645508,16.760000228881836,0
2013-05-10,16.860000610351562,17.1299991607666,16.399999618530273,16.600000381469727,0
2013-05-13,17.510000228881836,17.790000915527344,16.770000457763672,16.84000015258789,0
2013-05-14,17.170000076293945,17.700000762939453,16.530000686645508,16.530000686645508,0
2013-05-15,18.1299991607666,18.15999984741211,16.540000915527344,17.170000076293945,0
2013-05-16,17.739999771118164,18.520000457763672,17.459999084472656,18.1299991607666,0
2013-05-17,17.56999969482422,17.829999923706055,16.760000228881836,17.739999771118164,0
2013-05-20,17.709999084472656,17.989999771118164,17.299999237060547,17.56999969482422,0
2013-05-21,17.8799991607666,18.219999313354492,16.989999771118164,16.989999771118164,0
2013-05-22,17.719999313354492,18.030000686645508,16.950000762939453,17.8799991607666,0
2013-05-23,18.729999542236328,19.360000610351562,16.959999084472656,17.719999313354492,0
2013-05-24,17.700000762939453,18.799999237060547,17.610000610351562,18.729999542236328,0
2013-05-27,17.030000686645508,18.040000915527344,16.68000030517578,17.700000762939453,0
2013-05-28,17.1200008392334,17.6200008392334,16.6299991607666,17.030000686645508,0
2013-05-29,17.860000610351562,17.8700008392334,16.790000915527344,16.790000915527344,0
2013-05-30,16.040000915527344,17.860000610351562,15.84000015258789,17.860000610351562,0
2013-05-31,16.989999771118164,17.209999084472656,15.880000114440918,16.040000915527344,0
2013-06-03,17.290000915527344,17.920000076293945,16.989999771118164,16.989999771118164,0
2013-06-04,17.260000228881836,17.549999237060547,16.719999313354492,17.290000915527344,0
2013-06-05,16.780000686645508,17.5,16.780000686645508,16.790000915527344,0
2013-06-06,17.350000381469727,17.520000457763672,16.59000015258789,16.780000686645508,0
2013-06-07,17.350000381469727,17.510000228881836,16.780000686645508,17.350000381469727,0
2013-06-10,18.110000610351562,18.6299991607666,17.040000915527344,17.350000381469727,0
2013-06-11,19.489999771118164,19.59000015258789,17.40999984741211,17.40999984741211,0
2013-06-12,18.850000381469727,19.850000381469727,18.75,19.489999771118164,0
2013-06-13,19.440000534057617,19.770000457763672,17.760000228881836,18.850000381469727,0
2013-06-14,18.350000381469727,19.440000534057617,17.649999618530273,19.440000534057617,0
2013-06-17,18.18000030517578,19.350000381469727,18.1299991607666,18.280000686645508,0
2013-06-18,18.290000915527344,18.850000381469727,17.889999389648438,17.889999389648438,0
2013-06-19,18.459999084472656,18.68000030517578,17.75,18.290000915527344,0
2013-06-20,19.190000534057617,19.739999771118164,17.850000381469727,18.459999084472656,0
2013-06-21,19.030000686645508,19.729999542236328,18.190000534057617,19.190000534057617,0
2013-06-24,21.010000228881836,21.790000915527344,18.479999542236328,19.030000686645508,0
2013-06-25,21.139999389648438,22.110000610351562,20.329999923706055,21.010000228881836,0
2013-06-26,21.06999969482422,21.219999313354492,20.079999923706055,21.139999389648438,0
2013-06-27,18.850000381469727,21.06999969482422,18.6200008392334,21.06999969482422,0
2013-06-28,17.950000762939453,18.850000381469727,17.6200008392334,18.850000381469727,0
2013-07-01,18.09000015258789,18.719999313354492,17.950000762939453,17.950000762939453,0
2013-07-02,18.209999084472656,18.549999237060547,17.979999542236328,18.09000015258789,0
2013-07-03,18.90999984741211,19.1299991607666,17.809999465942383,18.209999084472656,0
2013-07-04,18.579999923706055,19.0,18.0,18.90999984741211,0
2013-07-05,18.670000076293945,19.010000228881836,17.75,18.579999923706055,0
2013-07-08,19.34000015258789,19.850000381469727,18.3799991607666,18.670000076293945,0
2013-07-09,19.31999969482422,19.530000686645508,18.40999984741211,19.34000015258789,0
2013-07-10,19.979999542236328,20.110000610351562,18.329999923706055,19.31999969482422,0
2013-07-11,18.889999389648438,19.979999542236328,18.1299991607666,19.979999542236328,0
2013-07-12,18.690000534057617,18.959999084472656,17.68000030517578,18.889999389648438,0
2013-07-15,18.790000915527344,19.540000915527344,17.6299991607666,18.690000534057617,0
2013-07-16,18.989999771118164,19.81999969482422,17.790000915527344,18.790000915527344,0
2013-07-17,19.360000610351562,19.59000015258789,17.760000228881836,18.989999771118164,0
2013-07-18,18.270000457763672,19.399999618530273,18.06999969482422,19.360000610351562,0
2013-07-19,18.1299991607666,18.280000686645508,17.709999084472656,18.270000457763672,0
2013-07-22,17.6299991607666,18.65999984741211,17.6200008392334,18.030000686645508,0
2013-07-23,16.719999313354492,17.6299991607666,16.43000030517578,17.6299991607666,0
2013-07-24,16.90999984741211,18.049999237060547,16.600000381469727,16.719999313354492,0
2013-07-25,16.719999313354492,17.09000015258789,16.18000030517578,16.979999542236328,0
2013-07-26,16.780000686645508,17.049999237060547,16.270000457763672,16.540000915527344,0
2013-07-29,18.25,18.420000076293945,16.780000686645508,16.780000686645508,0
2013-07-30,18.1200008392334,18.459999084472656,17.059999465942383,18.25,0
2013-07-31,18.770000457763672,19.290000915527344,18.1200008392334,18.1200008392334,0
2013-08-01,19.809999465942383,20.899999618530273,17.719999313354492,18.770000457763672,0
2013-08-02,20.889999389648438,21.219999313354492,19.0,19.809999465942383,0
2013-08-05,20.799999237060547,21.6200008392334,20.559999465942383,20.889999389648438,0
2013-08-06,22.729999542236328,22.75,20.31999969482422,20.799999237060547,0
2013-08-07,22.040000915527344,23.280000686645508,21.860000610351562,22.729999542236328,0
2013-08-08,21.190000534057617,22.040000915527344,20.59000015258789,22.040000915527344,0
2013-08-12,21.280000686645508,21.989999771118164,20.170000076293945,21.190000534057617,0
2013-08-13,19.260000228881836,21.110000610351562,19.06999969482422,20.260000228881836,0
2013-08-14,18.700000762939453,19.6200008392334,18.270000457763672,19.260000228881836,0
2013-08-16,23.639999389648438,24.760000228881836,18.06999969482422,18.700000762939453,0
2013-08-19,25.59000015258789,26.989999771118164,23.639999389648438,23.639999389648438,0
2013-08-20,27.229999542236328,27.43000030517578,24.860000610351562,25.59000015258789,0
2013-08-21,28.09000015258789,29.959999084472656,24.25,27.229999542236328,0
2013-08-22,29.059999465942383,29.860000610351562,27.989999771118164,28.09000015258789,0
2013-08-23,25.75,27.84000015258789,25.34000015258789,27.68000030517578,0
2013-08-26,26.3799991607666,27.43000030517578,24.719999313354492,25.75,0
2013-08-27,29.420000076293945,30.040000915527344,25.969999313354492,26.3799991607666,0
2013-08-28,32.380001068115234,36.02000045776367,29.420000076293945,29.420000076293945,0
2013-08-29,29.40999984741211,32.439998626708984,28.829999923706055,32.380001068115234,0
2013-08-30,27.809999465942383,30.309999465942383,27.110000610351562,29.40999984741211,0
2013-09-02,27.549999237060547,28.549999237060547,26.969999313354492,27.809999465942383,0
2013-09-03,32.4900016784668,32.65999984741211,26.760000228881836,27.549999237060547,0
2013-09-04,31.110000610351562,33.02000045776367,30.829999923706055,32.4900016784668,0
2013-09-05,28.530000686645508,31.110000610351562,27.510000228881836,31.110000610351562,0
2013-09-06,28.649999618530273,29.280000686645508,27.6299991607666,28.530000686645508,0
2013-09-10,29.440000534057617,29.520000457763672,27.09000015258789,28.649999618530273,0
2013-09-11,29.75,31.15999984741211,28.479999542236328,29.440000534057617,0
2013-09-12,29.709999084472656,30.799999237060547,26.700000762939453,29.75,0
2013-09-13,28.290000915527344,29.709999084472656,28.170000076293945,29.709999084472656,0
2013-09-16,28.81999969482422,29.670000076293945,25.899999618530273,28.290000915527344,0
2013-09-17,27.93000030517578,29.579999923706055,27.600000381469727,28.81999969482422,0
2013-09-18,27.690000534057617,28.489999771118164,26.989999771118164,27.93000030517578,0
2013-09-19,24.5,25.360000610351562,23.559999465942383,23.6200008392334,0
2013-09-20,24.729999542236328,26.18000030517578,23.399999618530273,24.5,0
2013-09-23,27.020000457763672,27.239999771118164,24.729999542236328,24.729999542236328,0
2013-09-24,26.719999313354492,28.489999771118164,26.270000457763672,27.020000457763672,0
2013-09-25,25.68000030517578,27.049999237060547,25.049999237060547,26.719999313354492,0
2013-09-26,24.0,25.799999237060547,23.56999969482422,25.68000030517578,0
2013-09-27,24.059999465942383,25.239999771118164,23.360000610351562,24.0,0
2013-09-30,26.649999618530273,26.649999618530273,24.90999984741211,25.0,0
2013-10-01,25.770000457763672,28.020000457763672,25.739999771118164,26.649999618530273,0
2013-10-03,25.170000076293945,25.889999389648438,24.93000030517578,25.770000457763672,0
2013-10-04,26.1299991607666,26.739999771118164,24.5,24.5,0
2013-10-07,26.829999923706055,27.93000030517578,26.1299991607666,26.1299991607666,0
2013-10-08,26.549999237060547,27.3799991607666,24.649999618530273,26.829999923706055,0
2013-10-09,25.8700008392334,27.15999984741211,25.75,26.030000686645508,0
2013-10-10,25.8799991607666,26.950000762939453,25.020000457763672,25.8700008392334,0
2013-10-11,23.59000015258789,25.420000076293945,23.079999923706055,23.079999923706055,0
2013-10-14,22.850000381469727,24.420000076293945,22.719999313354492,23.59000015258789,0
2013-10-15,23.239999771118164,23.989999771118164,20.90999984741211,22.850000381469727,0
2013-10-17,21.059999465942383,23.239999771118164,21.020000457763672,23.239999771118164,0
2013-10-18,20.1200008392334,21.059999465942383,19.31999969482422,21.059999465942383,0
2013-10-21,20.18000030517578,21.100000381469727,19.15999984741211,19.15999984741211,0
2013-10-22,19.959999084472656,20.43000030517578,19.209999084472656,20.18000030517578,0
2013-10-23,20.350000381469727,20.790000915527344,18.760000228881836,19.959999084472656,0
2013-10-24,20.639999389648438,21.270000457763672,19.200000762939453,20.350000381469727,0
2013-10-25,20.420000076293945,21.040000915527344,19.8700008392334,20.639999389648438,0
2013-10-28,21.290000915527344,21.559999465942383,20.110000610351562,20.420000076293945,0
2013-10-29,19.760000228881836,21.540000915527344,19.600000381469727,21.290000915527344,0
2013-10-30,19.530000686645508,20.059999465942383,18.84000015258789,19.760000228881836,0
2013-10-31,18.389999389648438,19.75,18.209999084472656,19.530000686645508,0
2013-11-01,18.639999389648438,19.389999389648438,17.860000610351562,18.389999389648438,0
2013-11-05,19.940000534057617,20.260000228881836,19.280000686645508,19.489999771118164,0
2013-11-06,20.25,20.459999084472656,18.549999237060547,19.940000534057617,0
2013-11-07,19.8700008392334,20.6299991607666,19.6200008392334,20.25,0
2013-11-08,19.639999389648438,20.489999771118164,19.15999984741211,19.8700008392334,0
2013-11-11,19.979999542236328,20.709999084472656,19.31999969482422,19.639999389648438,0
2013-11-12,20.860000610351562,20.860000610351562,18.729999542236328,19.979999542236328,0
2013-11-13,20.450000762939453,21.1200008392334,20.149999618530273,20.860000610351562,0
2013-11-14,19.260000228881836,19.600000381469727,18.579999923706055,18.6200008392334,0
2013-11-18,18.81999969482422,19.549999237060547,17.479999542236328,19.260000228881836,0
2013-11-19,19.299999237060547,19.389999389648438,17.700000762939453,17.700000762939453,0
2013-11-20,20.829999923706055,20.8799991607666,18.239999771118164,19.299999237060547,0
2013-11-21,21.139999389648438,22.360000610351562,19.760000228881836,20.829999923706055,0
2013-11-22,20.040000915527344,21.31999969482422,19.969999313354492,21.139999389648438,0
2013-11-25,21.049999237060547,21.270000457763672,19.489999771118164,20.040000915527344,0
2013-11-26,21.59000015258789,22.010000228881836,20.299999237060547,21.049999237060547,0
2013-11-27,21.139999389648438,22.010000228881836,20.540000915527344,21.59000015258789,0
2013-11-28,20.709999084472656,20.90999984741211,20.18000030517578,20.18000030517578,0
2013-11-29,21.3799991607666,21.530000686645508,20.25,20.3700008392334,0
2013-12-02,23.360000610351562,23.360000610351562,21.299999237060547,21.3799991607666,0
2013-12-03,24.719999313354492,25.09000015258789,22.959999084472656,23.360000610351562,0
2013-12-04,23.709999084472656,25.450000762939453,23.34000015258789,24.719999313354492,0
2013-12-05,21.68000030517578,22.06999969482422,20.079999923706055,20.579999923706055,0
2013-12-06,22.209999084472656,22.360000610351562,21.079999923706055,21.68000030517578,0
2013-12-09,19.15999984741211,22.209999084472656,18.09000015258789,22.209999084472656,0
2013-12-10,17.979999542236328,19.15999984741211,17.959999084472656,19.15999984741211,0
2013-12-11,17.540000915527344,18.530000686645508,17.079999923706055,17.979999542236328,0
2013-12-12,17.739999771118164,17.93000030517578,17.030000686645508,17.030000686645508,0
2013-12-13,17.84000015258789,18.0,16.790000915527344,16.790000915527344,0
2013-12-16,18.360000610351562,18.760000228881836,17.540000915527344,17.84000015258789,0
2013-12-17,18.329999923706055,18.610000610351562,17.1299991607666,18.360000610351562,0
2013-12-18,17.540000915527344,18.459999084472656,17.059999465942383,18.329999923706055,0
2013-12-19,16.579999923706055,17.540000915527344,15.630000114440918,17.540000915527344,0
2013-12-20,16.020000457763672,16.719999313354492,15.510000228881836,16.579999923706055,0
2013-12-23,16.260000228881836,17.1299991607666,15.90999984741211,16.020000457763672,0
2013-12-24,15.579999923706055,16.940000534057617,15.520000457763672,16.260000228881836,0
2013-12-26,14.880000114440918,16.270000457763672,14.619999885559082,15.579999923706055,0
2013-12-27,14.65999984741211,15.510000228881836,14.619999885559082,14.880000114440918,0
2013-12-30,15.079999923706055,15.520000457763672,14.65999984741211,14.65999984741211,0
2013-12-31,15.119999885559082,15.4399995803833,14.75,15.079999923706055,0
2014-01-01,15.579999923706055,15.579999923706055,15.100000381469727,15.119999885559082,0
2014-01-02,16.549999237060547,16.969999313354492,15.329999923706055,15.579999923706055,0
2014-01-03,15.869999885559082,17.31999969482422,15.789999961853027,16.549999237060547,0
2014-01-06,16.5,16.90999984741211,15.869999885559082,15.869999885559082,0
2014-01-07,16.31999969482422,16.90999984741211,16.100000381469727,16.5,0
2014-01-08,16.31999969482422,16.479999542236328,15.819999694824219,16.31999969482422,0
2014-01-09,16.18000030517578,16.639999389648438,15.899999618530273,16.31999969482422,0
2014-01-10,15.579999923706055,16.3700008392334,15.020000457763672,16.18000030517578,0
2014-01-13,15.949999809265137,16.030000686645508,14.609999656677246,15.579999923706055,0
2014-01-14,15.739999771118164,16.270000457763672,15.130000114440918,15.949999809265137,0
2014-01-15,15.420000076293945,15.880000114440918,14.699999809265137,15.739999771118164,0
2014-01-16,15.539999961853027,15.819999694824219,14.399999618530273,15.420000076293945,0
2014-01-17,15.40999984741211,15.829999923706055,14.100000381469727,15.539999961853027,0
2014-01-20,15.350000381469727,16.06999969482422,14.770000457763672,15.40999984741211,0
2014-01-21,15.550000190734863,15.710000038146973,13.880000114440918,15.350000381469727,0
2014-01-22,15.850000381469727,15.869999885559082,14.920000076293945,15.550000190734863,0
2014-01-23,15.579999923706055,16.030000686645508,15.140000343322754,15.850000381469727,0
2014-01-24,15.829999923706055,16.18000030517578,15.239999771118164,15.579999923706055,0
2014-01-27,18.670000076293945,18.670000076293945,15.829999923706055,15.829999923706055,0
2014-01-28,17.719999313354492,18.719999313354492,17.610000610351562,18.670000076293945,0
2014-01-29,18.040000915527344,18.149999618530273,16.729999542236328,17.719999313354492,0
2014-01-30,17.25,18.34000015258789,17.06999969482422,18.040000915527344,0
2014-01-31,16.81999969482422,17.329999923706055,16.639999389648438,17.25,0
2014-02-03,18.270000457763672,18.34000015258789,16.81999969482422,16.81999969482422,0
2014-02-04,18.690000534057617,19.81999969482422,18.049999237060547,18.270000457763672,0
2014-02-05,18.93000030517578,20.09000015258789,17.739999771118164,18.690000534057617,0
2014-02-06,18.940000534057617,20.229999542236328,18.0,18.93000030517578,0
2014-02-07,18.549999237060547,19.110000610351562,17.700000762939453,18.940000534057617,0
2014-02-10,19.049999237060547,19.200000762939453,17.579999923706055,18.549999237060547,0
2014-02-11,18.6299991607666,19.049999237060547,17.399999618530273,19.049999237060547,0
2014-02-12,17.43000030517578,18.6299991607666,16.1200008392334,18.6299991607666,0
2014-02-13,17.799999237060547,17.959999084472656,15.220000267028809,17.43000030517578,0
2014-02-14,16.65999984741211,17.829999923706055,15.609999656677246,17.799999237060547,0
2014-02-17,15.829999923706055,17.020000457763672,15.539999961853027,16.65999984741211,0
2014-02-18,15.40999984741211,15.829999923706055,13.680000305175781,15.829999923706055,0
2014-02-19,15.069999694824219,15.40999984741211,14.050000190734863,15.40999984741211,0
2014-02-20,15.15999984741211,15.720000267028809,14.270000457763672,15.069999694824219,0
2014-02-21,14.039999961853027,15.15999984741211,13.880000114440918,15.15999984741211,0
2014-02-24,14.359999656677246,14.829999923706055,13.6899995803833,14.039999961853027,0
2014-02-25,13.949999809265137,14.359999656677246,13.529999732971191,14.359999656677246,0
2014-02-26,13.960000038146973,14.199999809265137,13.239999771118164,13.949999809265137,0
2014-02-28,14.180000305175781,14.869999885559082,13.550000190734863,13.960000038146973,0
2014-03-03,15.279999732971191,15.729999542236328,13.9399995803833,14.180000305175781,0
2014-03-04,14.390000343322754,15.369999885559082,13.930000305175781,15.279999732971191,0
2014-03-05,13.84000015258789,14.430000305175781,13.34000015258789,14.390000343322754,0
2014-03-06,14.479999542236328,14.640000343322754,12.5,13.84000015258789,0
2014-03-07,16.719999313354492,16.90999984741211,13.260000228881836,14.479999542236328,0
2014-03-10,17.780000686645508,17.989999771118164,15.949999809265137,16.719999313354492,0
2014-03-11,17.329999923706055,17.920000076293945,14.270000457763672,17.780000686645508,0
2014-03-12,17.040000915527344,17.440000534057617,16.09000015258789,17.329999923706055,0
2014-03-13,16.81999969482422,17.079999923706055,14.649999618530273,17.040000915527344,0
2014-03-14,16.450000762939453,17.290000915527344,14.289999961853027,16.81999969482422,0
2014-03-18,17.1299991607666,17.559999465942383,15.729999542236328,16.450000762939453,0
2014-03-19,16.8799991607666,17.329999923706055,15.670000076293945,17.1299991607666,0
2014-03-20,16.90999984741211,17.149999618530273,15.40999984741211,16.8799991607666,0
2014-03-21,16.18000030517578,16.90999984741211,14.390000343322754,16.90999984741211,0
2014-03-24,16.540000915527344,17.200000762939453,15.239999771118164,15.880000114440918,0
2014-03-25,16.920000076293945,17.1299991607666,15.420000076293945,16.540000915527344,0
2014-03-26,17.770000457763672,18.25,15.720000267028809,16.920000076293945,0
2014-03-27,18.3700008392334,18.729999542236328,17.239999771118164,17.770000457763672,0
2014-03-28,18.6299991607666,19.149999618530273,17.100000381469727,18.3700008392334,0
2014-03-31,21.6200008392334,21.799999237060547,17.489999771118164,18.6299991607666,0
2014-04-01,20.690000534057617,21.670000076293945,19.540000915527344,21.6200008392334,0
2014-04-02,21.209999084472656,21.299999237060547,16.860000610351562,20.690000534057617,0
2014-04-03,22.110000610351562,22.309999465942383,17.309999465942383,21.209999084472656,0
2014-04-04,22.690000534057617,22.829999923706055,16.670000076293945,22.110000610351562,0
2014-04-07,24.950000762939453,25.489999771118164,17.690000534057617,22.690000534057617,0
2014-04-09,26.90999984741211,27.09000015258789,22.389999389648438,24.950000762939453,0
2014-04-10,28.719999313354492,29.709999084472656,21.110000610351562,26.90999984741211,0
2014-04-11,29.190000534057617,29.479999542236328,20.829999923706055,28.719999313354492,0
2014-04-15,31.8799991607666,32.619998931884766,22.8700008392334,29.190000534057617,0
2014-04-16,31.15999984741211,32.08000183105469,21.68000030517578,31.8799991607666,0
2014-04-17,30.850000381469727,31.329999923706055,21.649999618530273,31.15999984741211,0
2014-04-21,34.38999938964844,38.040000915527344,30.850000381469727,30.850000381469727,0
2014-04-22,33.349998474121094,37.22999954223633,32.939998626708984,34.38999938964844,0
2014-04-23,31.1299991607666,34.25,28.06999969482422,33.349998474121094,0
2014-04-25,30.68000030517578,32.97999954223633,30.1200008392334,31.1299991607666,0
2014-04-28,31.389999389648438,31.93000030517578,30.5,30.68000030517578,0
2014-04-29,31.049999237060547,32.439998626708984,30.489999771118164,31.389999389648438,0
2014-04-30,30.59000015258789,31.459999084472656,30.030000686645508,31.049999237060547,0
2014-05-02,33.060001373291016,33.41999816894531,29.18000030517578,30.59000015258789,0
2014-05-05,34.189998626708984,35.310001373291016,30.989999771118164,33.060001373291016,0
2014-05-06,33.27000045776367,34.29999923706055,31.3700008392334,34.189998626708984,0
2014-05-07,33.61000061035156,34.459999084472656,30.309999465942383,33.27000045776367,0
2014-05-08,34.29999923706055,35.0099983215332,29.610000610351562,33.61000061035156,0
2014-05-09,37.709999084472656,38.959999084472656,32.68000030517578,34.29999923706055,0
2014-05-12,37.099998474121094,39.29999923706055,33.81999969482422,37.709999084472656,0
2014-05-13,32.04999923706055,37.099998474121094,28.25,37.099998474121094,0
2014-05-14,32.41999816894531,32.9900016784668,28.610000610351562,32.04999923706055,0
2014-05-15,36.77000045776367,37.47999954223633,31.139999389648438,32.41999816894531,0
2014-05-16,24.290000915527344,36.77000045776367,21.739999771118164,36.77000045776367,0
2014-05-19,20.6299991607666,24.290000915527344,19.6200008392334,24.290000915527344,0
2014-05-20,19.229999542236328,21.1299991607666,16.170000076293945,20.6299991607666,0
2014-05-21,17.90999984741211,19.229999542236328,14.5600004196167,19.229999542236328,0
2014-05-22,17.84000015258789,18.68000030517578,14.760000228881836,17.90999984741211,0
2014-05-23,17.700000762939453,18.100000381469727,13.970000267028809,17.84000015258789,0
2014-05-26,19.84000015258789,20.600000381469727,14.59000015258789,17.700000762939453,0
2014-05-27,19.100000381469727,21.420000076293945,17.770000457763672,19.84000015258789,0
2014-05-28,17.559999465942383,19.559999465942383,17.34000015258789,19.100000381469727,0
2014-05-29,16.690000534057617,17.770000457763672,16.170000076293945,17.559999465942383,0
2014-05-30,16.34000015258789,16.950000762939453,15.869999885559082,16.690000534057617,0
2014-06-02,16.5,17.100000381469727,15.710000038146973,16.34000015258789,0
2014-06-03,15.800000190734863,16.899999618530273,15.15999984741211,16.5,0
2014-06-04,15.569999694824219,15.920000076293945,14.4399995803833,15.800000190734863,0
2014-06-05,15.449999809265137,16.040000915527344,14.130000114440918,15.569999694824219,0
2014-06-06,15.979999542236328,16.450000762939453,13.739999771118164,15.449999809265137,0
2014-06-09,17.100000381469727,17.420000076293945,14.630000114440918,15.979999542236328,0
2014-06-10,16.65999984741211,18.1299991607666,14.390000343322754,17.100000381469727,0
2014-06-11,17.059999465942383,17.5,14.0,16.65999984741211,0
2014-06-12,16.899999618530273,17.479999542236328,15.6899995803833,17.059999465942383,0
2014-06-13,17.760000228881836,17.959999084472656,14.520000457763672,16.899999618530273,0
2014-06-16,17.979999542236328,18.540000915527344,15.260000228881836,17.760000228881836,0
2014-06-17,17.700000762939453,18.479999542236328,16.610000610351562,17.979999542236328,0
2014-06-18,18.579999923706055,19.139999389648438,14.550000190734863,17.700000762939453,0
2014-06-19,18.739999771118164,19.3799991607666,16.959999084472656,18.579999923706055,0
2014-06-20,18.850000381469727,19.25,15.59000015258789,18.739999771118164,0
2014-06-23,18.959999084472656,19.540000915527344,17.81999969482422,18.850000381469727,0
2014-06-24,19.190000534057617,20.610000610351562,18.68000030517578,18.959999084472656,0
2014-06-25,18.309999465942383,20.1200008392334,18.110000610351562,19.190000534057617,0
2014-06-26,17.700000762939453,18.5,17.100000381469727,18.309999465942383,0
2014-06-27,17.6299991607666,18.3700008392334,17.3799991607666,17.700000762939453,0
2014-06-30,17.8700008392334,18.450000762939453,17.59000015258789,17.6299991607666,0
2014-07-01,17.65999984741211,18.149999618530273,17.239999771118164,17.8700008392334,0
2014-07-02,17.56999969482422,17.790000915527344,17.09000015258789,17.65999984741211,0
2014-07-03,17.809999465942383,18.260000228881836,17.229999542236328,17.56999969482422,0
2014-07-04,18.15999984741211,18.68000030517578,17.059999465942383,17.809999465942383,0
2014-07-07,19.40999984741211,19.579999923706055,17.549999237060547,18.15999984741211,0
2014-07-08,19.18000030517578,19.950000762939453,18.15999984741211,19.40999984741211,0
2014-07-09,18.190000534057617,19.309999465942383,18.010000228881836,19.18000030517578,0
2014-07-10,15.970000267028809,18.190000534057617,15.40999984741211,18.190000534057617,0
2014-07-11,15.720000267028809,16.020000457763672,14.850000381469727,15.970000267028809,0
2014-07-14,15.5600004196167,16.709999084472656,14.979999542236328,15.720000267028809,0
2014-07-15,14.770000457763672,15.5600004196167,13.84000015258789,15.5600004196167,0
2014-07-16,14.729999542236328,15.079999923706055,13.819999694824219,14.770000457763672,0
2014-07-17,14.970000267028809,15.180000305175781,11.9399995803833,14.729999542236328,0
2014-07-18,15.100000381469727,15.529999732971191,12.979999542236328,14.970000267028809,0
2014-07-21,14.899999618530273,15.510000228881836,13.630000114440918,15.100000381469727,0
2014-07-22,14.640000343322754,14.899999618530273,12.25,14.899999618530273,0
2014-07-23,14.6899995803833,15.100000381469727,12.470000267028809,14.640000343322754,0
2014-07-24,14.720000267028809,15.149999618530273,12.4399995803833,14.6899995803833,0
2014-07-25,14.220000267028809,15.0,12.779999732971191,14.720000267028809,0
2014-07-28,14.319999694824219,15.100000381469727,14.109999656677246,14.220000267028809,0
2014-07-30,13.890000343322754,14.760000228881836,13.6899995803833,14.319999694824219,0
2014-07-31,13.819999694824219,14.069999694824219,13.130000114440918,13.890000343322754,0
2014-08-01,15.220000267028809,15.380000114440918,13.710000038146973,13.819999694824219,0
2014-08-04,14.819999694824219,15.470000267028809,14.3100004196167,15.220000267028809,0
2014-08-05,13.949999809265137,14.819999694824219,13.670000076293945,14.819999694824219,0
2014-08-06,14.300000190734863,14.569999694824219,12.920000076293945,13.949999809265137,0
2014-08-07,14.140000343322754,14.460000038146973,13.020000457763672,14.300000190734863,0
2014-08-08,14.619999885559082,15.180000305175781,13.029999732971191,14.140000343322754,0
2014-08-11,14.0,14.760000228881836,13.479999542236328,14.619999885559082,0
2014-08-12,13.470000267028809,14.430000305175781,12.329999923706055,14.0,0
2014-08-13,13.760000228881836,14.09000015258789,12.720000267028809,13.470000267028809,0
2014-08-14,13.220000267028809,13.760000228881836,11.84000015258789,13.760000228881836,0
2014-08-18,13.5,14.199999809265137,11.979999542236328,13.220000267028809,0
2014-08-19,13.90999984741211,14.210000038146973,11.949999809265137,13.5,0
2014-08-20,13.65999984741211,14.329999923706055,12.460000038146973,13.90999984741211,0
2014-08-21,13.729999542236328,14.359999656677246,12.010000228881836,13.65999984741211,0
2014-08-22,13.619999885559082,13.970000267028809,12.199999809265137,13.729999542236328,0
2014-08-25,13.789999961853027,14.170000076293945,12.010000228881836,13.619999885559082,0
2014-08-26,13.899999618530273,14.520000457763672,13.279999732971191,13.789999961853027,0
2014-08-27,13.0600004196167,13.899999618530273,12.739999771118164,13.899999618530273,0
2014-08-28,13.069999694824219,14.350000381469727,12.329999923706055,13.0600004196167,0
2014-09-01,13.529999732971191,13.680000305175781,12.859999656677246,13.069999694824219,0
2014-09-02,13.449999809265137,13.90999984741211,12.489999771118164,13.529999732971191,0
2014-09-03,13.390000343322754,13.949999809265137,12.569999694824219,13.449999809265137,0
2014-09-04,13.079999923706055,13.619999885559082,12.399999618530273,13.390000343322754,0
2014-09-05,12.9399995803833,13.3100004196167,12.3100004196167,13.079999923706055,0
2014-09-08,12.789999961853027,13.069999694824219,12.180000305175781,12.9399995803833,0
2014-09-09,12.760000228881836,13.039999961853027,11.010000228881836,12.789999961853027,0
2014-09-10,12.930000305175781,13.109999656677246,11.8100004196167,12.760000228881836,0
2014-09-11,12.520000457763672,13.140000343322754,11.819999694824219,12.930000305175781,0
2014-09-12,12.369999885559082,12.619999885559082,11.399999618530273,12.520000457763672,0
2014-09-15,13.260000228881836,13.359999656677246,12.039999961853027,12.369999885559082,0
2014-09-16,13.279999732971191,13.729999542236328,12.050000190734863,13.260000228881836,0
2014-09-17,12.949999809265137,13.279999732971191,11.260000228881836,13.279999732971191,0
2014-09-18,12.329999923706055,12.949999809265137,11.050000190734863,12.949999809265137,0
2014-09-19,11.890000343322754,12.399999618530273,11.380000114440918,12.329999923706055,0
2014-09-22,11.569999694824219,12.4399995803833,10.319999694824219,11.890000343322754,0
2014-09-23,12.40999984741211,12.869999885559082,11.079999923706055,11.569999694824219,0
2014-09-24,12.539999961853027,13.520000457763672,11.890000343322754,12.40999984741211,0
2014-09-25,13.300000190734863,13.880000114440918,11.579999923706055,12.539999961853027,0
2014-09-26,12.930000305175781,14.829999923706055,12.539999961853027,13.300000190734863,0
2014-09-29,13.390000343322754,14.229999542236328,12.770000457763672,12.930000305175781,0
2014-09-30,13.149999618530273,13.569999694824219,12.720000267028809,13.390000343322754,0
2014-10-01,13.0,13.479999542236328,12.829999923706055,13.149999618530273,0
2014-10-07,14.460000038146973,14.569999694824219,13.0,13.0,0
2014-10-08,14.109999656677246,14.850000381469727,13.680000305175781,14.460000038146973,0
2014-10-09,13.15999984741211,14.109999656677246,12.75,14.109999656677246,0
2014-10-10,14.329999923706055,14.460000038146973,12.449999809265137,13.15999984741211,0
2014-10-13,14.5,15.229999542236328,14.069999694824219,14.329999923706055,0
2014-10-14,14.59000015258789,15.300000190734863,12.930000305175781,14.5,0
2014-10-16,16.43000030517578,16.889999389648438,14.319999694824219,14.59000015258789,0
2014-10-17,16.399999618530273,16.860000610351562,14.739999771118164,16.43000030517578,0
2014-10-20,14.1899995803833,16.399999618530273,12.9399995803833,16.399999618530273,0
2014-10-21,13.329999923706055,14.1899995803833,11.979999542236328,14.1899995803833,0
2014-10-22,13.029999732971191,13.329999923706055,12.039999961853027,13.329999923706055,0
2014-10-27,13.520000457763672,13.800000190734863,11.920000076293945,12.859999656677246,0
2014-10-28,13.319999694824219,13.65999984741211,12.039999961853027,13.520000457763672,0
2014-10-29,13.010000228881836,13.600000381469727,12.539999961853027,13.319999694824219,0
2014-10-30,13.270000457763672,13.460000038146973,11.760000228881836,13.010000228881836,0
2014-10-31,13.300000190734863,13.760000228881836,12.220000267028809,13.270000457763672,0
2014-11-03,13.739999771118164,13.949999809265137,12.460000038146973,13.300000190734863,0
2014-11-05,13.760000228881836,14.319999694824219,12.489999771118164,13.739999771118164,0
2014-11-07,14.109999656677246,14.699999809265137,13.119999885559082,13.760000228881836,0
2014-11-10,13.930000305175781,17.209999084472656,12.979999542236328,14.109999656677246,0
2014-11-11,14.800000190734863,15.489999771118164,12.720000267028809,13.930000305175781,0
2014-11-12,14.4399995803833,14.800000190734863,12.59000015258789,14.800000190734863,0
2014-11-13,13.800000190734863,14.4399995803833,12.710000038146973,14.4399995803833,0
2014-11-14,13.970000267028809,14.199999809265137,11.380000114440918,13.800000190734863,0
2014-11-17,14.40999984741211,14.90999984741211,11.479999542236328,13.970000267028809,0
2014-11-18,14.069999694824219,14.90999984741211,10.84000015258789,14.40999984741211,0
2014-11-19,14.350000381469727,14.630000114440918,10.25,14.069999694824219,0
2014-11-20,14.170000076293945,14.359999656677246,11.90999984741211,14.350000381469727,0
2014-11-21,13.850000381469727,15.149999618530273,11.050000190734863,14.170000076293945,0
2014-11-24,13.020000457763672,13.850000381469727,9.350000381469727,13.850000381469727,0
2014-11-25,13.529999732971191,14.25,11.449999809265137,13.020000457763672,0
2014-11-26,12.989999771118164,13.539999961853027,10.609999656677246,13.529999732971191,0
2014-11-27,12.739999771118164,13.119999885559082,11.649999618530273,12.989999771118164,0
2014-11-28,12.899999618530273,13.130000114440918,11.600000381469727,12.739999771118164,0
2014-12-01,13.199999809265137,13.619999885559082,12.199999809265137,12.899999618530273,0
2014-12-02,12.399999618530273,13.329999923706055,12.210000038146973,13.199999809265137,0
2014-12-03,12.369999885559082,12.609999656677246,11.289999961853027,12.399999618530273,0
2014-12-04,12.449999809265137,12.640000343322754,10.720000267028809,12.369999885559082,0
2014-12-05,11.949999809265137,12.449999809265137,11.329999923706055,12.449999809265137,0
2014-12-08,12.210000038146973,12.649999618530273,11.229999542236328,11.949999809265137,0
2014-12-09,12.5,13.079999923706055,10.819999694824219,12.210000038146973,0
2014-12-10,12.239999771118164,12.970000267028809,11.569999694824219,12.5,0
2014-12-11,12.770000457763672,12.899999618530273,11.1899995803833,12.239999771118164,0
2014-12-12,13.75,13.90999984741211,11.529999732971191,12.770000457763672,0
2014-12-15,14.020000457763672,14.329999923706055,12.569999694824219,13.75,0
2014-12-16,16.309999465942383,16.559999465942383,12.569999694824219,14.020000457763672,0
2014-12-17,16.93000030517578,19.059999465942383,14.199999809265137,16.309999465942383,0
2014-12-18,14.600000381469727,16.93000030517578,13.970000267028809,16.93000030517578,0
2014-12-19,14.510000228881836,14.779999732971191,11.850000381469727,14.600000381469727,0
2014-12-22,14.210000038146973,15.579999923706055,14.020000457763672,14.510000228881836,0
2014-12-23,15.300000190734863,16.110000610351562,13.550000190734863,14.210000038146973,0
2014-12-24,15.069999694824219,15.609999656677246,14.300000190734863,15.300000190734863,0
2014-12-26,14.649999618530273,16.360000610351562,14.399999618530273,15.069999694824219,0
2014-12-29,14.579999923706055,15.039999961853027,14.220000267028809,14.649999618530273,0
2014-12-30,14.859999656677246,15.220000267028809,14.140000343322754,14.579999923706055,0
2014-12-31,15.119999885559082,15.399999618530273,14.600000381469727,14.859999656677246,0
2015-01-01,15.029999732971191,15.510000228881836,14.760000228881836,15.119999885559082,0
2015-01-02,13.800000190734863,15.029999732971191,13.479999542236328,15.029999732971191,0
2015-01-05,14.149999618530273,14.40999984741211,13.149999618530273,13.800000190734863,0
2015-01-06,17.420000076293945,17.8700008392334,13.460000038146973,14.149999618530273,0
2015-01-07,18.139999389648438,19.06999969482422,16.5,17.420000076293945,0
2015-01-08,16.469999313354492,18.139999389648438,15.380000114440918,18.139999389648438,0
2015-01-09,15.960000038146973,16.90999984741211,14.460000038146973,16.469999313354492,0
2015-01-12,16.110000610351562,17.549999237060547,14.369999885559082,15.960000038146973,0
2015-01-13,16.479999542236328,16.809999465942383,14.569999694824219,16.110000610351562,0
2015-01-14,17.25,17.799999237060547,14.65999984741211,16.479999542236328,0
2015-01-15,16.15999984741211,17.25,13.829999923706055,17.25,0
2015-01-16,17.270000457763672,17.5,14.859999656677246,16.15999984741211,0
2015-01-19,17.649999618530273,18.290000915527344,14.5600004196167,17.270000457763672,0
2015-01-20,17.270000457763672,17.649999618530273,15.720000267028809,17.649999618530273,0
2015-01-21,17.709999084472656,18.139999389648438,14.329999923706055,17.270000457763672,0
2015-01-22,18.56999969482422,18.760000228881836,14.210000038146973,17.709999084472656,0
2015-01-23,17.889999389648438,18.739999771118164,13.460000038146973,18.56999969482422,0
2015-01-27,18.09000015258789,18.68000030517578,16.780000686645508,17.889999389648438,0
2015-01-28,19.770000457763672,20.149999618530273,17.6200008392334,18.09000015258789,0
2015-01-29,19.43000030517578,20.56999969482422,17.700000762939453,19.770000457763672,0
2015-01-30,20.170000076293945,21.209999084472656,18.329999923706055,19.43000030517578,0
2015-02-02,20.40999984741211,21.3700008392334,19.860000610351562,20.170000076293945,0
2015-02-03,19.809999465942383,20.479999542236328,19.0,20.40999984741211,0
2015-02-04,20.049999237060547,20.290000915527344,17.969999313354492,19.809999465942383,0
2015-02-05,20.6200008392334,20.889999389648438,18.260000228881836,20.049999237060547,0
2015-02-06,20.690000534057617,21.239999771118164,18.719999313354492,20.6200008392334,0
2015-02-09,22.020000457763672,22.1200008392334,18.59000015258789,20.690000534057617,0
2015-02-10,21.190000534057617,22.020000457763672,19.850000381469727,22.020000457763672,0
2015-02-11,20.5,21.510000228881836,18.540000915527344,21.190000534057617,0
2015-02-12,20.15999984741211,20.959999084472656,17.93000030517578,20.5,0
2015-02-13,20.100000381469727,20.450000762939453,16.979999542236328,20.15999984741211,0
2015-02-16,20.829999923706055,21.1200008392334,17.479999542236328,20.100000381469727,0
2015-02-18,20.90999984741211,21.649999618530273,18.649999618530273,20.829999923706055,0
2015-02-19,20.399999618530273,21.90999984741211,19.399999618530273,20.90999984741211,0
2015-02-20,21.270000457763672,21.270000457763672,19.239999771118164,20.399999618530273,0
2015-02-23,21.6299991607666,22.020000457763672,19.40999984741211,21.270000457763672,0
2015-02-24,21.549999237060547,22.06999969482422,20.920000076293945,21.6299991607666,0
2015-02-25,20.780000686645508,21.549999237060547,20.219999313354492,21.549999237060547,0
2015-02-26,20.579999923706055,21.239999771118164,19.940000534057617,20.780000686645508,0
2015-02-27,19.56999969482422,20.579999923706055,19.299999237060547,20.579999923706055,0
2015-03-02,15.850000381469727,16.969999313354492,15.739999771118164,16.969999313354492,0
2015-03-03,15.489999771118164,15.949999809265137,14.979999542236328,15.850000381469727,0
2015-03-04,15.199999809265137,15.489999771118164,14.300000190734863,15.489999771118164,0
2015-03-05,14.4399995803833,15.25,13.970000267028809,15.199999809265137,0
2015-03-09,15.8100004196167,16.010000228881836,13.319999694824219,14.4399995803833,0
2015-03-10,15.529999732971191,16.149999618530273,14.960000038146973,15.8100004196167,0
2015-03-11,15.130000114440918,15.609999656677246,14.25,15.529999732971191,0
2015-03-12,14.75,15.130000114440918,13.779999732971191,15.130000114440918,0
2015-03-13,14.970000267028809,15.239999771118164,13.449999809265137,14.75,0
2015-03-16,15.180000305175781,15.369999885559082,14.329999923706055,14.970000267028809,0
2015-03-17,15.130000114440918,15.460000038146973,13.430000305175781,15.180000305175781,0
2015-03-18,15.510000228881836,15.699999809265137,13.720000267028809,15.130000114440918,0
2015-03-19,15.199999809265137,15.510000228881836,12.890000343322754,15.510000228881836,0
2015-03-20,14.260000228881836,15.359999656677246,13.079999923706055,15.199999809265137,0
2015-03-23,14.270000457763672,14.579999923706055,12.4399995803833,14.260000228881836,0
2015-03-24,13.670000076293945,14.489999771118164,12.449999809265137,14.270000457763672,0
2015-03-25,13.140000343322754,13.949999809265137,12.359999656677246,13.670000076293945,0
2015-03-26,15.15999984741211,15.609999656677246,12.520000457763672,13.140000343322754,0
2015-03-27,14.5,15.399999618530273,14.369999885559082,15.15999984741211,0
2015-03-30,14.260000228881836,15.1899995803833,14.109999656677246,14.5,0
2015-03-31,14.489999771118164,14.739999771118164,13.859999656677246,14.260000228881836,0
2015-04-01,13.670000076293945,14.680000305175781,13.569999694824219,14.489999771118164,0
2015-04-06,14.569999694824219,15.050000190734863,13.600000381469727,13.670000076293945,0
2015-04-07,14.25,14.899999618530273,13.979999542236328,14.569999694824219,0
2015-04-08,14.350000381469727,14.699999809265137,13.350000381469727,14.25,0
2015-04-09,14.420000076293945,14.890000343322754,13.289999961853027,14.350000381469727,0
2015-04-10,14.260000228881836,14.789999961853027,13.430000305175781,14.420000076293945,0
2015-04-13,14.489999771118164,14.930000305175781,13.0600004196167,14.260000228881836,0
2015-04-15,14.619999885559082,14.989999771118164,13.34000015258789,14.489999771118164,0
2015-04-16,14.949999809265137,15.300000190734863,12.970000267028809,14.619999885559082,0
2015-04-17,15.039999961853027,15.180000305175781,13.619999885559082,14.949999809265137,0
2015-04-20,16.299999237060547,16.420000076293945,13.65999984741211,15.039999961853027,0
2015-04-21,17.030000686645508,17.34000015258789,15.229999542236328,16.299999237060547,0
2015-04-22,17.209999084472656,18.3799991607666,14.6899995803833,17.030000686645508,0
2015-04-23,18.5,19.43000030517578,14.970000267028809,17.209999084472656,0
2015-04-24,19.110000610351562,19.59000015258789,17.360000610351562,18.5,0
2015-04-27,18.739999771118164,20.09000015258789,16.219999313354492,19.110000610351562,0
2015-04-28,17.40999984741211,18.899999618530273,16.75,18.739999771118164,0
2015-04-29,17.239999771118164,17.889999389648438,15.729999542236328,17.40999984741211,0
2015-04-30,17.229999542236328,18.1200008392334,16.309999465942383,17.239999771118164,0
2015-05-04,17.309999465942383,18.280000686645508,16.959999084472656,17.229999542236328,0
2015-05-05,17.360000610351562,18.06999969482422,16.270000457763672,17.309999465942383,0
2015-05-06,19.670000076293945,20.459999084472656,16.709999084472656,17.360000610351562,0
2015-05-07,19.649999618530273,20.030000686645508,18.34000015258789,19.670000076293945,0
2015-05-08,19.110000610351562,19.649999618530273,17.440000534057617,19.649999618530273,0
2015-05-11,18.6299991607666,19.280000686645508,16.770000457763672,19.110000610351562,0
2015-05-12,20.549999237060547,21.329999923706055,17.219999313354492,18.6299991607666,0
2015-05-13,20.690000534057617,21.43000030517578,18.100000381469727,20.549999237060547,0
2015-05-14,20.700000762939453,21.90999984741211,19.81999969482422,20.690000534057617,0
2015-05-15,19.81999969482422,20.979999542236328,19.100000381469727,20.700000762939453,0
2015-05-18,17.899999618530273,20.469999313354492,16.770000457763672,19.81999969482422,0
2015-05-19,18.270000457763672,18.520000457763672,14.869999885559082,17.899999618530273,0
2015-05-20,17.719999313354492,18.270000457763672,15.569999694824219,18.270000457763672,0
2015-05-21,17.40999984741211,18.059999465942383,16.139999389648438,17.719999313354492,0
2015-05-22,16.950000762939453,17.440000534057617,14.199999809265137,17.40999984741211,0
2015-05-25,16.93000030517578,17.700000762939453,14.680000305175781,16.950000762939453,0
2015-05-26,17.06999969482422,17.84000015258789,15.289999961853027,16.93000030517578,0
2015-05-27,17.280000686645508,17.969999313354492,16.90999984741211,17.06999969482422,0
2015-05-28,17.1299991607666,17.719999313354492,16.600000381469727,17.280000686645508,0
2015-05-29,16.65999984741211,17.709999084472656,16.440000534057617,17.1299991607666,0
2015-06-01,16.90999984741211,17.459999084472656,16.059999465942383,16.65999984741211,0
2015-06-02,16.81999969482422,17.139999389648438,16.030000686645508,16.90999984741211,0
2015-06-03,17.510000228881836,17.920000076293945,15.859999656677246,16.81999969482422,0
2015-06-04,18.1200008392334,18.670000076293945,16.469999313354492,16.81999969482422,0
2015-06-05,18.09000015258789,18.3799991607666,17.690000534057617,18.1200008392334,0
2015-06-08,18.889999389648438,19.06999969482422,17.15999984741211,18.09000015258789,0
2015-06-09,18.010000228881836,19.1200008392334,16.479999542236328,18.889999389648438,0
2015-06-10,17.079999923706055,18.020000457763672,16.709999084472656,18.010000228881836,0
2015-06-11,17.809999465942383,17.950000762939453,15.949999809265137,17.079999923706055,0
2015-06-12,17.479999542236328,18.209999084472656,16.079999923706055,17.809999465942383,0
2015-06-15,17.520000457763672,18.020000457763672,15.350000381469727,17.479999542236328,0
2015-06-16,17.170000076293945,17.860000610351562,14.09000015258789,17.520000457763672,0
2015-06-17,16.729999542236328,17.190000534057617,14.300000190734863,17.170000076293945,0
2015-06-18,16.020000457763672,16.729999542236328,14.239999771118164,16.729999542236328,0
2015-06-19,15.09000015258789,16.020000457763672,14.90999984741211,16.020000457763672,0
2015-06-22,15.489999771118164,15.75,13.739999771118164,15.09000015258789,0
2015-06-23,15.039999961853027,16.540000915527344,14.829999923706055,15.489999771118164,0
2015-06-24,15.920000076293945,16.610000610351562,14.949999809265137,15.039999961853027,0
2015-06-25,15.930000305175781,16.709999084472656,15.479999542236328,15.920000076293945,0
2015-06-26,15.760000228881836,16.520000457763672,15.520000457763672,15.930000305175781,0
2015-06-29,17.299999237060547,18.770000457763672,15.760000228881836,15.760000228881836,0
2015-06-30,16.93000030517578,17.84000015258789,16.780000686645508,17.299999237060547,0
2015-07-01,15.850000381469727,17.100000381469727,15.720000267028809,16.93000030517578,0
2015-07-02,15.5600004196167,16.079999923706055,15.15999984741211,15.850000381469727,0
2015-07-03,16.309999465942383,16.389999389648438,14.789999961853027,15.5600004196167,0
2015-07-06,16.020000457763672,17.049999237060547,15.890000343322754,16.309999465942383,0
2015-07-07,16.309999465942383,16.56999969482422,15.220000267028809,16.020000457763672,0
2015-07-08,17.790000915527344,18.3799991607666,15.4399995803833,16.309999465942383,0
2015-07-09,17.440000534057617,18.079999923706055,16.290000915527344,17.790000915527344,0
2015-07-10,17.06999969482422,17.6299991607666,16.239999771118164,17.440000534057617,0
2015-07-13,16.270000457763672,17.719999313354492,15.569999694824219,17.06999969482422,0
2015-07-14,16.010000228881836,16.610000610351562,14.699999809265137,16.270000457763672,0
2015-07-15,15.569999694824219,16.030000686645508,14.1899995803833,16.010000228881836,0
2015-07-16,14.779999732971191,15.569999694824219,14.300000190734863,15.569999694824219,0
2015-07-17,14.800000190734863,15.140000343322754,13.289999961853027,14.779999732971191,0
2015-07-20,14.960000038146973,15.619999885559082,12.729999542236328,14.800000190734863,0
2015-07-21,15.100000381469727,15.3100004196167,13.010000228881836,14.960000038146973,0
2015-07-22,15.130000114440918,15.350000381469727,13.5,15.100000381469727,0
2015-07-23,15.520000457763672,15.739999771118164,13.100000381469727,15.130000114440918,0
2015-07-24,15.460000038146973,15.930000305175781,12.069999694824219,15.520000457763672,0
2015-07-27,16.3700008392334,17.049999237060547,12.930000305175781,15.460000038146973,0
2015-07-28,15.920000076293945,16.56999969482422,15.59000015258789,16.3700008392334,0
2015-07-29,15.880000114440918,16.34000015258789,14.130000114440918,15.920000076293945,0
2015-07-30,15.329999923706055,15.880000114440918,14.65999984741211,15.880000114440918,0
2015-07-31,14.569999694824219,15.579999923706055,14.5,15.329999923706055,0
2015-08-03,15.390000343322754,15.649999618530273,14.279999732971191,14.569999694824219,0
2015-08-04,14.829999923706055,15.699999809265137,14.279999732971191,15.390000343322754,0
2015-08-05,14.670000076293945,14.880000114440918,13.6899995803833,14.829999923706055,0
2015-08-06,14.729999542236328,15.010000228881836,12.890000343322754,14.670000076293945,0
2015-08-07,14.90999984741211,15.069999694824219,13.170000076293945,14.729999542236328,0
2015-08-10,15.470000267028809,15.619999885559082,14.239999771118164,14.90999984741211,0
2015-08-11,15.890000343322754,16.09000015258789,13.550000190734863,15.470000267028809,0
2015-08-12,17.450000762939453,17.719999313354492,14.789999961853027,15.890000343322754,0
2015-08-13,17.020000457763672,17.450000762939453,16.25,17.450000762939453,0
2015-08-14,16.020000457763672,17.020000457763672,15.140000343322754,17.020000457763672,0
2015-08-17,16.459999084472656,17.200000762939453,15.289999961853027,16.020000457763672,0
2015-08-18,16.360000610351562,16.65999984741211,15.100000381469727,16.459999084472656,0
2015-08-19,16.68000030517578,16.989999771118164,14.949999809265137,16.360000610351562,0
2015-08-20,16.979999542236328,17.200000762939453,15.470000267028809,16.68000030517578,0
2015-08-21,17.110000610351562,18.729999542236328,15.1899995803833,16.979999542236328,0
2015-08-24,28.1299991607666,30.649999618530273,17.110000610351562,17.110000610351562,0
2015-08-25,26.850000381469727,35.56999969482422,26.079999923706055,28.1299991607666,0
2015-08-26,25.520000457763672,29.049999237060547,23.530000686645508,26.850000381469727,0
2015-08-27,22.040000915527344,25.520000457763672,21.520000457763672,25.520000457763672,0
2015-08-28,23.329999923706055,23.670000076293945,19.799999237060547,22.040000915527344,0
2015-08-31,24.600000381469727,24.739999771118164,22.68000030517578,23.329999923706055,0
2015-09-01,28.719999313354492,30.440000534057617,24.440000534057617,24.600000381469727,0
2015-09-02,26.649999618530273,28.719999313354492,26.3799991607666,28.719999313354492,0
2015-09-03,24.1200008392334,26.649999618530273,23.719999313354492,26.649999618530273,0
2015-09-04,26.420000076293945,27.25,23.420000076293945,24.1200008392334,0
2015-09-07,26.350000381469727,26.829999923706055,24.510000228881836,26.420000076293945,0
2015-09-08,24.56999969482422,26.440000534057617,23.84000015258789,26.350000381469727,0
2015-09-09,24.299999237060547,24.65999984741211,21.350000381469727,24.56999969482422,0
2015-09-10,24.75,25.84000015258789,24.020000457763672,24.299999237060547,0
2015-09-11,24.979999542236328,25.260000228881836,23.260000228881836,24.75,0
2015-09-14,24.31999969482422,25.270000457763672,23.459999084472656,24.979999542236328,0
2015-09-15,23.739999771118164,24.559999465942383,22.700000762939453,24.31999969482422,0
2015-09-16,22.0,23.739999771118164,21.600000381469727,23.739999771118164,0
2015-09-18,18.290000915527344,22.0,17.8799991607666,22.0,0
2015-09-21,18.18000030517578,18.920000076293945,16.989999771118164,18.290000915527344,0
2015-09-22,20.350000381469727,21.25,17.209999084472656,18.18000030517578,0
2015-09-23,20.690000534057617,22.190000534057617,19.770000457763672,20.350000381469727,0
2015-09-24,20.8799991607666,21.56999969482422,19.3799991607666,20.690000534057617,0
2015-09-28,21.670000076293945,22.239999771118164,20.770000457763672,20.8799991607666,0
2015-09-29,21.56999969482422,23.6299991607666,20.440000534057617,21.670000076293945,0
2015-09-30,19.6299991607666,21.56999969482422,19.3700008392334,21.56999969482422,0
2015-10-01,19.239999771118164,20.110000610351562,18.239999771118164,19.6299991607666,0
2015-10-05,19.1299991607666,19.459999084472656,18.059999465942383,19.239999771118164,0
2015-10-06,19.309999465942383,19.899999618530273,17.389999389648438,19.1299991607666,0
2015-10-07,19.34000015258789,19.739999771118164,17.899999618530273,19.309999465942383,0
2015-10-08,19.559999465942383,19.93000030517578,17.350000381469727,19.34000015258789,0
2015-10-09,18.93000030517578,19.68000030517578,17.68000030517578,19.559999465942383,0
2015-10-12,19.1200008392334,19.989999771118164,17.18000030517578,18.93000030517578,0
2015-10-13,18.020000457763672,19.219999313354492,17.850000381469727,19.1200008392334,0
2015-10-14,17.719999313354492,18.280000686645508,15.760000228881836,18.020000457763672,0
2015-10-15,17.170000076293945,17.719999313354492,14.859999656677246,17.719999313354492,0
2015-10-16,16.270000457763672,17.18000030517578,14.029999732971191,17.170000076293945,0
2015-10-19,16.8799991607666,17.06999969482422,15.300000190734863,16.270000457763672,0
2015-10-20,17.0,17.18000030517578,14.529999732971191,16.8799991607666,0
2015-10-21,16.6200008392334,17.43000030517578,13.65999984741211,17.0,0
2015-10-23,16.190000534057617,16.6200008392334,14.649999618530273,16.6200008392334,0
2015-10-26,17.229999542236328,17.81999969482422,15.010000228881836,16.190000534057617,0
2015-10-27,16.540000915527344,17.299999237060547,16.0,17.229999542236328,0
2015-10-28,17.040000915527344,17.479999542236328,15.5600004196167,16.540000915527344,0
2015-10-29,17.579999923706055,17.950000762939453,14.720000267028809,17.040000915527344,0
2015-10-30,17.8799991607666,18.329999923706055,16.8799991607666,17.579999923706055,0
2015-11-02,19.479999542236328,20.1299991607666,17.3799991607666,17.8799991607666,0
2015-11-03,19.559999465942383,19.959999084472656,18.06999969482422,19.479999542236328,0
2015-11-04,19.360000610351562,19.6299991607666,17.950000762939453,19.559999465942383,0
2015-11-05,19.290000915527344,19.739999771118164,18.34000015258789,19.360000610351562,0
2015-11-06,19.469999313354492,19.59000015258789,16.610000610351562,19.290000915527344,0
2015-11-09,17.040000915527344,19.469999313354492,15.989999771118164,19.469999313354492,0
2015-11-10,16.829999923706055,17.059999465942383,15.300000190734863,17.040000915527344,0
2015-11-13,17.649999618530273,17.719999313354492,15.800000190734863,16.90999984741211,0
2015-11-16,17.8799991607666,18.610000610351562,15.289999961853027,17.649999618530273,0
2015-11-17,16.969999313354492,17.8799991607666,15.619999885559082,17.8799991607666,0
2015-11-18,17.420000076293945,17.75,14.899999618530273,16.969999313354492,0
2015-11-19,15.84000015258789,17.420000076293945,14.420000076293945,17.420000076293945,0
2015-11-20,15.899999618530273,16.139999389648438,13.829999923706055,15.84000015258789,0
2015-11-23,17.079999923706055,17.559999465942383,15.779999732971191,15.899999618530273,0
2015-11-24,16.25,17.079999923706055,15.649999618530273,17.079999923706055,0
2015-11-26,16.690000534057617,16.790000915527344,15.09000015258789,16.25,0
2015-11-27,16.729999542236328,16.979999542236328,16.170000076293945,16.690000534057617,0
2015-11-30,16.43000030517578,17.239999771118164,15.850000381469727,16.729999542236328,0
2015-12-01,15.640000343322754,16.43000030517578,15.529999732971191,16.43000030517578,0
2015-12-02,15.489999771118164,15.979999542236328,14.729999542236328,15.640000343322754,0
2015-12-03,16.059999465942383,16.15999984741211,15.119999885559082,15.489999771118164,0
2015-12-04,16.09000015258789,16.549999237060547,15.5600004196167,16.059999465942383,0
2015-12-07,15.869999885559082,16.360000610351562,15.789999961853027,16.09000015258789,0
2015-12-08,15.970000267028809,16.239999771118164,15.470000267028809,15.869999885559082,0
2015-12-09,16.729999542236328,16.920000076293945,15.369999885559082,15.970000267028809,0
2015-12-10,16.290000915527344,16.729999542236328,15.460000038146973,16.729999542236328,0
2015-12-11,17.18000030517578,17.770000457763672,15.039999961853027,16.290000915527344,0
2015-12-14,17.799999237060547,18.360000610351562,16.459999084472656,17.18000030517578,0
2015-12-15,17.34000015258789,18.360000610351562,16.110000610351562,17.799999237060547,0
2015-12-16,16.729999542236328,17.34000015258789,14.90999984741211,17.34000015258789,0
2015-12-17,14.220000267028809,16.729999542236328,14.020000457763672,16.729999542236328,0
2015-12-18,14.489999771118164,14.710000038146973,13.039999961853027,14.220000267028809,0
2015-12-21,14.229999542236328,14.979999542236328,12.979999542236328,14.489999771118164,0
2015-12-22,14.479999542236328,14.609999656677246,12.229999542236328,14.229999542236328,0
2015-12-23,13.649999618530273,14.479999542236328,12.630000114440918,14.479999542236328,0
2015-12-24,13.75,13.9399995803833,11.199999809265137,13.649999618530273,0
2015-12-28,14.399999618530273,14.529999732971191,10.380000114440918,13.75,0
2015-12-29,14.239999771118164,14.710000038146973,13.329999923706055,14.399999618530273,0
2015-12-30,14.350000381469727,14.5,12.779999732971191,14.239999771118164,0
2015-12-31,13.869999885559082,14.489999771118164,12.979999542236328,14.350000381469727,0
2016-01-01,14.260000228881836,14.350000381469727,13.109999656677246,13.869999885559082,0
2016-01-04,16.84000015258789,17.100000381469727,14.029999732971191,14.260000228881836,0
2016-01-05,16.700000762939453,16.84000015258789,15.569999694824219,16.84000015258789,0
2016-01-06,16.549999237060547,17.15999984741211,15.609999656677246,16.700000762939453,0
2016-01-07,18.959999084472656,19.260000228881836,16.489999771118164,16.549999237060547,0
2016-01-08,17.799999237060547,18.959999084472656,16.8700008392334,18.959999084472656,0
2016-01-11,18.690000534057617,19.200000762939453,17.799999237060547,17.799999237060547,0
2016-01-12,18.709999084472656,19.190000534057617,17.149999618530273,18.690000534057617,0
2016-01-13,18.350000381469727,19.65999984741211,17.520000457763672,18.709999084472656,0
2016-01-14,18.610000610351562,19.790000915527344,16.469999313354492,18.350000381469727,0
2016-01-15,19.420000076293945,19.690000534057617,15.670000076293945,18.610000610351562,0
2016-01-18,20.229999542236328,20.540000915527344,18.100000381469727,19.420000076293945,0
2016-01-19,18.43000030517578,20.229999542236328,17.93000030517578,20.229999542236328,0
2016-01-20,20.969999313354492,22.110000610351562,17.190000534057617,18.43000030517578,0
2016-01-21,20.809999465942383,21.690000534057617,17.850000381469727,20.969999313354492,0
2016-01-22,18.81999969482422,20.809999465942383,17.1200008392334,20.809999465942383,0
2016-01-25,18.270000457763672,19.149999618530273,17.209999084472656,18.81999969482422,0
2016-01-27,19.059999465942383,19.270000457763672,17.93000030517578,18.270000457763672,0
2016-01-28,17.899999618530273,19.059999465942383,17.260000228881836,19.059999465942383,0
2016-01-29,17.239999771118164,18.799999237060547,17.079999923706055,17.899999618530273,0
2016-02-01,17.889999389648438,18.170000076293945,17.1299991607666,17.239999771118164,0
2016-02-02,18.040000915527344,18.350000381469727,16.489999771118164,17.889999389648438,0
2016-02-03,18.59000015258789,18.940000534057617,18.020000457763672,18.040000915527344,0
2016-02-04,18.209999084472656,18.649999618530273,17.329999923706055,18.59000015258789,0
2016-02-05,18.110000610351562,18.329999923706055,16.540000915527344,18.209999084472656,0
2016-02-08,20.260000228881836,20.450000762939453,17.360000610351562,18.110000610351562,0
2016-02-09,21.729999542236328,22.030000686645508,20.25,20.260000228881836,0
2016-02-10,22.469999313354492,23.100000381469727,21.440000534057617,21.729999542236328,0
2016-02-11,25.969999313354492,26.8700008392334,22.110000610351562,22.469999313354492,0
2016-02-12,24.670000076293945,25.969999313354492,24.010000228881836,25.969999313354492,0
2016-02-15,22.3799991607666,24.670000076293945,21.799999237060547,24.670000076293945,0
2016-02-16,23.040000915527344,23.329999923706055,17.31999969482422,22.3799991607666,0
2016-02-17,21.829999923706055,23.809999465942383,20.639999389648438,23.040000915527344,0
2016-02-18,21.489999771118164,22.299999237060547,19.790000915527344,21.829999923706055,0
2016-02-19,20.920000076293945,21.65999984741211,17.700000762939453,21.489999771118164,0
2016-02-22,21.020000457763672,21.860000610351562,17.40999984741211,20.920000076293945,0
2016-02-23,23.84000015258789,24.639999389648438,21.020000457763672,21.020000457763672,0
2016-02-24,22.959999084472656,24.81999969482422,22.1299991607666,23.84000015258789,0
2016-02-25,22.75,23.489999771118164,22.200000762939453,22.959999084472656,0
2016-02-26,21.8700008392334,23.149999618530273,21.190000534057617,22.75,0
2016-02-29,20.15999984741211,22.40999984741211,19.360000610351562,21.8700008392334,0
2016-03-01,18.670000076293945,20.15999984741211,18.399999618530273,20.15999984741211,0
2016-03-02,18.989999771118164,19.200000762939453,17.5,18.670000076293945,0
2016-03-03,18.040000915527344,19.020000457763672,17.90999984741211,18.989999771118164,0
2016-03-04,17.8799991607666,18.31999969482422,17.200000762939453,18.040000915527344,0
2016-03-08,18.469999313354492,18.979999542236328,17.40999984741211,17.8799991607666,0
2016-03-09,17.510000228881836,18.68000030517578,17.31999969482422,18.469999313354492,0
2016-03-10,17.899999618530273,18.239999771118164,16.270000457763672,17.510000228881836,0
2016-03-11,17.100000381469727,17.899999618530273,16.030000686645508,17.899999618530273,0
2016-03-14,17.100000381469727,17.399999618530273,15.59000015258789,17.100000381469727,0
2016-03-15,17.600000381469727,17.84000015258789,15.229999542236328,17.100000381469727,0
2016-03-16,17.110000610351562,17.8799991607666,14.600000381469727,17.600000381469727,0
2016-03-17,16.84000015258789,17.270000457763672,15.5600004196167,17.110000610351562,0
2016-03-18,16.3799991607666,16.8700008392334,14.899999618530273,16.84000015258789,0
2016-03-21,16.329999923706055,17.110000610351562,14.829999923706055,16.3799991607666,0
2016-03-22,16.43000030517578,16.860000610351562,13.699999809265137,16.329999923706055,0
2016-03-23,16.350000381469727,16.8700008392334,13.949999809265137,16.43000030517578,0
2016-03-28,17.489999771118164,18.56999969482422,15.180000305175781,16.350000381469727,0
2016-03-29,17.639999389648438,18.040000915527344,16.809999465942383,17.489999771118164,0
2016-03-30,16.809999465942383,17.639999389648438,16.56999969482422,17.639999389648438,0
2016-03-31,16.579999923706055,16.889999389648438,15.5,16.809999465942383,0
2016-04-01,17.280000686645508,17.899999618530273,16.290000915527344,16.579999923706055,0
2016-04-04,17.450000762939453,18.170000076293945,16.229999542236328,17.280000686645508,0
2016-04-05,17.829999923706055,18.059999465942383,16.889999389648438,17.450000762939453,0
2016-04-06,17.350000381469727,17.920000076293945,16.1299991607666,17.829999923706055,0
2016-04-07,16.93000030517578,17.420000076293945,16.34000015258789,17.350000381469727,0
2016-04-08,16.43000030517578,16.93000030517578,15.199999809265137,16.93000030517578,0
2016-04-11,16.010000228881836,16.790000915527344,14.880000114440918,16.43000030517578,0
2016-04-12,16.020000457763672,16.299999237060547,14.649999618530273,16.010000228881836,0
2016-04-13,16.040000915527344,16.1200008392334,13.550000190734863,16.020000457763672,0
2016-04-18,16.950000762939453,17.420000076293945,14.140000343322754,16.040000915527344,0
2016-04-20,17.079999923706055,17.520000457763672,15.430000305175781,16.950000762939453,0
2016-04-21,16.510000228881836,17.079999923706055,15.640000343322754,17.079999923706055,0
2016-04-22,16.3799991607666,16.860000610351562,15.34000015258789,16.510000228881836,0
2016-04-25,16.56999969482422,17.030000686645508,16.1299991607666,16.3799991607666,0
2016-04-26,16.579999923706055,16.81999969482422,15.640000343322754,16.56999969482422,0
2016-04-27,16.350000381469727,16.790000915527344,16.229999542236328,16.579999923706055,0
2016-04-28,16.600000381469727,16.770000457763672,15.3100004196167,16.350000381469727,0
2016-04-29,16.540000915527344,17.239999771118164,15.630000114440918,16.600000381469727,0
2016-05-02,17.09000015258789,17.65999984741211,16.540000915527344,16.540000915527344,0
2016-05-03,17.459999084472656,18.079999923706055,15.609999656677246,17.09000015258789,0
2016-05-04,17.450000762939453,17.780000686645508,16.270000457763672,17.459999084472656,0
2016-05-05,17.170000076293945,17.479999542236328,15.729999542236328,17.450000762939453,0
2016-05-06,16.950000762939453,17.5,16.059999465942383,17.170000076293945,0
2016-05-09,16.610000610351562,16.950000762939453,15.220000267028809,16.950000762939453,0
2016-05-10,16.420000076293945,17.18000030517578,15.020000457763672,16.610000610351562,0
2016-05-11,16.959999084472656,17.459999084472656,15.539999961853027,16.420000076293945,0
2016-05-12,16.329999923706055,17.170000076293945,15.960000038146973,16.959999084472656,0
2016-05-13,17.0,17.3700008392334,14.199999809265137,16.329999923706055,0
2016-05-16,17.030000686645508,17.770000457763672,16.170000076293945,17.0,0
2016-05-17,16.3700008392334,17.030000686645508,15.739999771118164,17.030000686645508,0
2016-05-18,16.450000762939453,16.969999313354492,15.989999771118164,16.3700008392334,0
2016-05-19,17.059999465942383,17.420000076293945,15.420000076293945,16.450000762939453,0
2016-05-20,16.43000030517578,17.059999465942383,14.979999542236328,17.059999465942383,0
2016-05-23,16.15999984741211,16.549999237060547,15.180000305175781,16.43000030517578,0
2016-05-24,16.219999313354492,16.889999389648438,15.6899995803833,16.15999984741211,0
2016-05-25,15.520000457763672,16.219999313354492,14.550000190734863,16.219999313354492,0
2016-05-26,15.329999923706055,15.520000457763672,14.470000267028809,15.520000457763672,0
2016-05-27,15.260000228881836,15.859999656677246,14.9399995803833,15.329999923706055,0
2016-05-30,15.979999542236328,16.440000534057617,14.770000457763672,15.260000228881836,0
2016-05-31,16.049999237060547,16.360000610351562,14.300000190734863,15.979999542236328,0
2016-06-01,15.84000015258789,16.100000381469727,14.720000267028809,16.049999237060547,0
2016-06-02,15.09000015258789,15.9399995803833,14.960000038146973,15.84000015258789,0
2016-06-03,15.0,15.390000343322754,14.050000190734863,15.09000015258789,0
2016-06-06,15.359999656677246,15.539999961853027,14.119999885559082,15.0,0
2016-06-07,14.869999885559082,15.359999656677246,14.399999618530273,15.359999656677246,0
2016-06-08,15.140000343322754,15.289999961853027,13.319999694824219,14.869999885559082,0
2016-06-09,15.670000076293945,15.829999923706055,13.979999542236328,15.140000343322754,0
2016-06-10,15.970000267028809,16.270000457763672,14.550000190734863,15.670000076293945,0
2016-06-13,16.579999923706055,17.079999923706055,15.65999984741211,15.970000267028809,0
2016-06-14,17.190000534057617,17.540000915527344,14.90999984741211,16.579999923706055,0
2016-06-15,17.059999465942383,17.6299991607666,15.420000076293945,17.190000534057617,0
2016-06-16,17.700000762939453,18.459999084472656,15.779999732971191,17.059999465942383,0
2016-06-17,17.350000381469727,17.899999618530273,16.040000915527344,17.700000762939453,0
2016-06-20,17.520000457763672,18.450000762939453,16.290000915527344,17.350000381469727,0
2016-06-21,17.260000228881836,17.700000762939453,16.389999389648438,17.520000457763672,0
2016-06-22,18.18000030517578,18.309999465942383,16.219999313354492,17.260000228881836,0
2016-06-23,18.020000457763672,18.829999923706055,16.989999771118164,18.18000030517578,0
2016-06-24,18.6299991607666,21.049999237060547,16.149999618530273,18.020000457763672,0
2016-06-27,18.530000686645508,19.729999542236328,18.3799991607666,18.6299991607666,0
2016-06-28,17.729999542236328,18.809999465942383,17.450000762939453,18.530000686645508,0
2016-06-29,16.15999984741211,17.729999542236328,15.90999984741211,17.729999542236328,0
2016-06-30,16.290000915527344,16.40999984741211,14.65999984741211,16.15999984741211,0
2016-07-01,15.739999771118164,16.360000610351562,15.649999618530273,16.290000915527344,0
2016-07-04,15.579999923706055,15.970000267028809,15.149999618530273,15.739999771118164,0
2016-07-05,15.359999656677246,15.699999809265137,14.829999923706055,15.579999923706055,0
2016-07-07,15.3100004196167,15.579999923706055,14.289999961853027,15.359999656677246,0
2016-07-08,15.079999923706055,15.8100004196167,13.90999984741211,15.3100004196167,0
2016-07-11,14.850000381469727,15.079999923706055,13.760000228881836,15.079999923706055,0
2016-07-12,14.779999732971191,15.029999732971191,13.819999694824219,14.850000381469727,0
2016-07-13,15.329999923706055,15.40999984741211,13.869999885559082,14.779999732971191,0
2016-07-14,15.609999656677246,15.920000076293945,14.15999984741211,15.329999923706055,0
2016-07-15,15.640000343322754,16.31999969482422,13.920000076293945,15.609999656677246,0
2016-07-18,15.989999771118164,16.200000762939453,14.109999656677246,15.640000343322754,0
2016-07-19,15.800000190734863,16.229999542236328,13.920000076293945,15.989999771118164,0
2016-07-20,15.989999771118164,16.209999084472656,14.140000343322754,15.800000190734863,0
2016-07-21,15.710000038146973,16.110000610351562,14.029999732971191,15.989999771118164,0
2016-07-22,15.5,15.960000038146973,14.4399995803833,15.710000038146973,0
2016-07-25,15.720000267028809,16.110000610351562,13.520000457763672,15.5,0
2016-07-26,15.619999885559082,16.149999618530273,13.949999809265137,15.720000267028809,0
2016-07-27,15.430000305175781,15.670000076293945,14.470000267028809,15.619999885559082,0
2016-07-28,15.149999618530273,15.539999961853027,12.59000015258789,15.430000305175781,0
2016-07-29,14.920000076293945,15.229999542236328,14.149999618530273,15.149999618530273,0
2016-08-01,15.180000305175781,15.479999542236328,14.359999656677246,14.920000076293945,0
2016-08-02,15.6899995803833,15.789999961853027,13.960000038146973,15.180000305175781,0
2016-08-03,16.239999771118164,16.450000762939453,14.300000190734863,15.6899995803833,0
2016-08-04,15.140000343322754,16.239999771118164,14.100000381469727,16.239999771118164,0
2016-08-05,14.350000381469727,15.140000343322754,13.619999885559082,15.140000343322754,0
2016-08-08,14.59000015258789,14.819999694824219,13.109999656677246,14.350000381469727,0
2016-08-09,14.539999961853027,14.960000038146973,12.350000381469727,14.59000015258789,0
2016-08-10,14.920000076293945,15.25,12.710000038146973,14.539999961853027,0
2016-08-11,14.210000038146973,14.920000076293945,13.170000076293945,14.920000076293945,0
2016-08-12,13.770000457763672,14.210000038146973,12.369999885559082,14.210000038146973,0
2016-08-16,14.180000305175781,14.640000343322754,13.140000343322754,13.770000457763672,0
2016-08-17,14.779999732971191,14.90999984741211,12.710000038146973,14.180000305175781,0
2016-08-18,14.550000190734863,14.779999732971191,12.90999984741211,14.779999732971191,0
2016-08-19,14.539999961853027,14.90999984741211,12.109999656677246,14.550000190734863,0
2016-08-22,14.239999771118164,15.010000228881836,13.270000457763672,14.539999961853027,0
2016-08-23,13.899999618530273,14.619999885559082,13.0600004196167,14.239999771118164,0
2016-08-24,13.489999771118164,14.039999961853027,12.390000343322754,13.899999618530273,0
2016-08-25,13.289999961853027,13.609999656677246,10.930000305175781,13.489999771118164,0
2016-08-26,13.569999694824219,14.210000038146973,12.350000381469727,13.289999961853027,0
2016-08-29,13.170000076293945,14.010000228881836,12.9399995803833,13.569999694824219,0
2016-08-30,13.020000457763672,13.170000076293945,12.289999961853027,13.170000076293945,0
2016-08-31,13.239999771118164,13.539999961853027,12.25,13.020000457763672,0
2016-09-01,13.34000015258789,13.680000305175781,12.539999961853027,13.239999771118164,0
2016-09-02,12.9399995803833,13.449999809265137,12.640000343322754,13.34000015258789,0
2016-09-06,12.75,13.180000305175781,12.350000381469727,12.9399995803833,0
2016-09-07,13.149999618530273,13.359999656677246,11.949999809265137,12.75,0
2016-09-08,13.119999885559082,13.229999542236328,12.050000190734863,13.149999618530273,0
2016-09-09,13.229999542236328,13.449999809265137,12.640000343322754,13.119999885559082,0
2016-09-12,15.239999771118164,15.34000015258789,12.699999809265137,13.229999542236328,0
2016-09-14,14.760000228881836,15.520000457763672,14.199999809265137,15.239999771118164,0
2016-09-15,14.680000305175781,15.079999923706055,13.4399995803833,14.760000228881836,0
2016-09-16,14.579999923706055,14.949999809265137,13.430000305175781,14.680000305175781,0
2016-09-19,14.9399995803833,15.199999809265137,13.640000343322754,14.579999923706055,0
2016-09-20,14.779999732971191,15.149999618530273,13.770000457763672,14.9399995803833,0
2016-09-21,14.8100004196167,14.949999809265137,13.170000076293945,14.779999732971191,0
2016-09-22,13.34000015258789,14.8100004196167,12.59000015258789,14.8100004196167,0
2016-09-23,13.25,13.59000015258789,12.029999732971191,13.34000015258789,0
2016-09-26,14.569999694824219,14.789999961853027,12.8100004196167,13.25,0
2016-09-27,14.25,14.569999694824219,13.770000457763672,14.569999694824219,0
2016-09-28,13.850000381469727,14.350000381469727,13.489999771118164,14.25,0
2016-09-29,18.450000762939453,19.1299991607666,13.149999618530273,13.850000381469727,0
2016-09-30,17.18000030517578,18.850000381469727,16.829999923706055,18.450000762939453,0
2016-10-03,15.619999885559082,17.18000030517578,15.510000228881836,17.18000030517578,0
2016-10-04,14.989999771118164,15.720000267028809,14.8100004196167,15.619999885559082,0
2016-10-05,14.930000305175781,15.149999618530273,13.90999984741211,14.989999771118164,0
2016-10-06,14.84000015258789,15.119999885559082,14.329999923706055,14.930000305175781,0
2016-10-07,14.489999771118164,14.970000267028809,13.779999732971191,14.84000015258789,0
2016-10-10,14.289999961853027,14.569999694824219,13.270000457763672,14.489999771118164,0
2016-10-13,15.430000305175781,16.010000228881836,14.289999961853027,14.289999961853027,0
2016-10-14,14.890000343322754,15.430000305175781,14.329999923706055,15.430000305175781,0
2016-10-17,15.65999984741211,16.049999237060547,14.350000381469727,14.890000343322754,0
2016-10-18,14.539999961853027,15.65999984741211,14.300000190734863,15.65999984741211,0
2016-10-19,14.609999656677246,14.949999809265137,13.149999618530273,14.539999961853027,0
2016-10-20,14.170000076293945,14.609999656677246,12.75,14.609999656677246,0
2016-10-21,13.829999923706055,14.350000381469727,12.430000305175781,14.170000076293945,0
2016-10-24,14.329999923706055,14.449999809265137,13.100000381469727,13.829999923706055,0
2016-10-25,14.479999542236328,14.8100004196167,12.84000015258789,14.329999923706055,0
2016-10-26,14.449999809265137,14.9399995803833,13.600000381469727,14.479999542236328,0
2016-10-27,14.09000015258789,14.819999694824219,12.75,14.449999809265137,0
2016-10-28,14.649999618530273,14.880000114440918,13.479999542236328,14.09000015258789,0
2016-11-01,15.739999771118164,15.890000343322754,14.3100004196167,15.489999771118164,0
2016-11-02,16.799999237060547,17.260000228881836,15.119999885559082,15.739999771118164,0
2016-11-03,16.469999313354492,16.799999237060547,15.489999771118164,16.799999237060547,0
2016-11-04,16.850000381469727,17.43000030517578,14.600000381469727,16.469999313354492,0
2016-11-07,16.510000228881836,16.850000381469727,14.9399995803833,16.850000381469727,0
2016-11-08,16.770000457763672,17.3799991607666,15.069999694824219,16.510000228881836,0
2016-11-09,16.6200008392334,22.790000915527344,15.84000015258789,16.770000457763672,0
2016-11-10,15.460000038146973,16.6200008392334,14.239999771118164,16.6200008392334,0
2016-11-11,17.360000610351562,17.709999084472656,14.170000076293945,15.460000038146973,0
2016-11-15,20.149999618530273,20.84000015258789,16.450000762939453,17.360000610351562,0
2016-11-16,19.5,20.190000534057617,16.899999618530273,20.149999618530273,0
2016-11-17,18.709999084472656,19.5,17.440000534057617,19.5,0
2016-11-18,17.809999465942383,18.709999084472656,15.859999656677246,18.709999084472656,0
2016-11-21,19.100000381469727,19.770000457763672,15.720000267028809,17.809999465942383,0
2016-11-22,18.469999313354492,20.1299991607666,17.950000762939453,19.100000381469727,0
2016-11-23,18.040000915527344,23.09000015258789,16.34000015258789,18.469999313354492,0
2016-11-24,17.15999984741211,18.579999923706055,16.639999389648438,18.040000915527344,0
2016-11-25,17.610000610351562,18.8700008392334,16.8700008392334,17.15999984741211,0
2016-11-28,18.059999465942383,18.610000610351562,16.81999969482422,17.610000610351562,0
2016-11-29,17.709999084472656,18.219999313354492,16.520000457763672,18.059999465942383,0
2016-11-30,16.850000381469727,17.989999771118164,16.040000915527344,17.709999084472656,0
2016-12-01,16.690000534057617,16.889999389648438,14.34000015258789,16.850000381469727,0
2016-12-02,17.93000030517578,18.190000534057617,15.829999923706055,16.690000534057617,0
2016-12-05,17.290000915527344,18.299999237060547,16.920000076293945,17.93000030517578,0
2016-12-06,17.110000610351562,17.360000610351562,14.960000038146973,17.290000915527344,0
2016-12-07,16.850000381469727,17.110000610351562,15.510000228881836,17.110000610351562,0
2016-12-08,15.529999732971191,16.850000381469727,14.15999984741211,16.850000381469727,0
2016-12-09,15.069999694824219,15.640000343322754,14.529999732971191,15.529999732971191,0
2016-12-12,16.190000534057617,16.309999465942383,14.220000267028809,15.069999694824219,0
2016-12-13,15.920000076293945,16.479999542236328,13.760000228881836,16.190000534057617,0
2016-12-14,16.59000015258789,16.670000076293945,14.430000305175781,15.920000076293945,0
2016-12-15,15.65999984741211,16.59000015258789,15.260000228881836,16.59000015258789,0
2016-12-16,15.25,15.65999984741211,13.449999809265137,15.65999984741211,0
2016-12-19,14.84000015258789,15.59000015258789,13.25,15.25,0
2016-12-20,14.539999961853027,14.930000305175781,13.399999618530273,14.84000015258789,0
2016-12-21,14.710000038146973,14.859999656677246,13.34000015258789,14.539999961853027,0
2016-12-22,15.550000190734863,15.699999809265137,12.760000228881836,14.710000038146973,0
2016-12-23,15.130000114440918,15.779999732971191,12.609999656677246,15.550000190734863,0
2016-12-26,16.600000381469727,16.90999984741211,13.4399995803833,15.130000114440918,0
2016-12-27,15.079999923706055,16.760000228881836,14.949999809265137,16.600000381469727,0
2016-12-28,15.539999961853027,15.630000114440918,14.260000228881836,15.079999923706055,0
2016-12-29,15.279999732971191,16.079999923706055,14.65999984741211,15.539999961853027,0
2016-12-30,15.470000267028809,15.579999923706055,14.529999732971191,15.279999732971191,0
2017-01-02,15.829999923706055,16.3799991607666,14.640000343322754,15.470000267028809,0
2017-01-03,15.960000038146973,16.420000076293945,14.899999618530273,15.829999923706055,0
2017-01-04,15.890000343322754,16.100000381469727,14.899999618530273,15.960000038146973,0
2017-01-05,15.050000190734863,15.890000343322754,14.449999809265137,15.890000343322754,0
2017-01-06,14.90999984741211,15.09000015258789,13.920000076293945,15.050000190734863,0
2017-01-09,15.479999542236328,15.640000343322754,13.819999694824219,14.90999984741211,0
2017-01-10,15.199999809265137,15.479999542236328,14.029999732971191,15.479999542236328,0
2017-01-11,14.8100004196167,15.199999809265137,13.539999961853027,15.199999809265137,0
2017-01-12,14.609999656677246,14.869999885559082,13.460000038146973,14.8100004196167,0
2017-01-13,14.380000114440918,14.649999618530273,13.380000114440918,14.609999656677246,0
2017-01-16,15.069999694824219,15.25,13.430000305175781,14.380000114440918,0
2017-01-17,15.390000343322754,15.619999885559082,13.979999542236328,15.069999694824219,0
2017-01-18,15.180000305175781,15.390000343322754,13.609999656677246,15.390000343322754,0
2017-01-19,15.020000457763672,15.279999732971191,14.039999961853027,15.180000305175781,0
2017-01-20,15.789999961853027,15.869999885559082,13.850000381469727,15.020000457763672,0
2017-01-23,15.90999984741211,16.3700008392334,15.5,15.789999961853027,0
2017-01-24,15.289999961853027,15.960000038146973,14.390000343322754,15.90999984741211,0
2017-01-25,15.170000076293945,15.430000305175781,14.40999984741211,15.289999961853027,0
2017-01-27,16.010000228881836,16.1299991607666,14.930000305175781,15.170000076293945,0
2017-01-30,16.670000076293945,16.860000610351562,15.390000343322754,16.010000228881836,0
2017-01-31,16.829999923706055,17.09000015258789,15.710000038146973,16.670000076293945,0
2017-02-01,13.970000267028809,17.43000030517578,13.800000190734863,16.829999923706055,0
2017-02-02,13.520000457763672,13.970000267028809,12.640000343322754,13.970000267028809,0
2017-02-03,13.130000114440918,13.600000381469727,11.779999732971191,13.520000457763672,0
2017-02-06,13.399999618530273,13.609999656677246,11.0600004196167,13.130000114440918,0
2017-02-07,13.510000228881836,13.720000267028809,12.239999771118164,13.399999618530273,0
2017-02-08,13.350000381469727,13.760000228881836,11.4399995803833,13.510000228881836,0
2017-02-09,13.239999771118164,13.779999732971191,11.399999618530273,13.350000381469727,0
2017-02-10,13.180000305175781,13.329999923706055,11.369999885559082,13.239999771118164,0
2017-02-13,13.6899995803833,13.760000228881836,11.569999694824219,13.180000305175781,0
2017-02-14,13.800000190734863,14.010000228881836,12.100000381469727,13.6899995803833,0
2017-02-15,14.210000038146973,14.460000038146973,11.729999542236328,13.800000190734863,0
2017-02-16,13.729999542236328,14.210000038146973,11.4399995803833,14.210000038146973,0
2017-02-17,13.430000305175781,13.770000457763672,12.470000267028809,13.729999542236328,0
2017-02-20,13.609999656677246,13.850000381469727,12.40999984741211,13.430000305175781,0
2017-02-21,13.529999732971191,14.279999732971191,11.890000343322754,13.609999656677246,0
2017-02-22,13.699999809265137,14.039999961853027,12.720000267028809,13.529999732971191,0
2017-02-23,13.399999618530273,13.960000038146973,12.920000076293945,13.699999809265137,0
2017-02-27,13.680000305175781,14.270000457763672,13.399999618530273,13.399999618530273,0
2017-02-28,13.789999961853027,14.029999732971191,13.170000076293945,13.680000305175781,0
2017-03-01,13.579999923706055,13.800000190734863,13.210000038146973,13.789999961853027,0
2017-03-02,13.359999656677246,13.619999885559082,13.029999732971191,13.579999923706055,0
2017-03-03,13.350000381469727,13.600000381469727,12.569999694824219,13.359999656677246,0
2017-03-06,13.640000343322754,13.729999542236328,12.8100004196167,13.350000381469727,0
2017-03-07,13.880000114440918,14.010000228881836,13.09000015258789,13.640000343322754,0
2017-03-08,14.079999923706055,14.289999961853027,12.6899995803833,13.880000114440918,0
2017-03-09,14.390000343322754,14.779999732971191,12.600000381469727,14.079999923706055,0
2017-03-10,13.960000038146973,14.390000343322754,13.579999923706055,14.390000343322754,0
2017-03-14,12.399999618530273,13.960000038146973,11.09000015258789,13.960000038146973,0
2017-03-15,12.420000076293945,12.529999732971191,11.199999809265137,12.399999618530273,0
2017-03-16,11.90999984741211,12.420000076293945,11.34000015258789,12.420000076293945,0
2017-03-17,11.850000381469727,12.109999656677246,10.390000343322754,11.90999984741211,0
2017-03-20,12.020000457763672,12.3100004196167,11.4399995803833,11.850000381469727,0
2017-03-21,11.9399995803833,12.15999984741211,11.029999732971191,12.020000457763672,0
2017-03-22,12.270000457763672,12.359999656677246,11.579999923706055,11.9399995803833,0
2017-03-23,11.84000015258789,12.270000457763672,11.239999771118164,12.270000457763672,0
2017-03-24,11.979999542236328,12.100000381469727,10.710000038146973,11.84000015258789,0
2017-03-27,12.4399995803833,12.569999694824219,11.34000015258789,11.979999542236328,0
2017-03-28,12.119999885559082,12.4399995803833,11.460000038146973,12.4399995803833,0
2017-03-29,12.09000015258789,12.239999771118164,11.449999809265137,12.119999885559082,0
2017-03-30,12.149999618530273,12.449999809265137,11.75,12.09000015258789,0
2017-03-31,12.420000076293945,12.510000228881836,11.489999771118164,12.149999618530273,0
2017-04-03,11.489999771118164,12.760000228881836,11.40999984741211,12.420000076293945,0
2017-04-05,11.550000190734863,11.890000343322754,10.890000343322754,11.489999771118164,0
2017-04-06,11.289999961853027,11.770000457763672,11.029999732971191,11.550000190734863,0
2017-04-07,11.6899995803833,11.8100004196167,10.3100004196167,11.289999961853027,0
2017-04-10,11.619999885559082,11.920000076293945,11.239999771118164,11.6899995803833,0
2017-04-11,11.399999618530273,11.829999923706055,10.239999771118164,11.619999885559082,0
2017-04-12,11.630000114440918,12.069999694824219,10.789999961853027,11.399999618530273,0
2017-04-13,11.579999923706055,11.779999732971191,10.59000015258789,11.630000114440918,0
2017-04-17,11.890000343322754,12.210000038146973,10.6899995803833,11.579999923706055,0
2017-04-18,12.380000114440918,12.59000015258789,10.760000228881836,11.890000343322754,0
2017-04-19,12.220000267028809,12.520000457763672,10.75,12.380000114440918,0
2017-04-20,11.5600004196167,12.220000267028809,10.859999656677246,12.220000267028809,0
2017-04-21,11.420000076293945,11.739999771118164,10.5600004196167,11.5600004196167,0
2017-04-24,11.630000114440918,11.859999656677246,10.970000267028809,11.420000076293945,0
2017-04-25,11.15999984741211,11.630000114440918,10.970000267028809,11.630000114440918,0
2017-04-26,11.739999771118164,11.869999885559082,9.920000076293945,11.15999984741211,0
2017-04-27,11.069999694824219,11.739999771118164,10.359999656677246,11.739999771118164,0
2017-04-28,10.859999656677246,11.069999694824219,10.529999732971191,11.069999694824219,0
2017-05-02,11.449999809265137,11.8100004196167,10.350000381469727,10.859999656677246,0
2017-05-03,11.529999732971191,11.65999984741211,9.949999809265137,11.449999809265137,0
2017-05-04,11.329999923706055,11.779999732971191,10.609999656677246,11.529999732971191,0
2017-05-05,11.989999771118164,12.15999984741211,10.449999809265137,11.329999923706055,0
2017-05-08,11.670000076293945,11.989999771118164,10.609999656677246,11.989999771118164,0
2017-05-09,11.109999656677246,11.670000076293945,10.539999961853027,11.670000076293945,0
2017-05-10,10.949999809265137,11.109999656677246,9.960000038146973,11.109999656677246,0
2017-05-11,10.84000015258789,11.260000228881836,9.899999618530273,10.949999809265137,0
2017-05-12,10.630000114440918,10.84000015258789,9.470000267028809,10.84000015258789,0
2017-05-15,10.680000305175781,11.140000343322754,8.84000015258789,10.630000114440918,0
2017-05-16,10.5600004196167,11.020000457763672,9.069999694824219,10.680000305175781,0
2017-05-17,10.640000343322754,10.8100004196167,9.239999771118164,10.5600004196167,0
2017-05-18,11.789999961853027,12.75,9.819999694824219,10.640000343322754,0
2017-05-19,11.300000190734863,11.899999618530273,10.399999618530273,11.789999961853027,0
2017-05-22,11.199999809265137,11.850000381469727,10.199999809265137,11.300000190734863,0
2017-05-23,12.199999809265137,12.770000457763672,9.869999885559082,11.199999809265137,0
2017-05-24,11.829999923706055,12.789999961853027,10.449999809265137,12.199999809265137,0
2017-05-25,10.449999809265137,11.920000076293945,10.1899995803833,11.829999923706055,0
2017-05-26,10.859999656677246,11.1899995803833,9.890000343322754,10.449999809265137,0
2017-05-29,11.789999961853027,11.880000114440918,10.260000228881836,10.859999656677246,0
2017-05-30,11.770000457763672,12.270000457763672,10.859999656677246,11.789999961853027,0
2017-05-31,11.760000228881836,12.25,11.020000457763672,11.770000457763672,0
2017-06-01,11.3100004196167,11.90999984741211,10.609999656677246,11.760000228881836,0
2017-06-02,10.8100004196167,11.3100004196167,10.3100004196167,11.3100004196167,0
2017-06-05,11.020000457763672,11.140000343322754,10.050000190734863,10.8100004196167,0
2017-06-06,11.130000114440918,11.319999694824219,9.489999771118164,11.020000457763672,0
2017-06-07,10.890000343322754,11.1899995803833,10.220000267028809,11.130000114440918,0
2017-06-08,11.069999694824219,11.130000114440918,9.529999732971191,10.890000343322754,0
2017-06-09,10.859999656677246,11.229999542236328,10.279999732971191,11.069999694824219,0
2017-06-12,11.420000076293945,11.5,10.350000381469727,10.859999656677246,0
2017-06-13,11.34000015258789,11.460000038146973,9.899999618530273,11.420000076293945,0
2017-06-14,11.180000305175781,11.529999732971191,10.4399995803833,11.34000015258789,0
2017-06-15,11.329999923706055,11.430000305175781,9.890000343322754,11.180000305175781,0
2017-06-16,10.920000076293945,11.329999923706055,9.710000038146973,11.329999923706055,0
2017-06-19,10.630000114440918,10.920000076293945,9.739999771118164,10.920000076293945,0
2017-06-20,10.65999984741211,10.869999885559082,9.819999694824219,10.630000114440918,0
2017-06-21,10.920000076293945,11.0600004196167,9.779999732971191,10.65999984741211,0
2017-06-22,11.210000038146973,11.420000076293945,10.069999694824219,10.920000076293945,0
2017-06-23,11.5600004196167,11.779999732971191,8.760000228881836,11.210000038146973,0
2017-06-27,12.510000228881836,12.869999885559082,10.930000305175781,11.5600004196167,0
2017-06-28,11.989999771118164,12.760000228881836,11.09000015258789,12.510000228881836,0
2017-06-29,11.380000114440918,11.989999771118164,10.600000381469727,11.989999771118164,0
2017-06-30,11.729999542236328,12.100000381469727,11.079999923706055,11.380000114440918,0
2017-07-03,11.199999809265137,11.75,10.460000038146973,11.729999542236328,0
2017-07-04,11.279999732971191,11.649999618530273,10.420000076293945,11.199999809265137,0
2017-07-05,11.149999618530273,11.420000076293945,10.449999809265137,11.279999732971191,0
2017-07-06,10.979999542236328,11.180000305175781,10.289999961853027,11.149999618530273,0
2017-07-07,10.869999885559082,11.130000114440918,9.619999885559082,10.979999542236328,0
2017-07-10,10.90999984741211,11.09000015258789,9.569999694824219,10.869999885559082,0
2017-07-11,10.890000343322754,11.079999923706055,9.899999618530273,10.90999984741211,0
2017-07-12,11.050000190734863,11.300000190734863,9.670000076293945,10.890000343322754,0
2017-07-13,11.25,11.399999618530273,9.859999656677246,11.050000190734863,0
2017-07-14,11.170000076293945,11.479999542236328,10.069999694824219,11.25,0
2017-07-17,11.460000038146973,11.569999694824219,10.479999542236328,11.170000076293945,0
2017-07-18,11.489999771118164,11.789999961853027,10.289999961853027,11.460000038146973,0
2017-07-19,11.260000228881836,11.6899995803833,9.079999923706055,11.489999771118164,0
2017-07-20,11.319999694824219,11.569999694824219,10.369999885559082,11.260000228881836,0
2017-07-21,11.09000015258789,11.720000267028809,9.010000228881836,11.319999694824219,0
2017-07-24,11.3100004196167,11.800000190734863,10.359999656677246,11.09000015258789,0
2017-07-25,10.90999984741211,11.510000228881836,10.239999771118164,11.3100004196167,0
2017-07-26,11.170000076293945,11.779999732971191,10.90999984741211,10.90999984741211,0
2017-07-27,11.220000267028809,11.920000076293945,10.8100004196167,11.170000076293945,0
2017-07-28,11.140000343322754,12.020000457763672,10.979999542236328,11.220000267028809,0
2017-07-31,11.899999618530273,12.029999732971191,11.140000343322754,11.140000343322754,0
2017-08-01,11.90999984741211,12.390000343322754,11.59000015258789,11.899999618530273,0
2017-08-02,11.9399995803833,12.170000076293945,10.920000076293945,11.90999984741211,0
2017-08-03,11.640000343322754,12.229999542236328,11.210000038146973,11.9399995803833,0
2017-08-04,11.390000343322754,11.75,10.75,11.640000343322754,0
2017-08-07,11.899999618530273,12.0,10.640000343322754,11.390000343322754,0
2017-08-08,12.770000457763672,13.050000190734863,10.489999771118164,11.899999618530273,0
2017-08-09,13.449999809265137,13.680000305175781,10.520000457763672,12.770000457763672,0
2017-08-10,13.800000190734863,14.170000076293945,12.229999542236328,13.449999809265137,0
2017-08-11,15.199999809265137,15.539999961853027,11.670000076293945,13.800000190734863,0
2017-08-14,14.380000114440918,15.199999809265137,11.859999656677246,15.199999809265137,0
2017-08-16,14.239999771118164,14.699999809265137,12.619999885559082,14.380000114440918,0
2017-08-17,14.34000015258789,14.619999885559082,10.789999961853027,14.239999771118164,0
2017-08-18,14.569999694824219,14.890000343322754,11.170000076293945,14.34000015258789,0
2017-08-21,14.819999694824219,14.970000267028809,13.149999618530273,14.569999694824219,0
2017-08-22,14.109999656677246,14.819999694824219,11.15999984741211,14.819999694824219,0
2017-08-23,13.180000305175781,14.109999656677246,12.260000228881836,14.109999656677246,0
2017-08-24,12.569999694824219,13.199999809265137,11.9399995803833,13.180000305175781,0
2017-08-28,12.640000343322754,13.680000305175781,11.369999885559082,12.569999694824219,0
2017-08-29,13.539999961853027,13.850000381469727,12.279999732971191,12.640000343322754,0
2017-08-30,12.890000343322754,14.130000114440918,11.75,13.539999961853027,0
2017-08-31,11.949999809265137,13.699999809265137,11.789999961853027,12.890000343322754,0
2017-09-01,11.680000305175781,12.15999984741211,10.529999732971191,11.949999809265137,0
2017-09-04,13.170000076293945,13.960000038146973,11.489999771118164,11.680000305175781,0
2017-09-05,12.890000343322754,13.4399995803833,12.479999542236328,13.170000076293945,0
2017-09-06,13.119999885559082,13.5,12.039999961853027,12.890000343322754,0
2017-09-07,13.010000228881836,13.130000114440918,11.180000305175781,13.119999885559082,0
2017-09-08,12.960000038146973,13.100000381469727,11.770000457763672,13.010000228881836,0
2017-09-11,12.359999656677246,12.960000038146973,11.550000190734863,12.960000038146973,0
2017-09-12,11.760000228881836,12.359999656677246,11.520000457763672,12.359999656677246,0
2017-09-13,11.760000228881836,11.869999885559082,10.680000305175781,11.760000228881836,0
2017-09-14,11.470000267028809,11.880000114440918,10.359999656677246,11.760000228881836,0
2017-09-15,11.680000305175781,12.020000457763672,10.020000457763672,11.470000267028809,0
2017-09-18,11.4399995803833,11.680000305175781,10.84000015258789,11.680000305175781,0
2017-09-19,11.470000267028809,11.640000343322754,10.399999618530273,11.4399995803833,0
2017-09-20,11.630000114440918,11.880000114440918,10.119999885559082,11.470000267028809,0
2017-09-21,11.630000114440918,12.180000305175781,9.260000228881836,11.630000114440918,0
2017-09-22,12.8100004196167,12.989999771118164,11.010000228881836,11.630000114440918,0
2017-09-25,13.34000015258789,13.84000015258789,11.510000228881836,12.8100004196167,0
2017-09-26,12.930000305175781,13.630000114440918,12.630000114440918,13.34000015258789,0
2017-09-27,13.859999656677246,14.170000076293945,11.770000457763672,12.930000305175781,0
2017-09-28,13.170000076293945,13.970000267028809,12.819999694824219,13.859999656677246,0
2017-09-29,12.489999771118164,13.170000076293945,11.90999984741211,13.170000076293945,0
2017-10-03,12.460000038146973,12.869999885559082,11.4399995803833,12.489999771118164,0
2017-10-04,11.800000190734863,12.579999923706055,11.579999923706055,12.460000038146973,0
2017-10-05,11.710000038146973,11.899999618530273,10.59000015258789,11.800000190734863,0
2017-10-06,11.119999885559082,11.710000038146973,10.75,11.710000038146973,0
2017-10-09,11.390000343322754,11.569999694824219,10.40999984741211,11.119999885559082,0
2017-10-10,11.109999656677246,11.449999809265137,10.75,11.390000343322754,0
2017-10-11,11.729999542236328,12.180000305175781,10.1899995803833,11.109999656677246,0
2017-10-12,11.039999961853027,11.729999542236328,10.460000038146973,11.729999542236328,0
2017-10-13,11.260000228881836,11.350000381469727,10.09000015258789,11.039999961853027,0
2017-10-16,11.3100004196167,11.579999923706055,10.029999732971191,11.260000228881836,0
2017-10-17,11.609999656677246,11.729999542236328,10.109999656677246,11.3100004196167,0
2017-10-18,11.539999961853027,11.75,10.130000114440918,11.609999656677246,0
2017-10-19,12.399999618530273,12.8100004196167,10.829999923706055,11.539999961853027,0
2017-10-23,12.329999923706055,12.9399995803833,10.880000114440918,12.399999618530273,0
2017-10-24,11.59000015258789,12.470000267028809,11.359999656677246,12.329999923706055,0
2017-10-25,11.760000228881836,12.489999771118164,11.1899995803833,11.59000015258789,0
2017-10-26,11.619999885559082,12.649999618530273,11.289999961853027,11.760000228881836,0
2017-10-27,11.479999542236328,12.149999618530273,11.1899995803833,11.619999885559082,0
2017-10-30,12.109999656677246,12.260000228881836,11.479999542236328,11.479999542236328,0
2017-10-31,12.4399995803833,12.529999732971191,11.529999732971191,12.109999656677246,0
2017-11-01,12.140000343322754,12.4399995803833,11.789999961853027,12.4399995803833,0
2017-11-02,12.010000228881836,12.369999885559082,11.40999984741211,12.140000343322754,0
2017-11-03,11.90999984741211,12.300000190734863,11.069999694824219,12.010000228881836,0
2017-11-06,13.020000457763672,13.260000228881836,11.369999885559082,11.90999984741211,0
2017-11-07,13.239999771118164,13.680000305175781,11.680000305175781,13.020000457763672,0
2017-11-08,13.609999656677246,13.859999656677246,11.239999771118164,13.239999771118164,0
2017-11-09,13.270000457763672,13.720000267028809,11.079999923706055,13.609999656677246,0
2017-11-10,13.479999542236328,13.819999694824219,11.170000076293945,13.270000457763672,0
2017-11-13,14.050000190734863,14.380000114440918,11.170000076293945,13.479999542236328,0
2017-11-14,14.170000076293945,14.739999771118164,12.460000038146973,14.050000190734863,0
2017-11-15,14.270000457763672,14.579999923706055,11.579999923706055,14.170000076293945,0
2017-11-16,13.460000038146973,14.270000457763672,11.069999694824219,14.270000457763672,0
2017-11-17,13.710000038146973,13.859999656677246,11.630000114440918,13.460000038146973,0
2017-11-20,13.430000305175781,15.609999656677246,11.119999885559082,13.710000038146973,0
2017-11-21,13.720000267028809,13.930000305175781,11.010000228881836,13.430000305175781,0
2017-11-22,14.039999961853027,14.34000015258789,12.1899995803833,13.720000267028809,0
2017-11-23,13.869999885559082,14.460000038146973,12.819999694824219,14.039999961853027,0
2017-11-24,13.510000228881836,13.989999771118164,12.489999771118164,13.869999885559082,0
2017-11-27,13.029999732971191,13.899999618530273,11.529999732971191,13.510000228881836,0
2017-11-28,13.149999618530273,13.359999656677246,12.039999961853027,13.029999732971191,0
2017-11-29,13.0600004196167,13.289999961853027,12.260000228881836,13.149999618530273,0
2017-11-30,13.550000190734863,13.90999984741211,11.970000267028809,13.0600004196167,0
2017-12-01,14.800000190734863,15.020000457763672,12.619999885559082,13.550000190734863,0
2017-12-04,14.859999656677246,15.260000228881836,14.140000343322754,14.800000190734863,0
2017-12-05,15.010000228881836,15.34000015258789,13.550000190734863,14.859999656677246,0
2017-12-06,15.09000015258789,15.260000228881836,13.550000190734863,15.010000228881836,0
2017-12-07,14.270000457763672,15.09000015258789,13.920000076293945,15.09000015258789,0
2017-12-08,13.670000076293945,14.270000457763672,12.90999984741211,14.270000457763672,0
2017-12-11,14.149999618530273,14.489999771118164,12.15999984741211,13.670000076293945,0
2017-12-12,15.260000228881836,15.369999885559082,12.15999984741211,14.149999618530273,0
2017-12-13,15.949999809265137,16.309999465942383,12.699999809265137,15.260000228881836,0
2017-12-14,16.40999984741211,17.389999389648438,12.800000190734863,15.949999809265137,0
2017-12-15,14.9399995803833,16.40999984741211,13.399999618530273,16.40999984741211,0
2017-12-18,13.119999885559082,18.260000228881836,12.819999694824219,14.9399995803833,0
2017-12-19,12.1899995803833,13.119999885559082,12.079999923706055,13.119999885559082,0
2017-12-20,12.1899995803833,12.420000076293945,11.199999809265137,12.1899995803833,0
2017-12-21,12.09000015258789,12.239999771118164,10.15999984741211,12.1899995803833,0
2017-12-22,11.59000015258789,12.130000114440918,10.729999542236328,12.09000015258789,0
2017-12-26,12.050000190734863,12.260000228881836,10.319999694824219,11.59000015258789,0
2017-12-27,12.489999771118164,12.739999771118164,11.510000228881836,12.050000190734863,0
2017-12-28,12.300000190734863,12.6899995803833,11.329999923706055,12.489999771118164,0
2017-12-29,12.670000076293945,12.760000228881836,11.479999542236328,12.300000190734863,0
2018-01-01,13.350000381469727,13.609999656677246,12.550000190734863,12.670000076293945,0
2018-01-02,13.6899995803833,13.84000015258789,12.609999656677246,13.350000381469727,0
2018-01-03,13.619999885559082,13.720000267028809,12.770000457763672,13.6899995803833,0
2018-01-04,13.420000076293945,13.789999961853027,12.180000305175781,13.619999885559082,0
2018-01-05,13.109999656677246,13.420000076293945,12.420000076293945,13.420000076293945,0
2018-01-08,13.739999771118164,13.859999656677246,11.8100004196167,13.109999656677246,0
2018-01-09,13.850000381469727,14.130000114440918,12.25,13.739999771118164,0
2018-01-10,14.039999961853027,14.229999542236328,12.520000457763672,13.850000381469727,0
2018-01-11,14.010000228881836,14.279999732971191,12.989999771118164,14.039999961853027,0
2018-01-12,13.729999542236328,14.550000190734863,11.920000076293945,14.010000228881836,0
2018-01-15,14.3100004196167,14.479999542236328,11.8100004196167,13.729999542236328,0
2018-01-16,14.09000015258789,14.59000015258789,12.350000381469727,14.3100004196167,0
2018-01-17,13.859999656677246,14.449999809265137,10.350000381469727,14.09000015258789,0
2018-01-18,13.960000038146973,14.220000267028809,11.65999984741211,13.859999656677246,0
2018-01-19,13.979999542236328,14.199999809265137,10.75,13.960000038146973,0
2018-01-22,15.390000343322754,15.59000015258789,12.069999694824219,13.979999542236328,0
2018-01-23,16.229999542236328,16.299999237060547,14.109999656677246,15.390000343322754,0
2018-01-24,18.040000915527344,18.5,14.640000343322754,16.229999542236328,0
2018-01-25,17.510000228881836,18.239999771118164,17.040000915527344,18.040000915527344,0
2018-01-29,17.889999389648438,18.489999771118164,16.360000610351562,17.510000228881836,0
2018-01-30,16.420000076293945,18.010000228881836,16.149999618530273,17.889999389648438,0
2018-01-31,15.930000305175781,16.420000076293945,14.289999961853027,16.420000076293945,0
2018-02-01,14.109999656677246,16.770000457763672,13.899999618530273,15.930000305175781,0
2018-02-02,15.25,15.489999771118164,11.5,14.109999656677246,0
2018-02-05,16.049999237060547,18.34000015258789,15.079999923706055,15.25,0
2018-02-06,20.020000457763672,23.15999984741211,16.049999237060547,16.049999237060547,0
2018-02-07,19.469999313354492,20.020000457763672,16.799999237060547,20.020000457763672,0
2018-02-08,17.770000457763672,24.040000915527344,15.260000228881836,19.469999313354492,0
2018-02-09,19.229999542236328,20.420000076293945,15.149999618530273,17.770000457763672,0
2018-02-12,17.8799991607666,19.229999542236328,16.56999969482422,19.229999542236328,0
2018-02-14,17.18000030517578,17.8799991607666,15.520000457763672,17.8799991607666,0
2018-02-15,16.31999969482422,17.18000030517578,14.09000015258789,17.18000030517578,0
2018-02-16,16.3799991607666,16.969999313354492,12.569999694824219,16.31999969482422,0
2018-02-19,16.670000076293945,18.040000915527344,13.960000038146973,16.3799991607666,0
2018-02-20,16.8700008392334,17.540000915527344,16.329999923706055,16.670000076293945,0
2018-02-21,15.920000076293945,16.8700008392334,15.729999542236328,16.8700008392334,0
2018-02-22,14.829999923706055,16.459999084472656,14.5,15.920000076293945,0
2018-02-23,14.199999809265137,14.829999923706055,13.539999961853027,14.829999923706055,0
2018-02-26,13.699999809265137,14.329999923706055,13.529999732971191,14.199999809265137,0
2018-02-27,13.920000076293945,14.420000076293945,12.449999809265137,13.699999809265137,0
2018-02-28,13.8100004196167,14.399999618530273,12.529999732971191,13.920000076293945,0
2018-03-01,14.069999694824219,14.25,12.40999984741211,13.8100004196167,0
2018-03-05,15.399999618530273,15.989999771118164,12.229999542236328,14.069999694824219,0
2018-03-06,16.25,16.450000762939453,13.15999984741211,15.399999618530273,0
2018-03-07,15.699999809265137,16.459999084472656,13.449999809265137,16.25,0
2018-03-08,14.59000015258789,15.699999809265137,12.489999771118164,15.699999809265137,0
2018-03-09,14.529999732971191,14.760000228881836,12.90999984741211,14.59000015258789,0
2018-03-12,14.489999771118164,14.65999984741211,12.010000228881836,14.529999732971191,0
2018-03-13,14.460000038146973,14.619999885559082,12.390000343322754,14.489999771118164,0
2018-03-14,14.359999656677246,14.949999809265137,11.739999771118164,14.460000038146973,0
2018-03-15,14.329999923706055,14.65999984741211,11.300000190734863,14.359999656677246,0
2018-03-16,15.220000267028809,15.619999885559082,11.630000114440918,14.329999923706055,0
2018-03-19,15.819999694824219,16.010000228881836,13.140000343322754,15.220000267028809,0
2018-03-20,15.609999656677246,16.1299991607666,15.170000076293945,15.819999694824219,0
2018-03-21,15.109999656677246,15.609999656677246,12.390000343322754,15.609999656677246,0
2018-03-22,15.25,15.359999656677246,11.989999771118164,15.109999656677246,0
2018-03-23,15.550000190734863,16.3799991607666,15.25,15.25,0
2018-03-26,15.199999809265137,16.3799991607666,14.859999656677246,15.550000190734863,0
2018-03-27,15.550000190734863,16.110000610351562,14.5,15.199999809265137,0
2018-03-28,15.760000228881836,15.970000267028809,14.819999694824219,15.550000190734863,0
2018-04-02,15.350000381469727,16.450000762939453,15.199999809265137,15.760000228881836,0
2018-04-03,15.1899995803833,15.779999732971191,14.880000114440918,15.350000381469727,0
2018-04-04,16.34000015258789,16.489999771118164,13.680000305175781,15.1899995803833,0
2018-04-05,14.800000190734863,16.34000015258789,13.859999656677246,16.34000015258789,0
2018-04-06,14.75,15.15999984741211,13.010000228881836,14.800000190734863,0
2018-04-09,14.869999885559082,15.140000343322754,14.460000038146973,14.75,0
2018-04-10,14.5,14.869999885559082,14.010000228881836,14.869999885559082,0
2018-04-11,14.720000267028809,14.90999984741211,12.739999771118164,14.5,0
2018-04-12,14.5600004196167,14.989999771118164,11.8100004196167,14.720000267028809,0
2018-04-13,14.140000343322754,14.5600004196167,13.449999809265137,14.5600004196167,0
2018-04-16,14.260000228881836,14.859999656677246,13.40999984741211,14.140000343322754,0
2018-04-17,14.039999961853027,14.399999618530273,13.350000381469727,14.260000228881836,0
2018-04-18,14.109999656677246,14.369999885559082,13.170000076293945,14.039999961853027,0
2018-04-19,13.75,14.109999656677246,12.5,14.109999656677246,0
2018-04-20,12.9399995803833,13.770000457763672,9.739999771118164,13.75,0
2018-04-23,13.149999618530273,13.489999771118164,11.529999732971191,12.9399995803833,0
2018-04-24,11.899999618530273,13.390000343322754,11.489999771118164,13.149999618530273,0
2018-04-25,12.399999618530273,13.319999694824219,11.899999618530273,11.899999618530273,0
2018-04-26,12.039999961853027,13.579999923706055,11.739999771118164,12.399999618530273,0
2018-04-27,12.020000457763672,12.630000114440918,11.4399995803833,12.039999961853027,0
2018-04-30,12.359999656677246,12.550000190734863,12.020000457763672,12.020000457763672,0
2018-05-02,12.84000015258789,13.199999809265137,12.359999656677246,12.359999656677246,0
2018-05-03,12.989999771118164,13.210000038146973,12.470000267028809,12.84000015258789,0
2018-05-04,13.25,13.460000038146973,10.989999771118164,12.989999771118164,0
2018-05-07,13.760000228881836,13.960000038146973,12.829999923706055,13.25,0
2018-05-08,14.0600004196167,14.4399995803833,11.09000015258789,13.760000228881836,0
2018-05-09,14.270000457763672,14.5600004196167,12.119999885559082,14.0600004196167,0
2018-05-10,14.430000305175781,14.649999618530273,12.5600004196167,14.270000457763672,0
2018-05-11,13.979999542236328,14.819999694824219,13.0,14.430000305175781,0
2018-05-14,14.25,14.5,12.109999656677246,13.979999542236328,0
2018-05-15,13.170000076293945,14.25,11.489999771118164,14.25,0
2018-05-16,13.4399995803833,13.649999618530273,10.859999656677246,13.170000076293945,0
2018-05-17,13.40999984741211,13.680000305175781,11.09000015258789,13.4399995803833,0
2018-05-18,14.149999618530273,14.350000381469727,11.609999656677246,13.40999984741211,0
2018-05-21,14.40999984741211,14.539999961853027,11.760000228881836,14.149999618530273,0
2018-05-22,13.600000381469727,14.40999984741211,11.75,14.40999984741211,0
2018-05-23,14.15999984741211,14.9399995803833,11.880000114440918,13.600000381469727,0
2018-05-24,13.149999618530273,14.220000267028809,10.899999618530273,14.15999984741211,0
2018-05-25,12.649999618530273,13.170000076293945,11.0,13.149999618530273,0
2018-05-28,13.0600004196167,13.149999618530273,11.350000381469727,12.649999618530273,0
2018-05-29,13.069999694824219,13.869999885559082,11.979999542236328,13.0600004196167,0
2018-05-30,13.40999984741211,13.850000381469727,12.180000305175781,13.069999694824219,0
2018-05-31,13.220000267028809,14.229999542236328,12.130000114440918,13.40999984741211,0
2018-06-01,13.569999694824219,14.59000015258789,12.15999984741211,13.220000267028809,0
2018-06-04,13.880000114440918,15.470000267028809,12.180000305175781,13.569999694824219,0
2018-06-05,13.319999694824219,14.489999771118164,13.130000114440918,13.880000114440918,0
2018-06-06,12.550000190734863,13.510000228881836,12.149999618530273,13.319999694824219,0
2018-06-07,12.779999732971191,13.649999618530273,11.609999656677246,12.550000190734863,0
2018-06-08,12.699999809265137,13.170000076293945,10.800000190734863,12.779999732971191,0
2018-06-11,13.180000305175781,13.819999694824219,11.319999694824219,12.699999809265137,0
2018-06-12,12.729999542236328,13.899999618530273,10.449999809265137,13.180000305175781,0
2018-06-13,12.640000343322754,13.140000343322754,11.220000267028809,12.729999542236328,0
2018-06-14,12.100000381469727,12.640000343322754,10.430000305175781,12.640000343322754,0
2018-06-15,12.069999694824219,12.510000228881836,10.5,12.100000381469727,0
2018-06-18,12.380000114440918,12.550000190734863,9.819999694824219,12.069999694824219,0
2018-06-19,12.920000076293945,13.0,11.479999542236328,12.380000114440918,0
2018-06-20,12.170000076293945,12.920000076293945,10.609999656677246,12.920000076293945,0
2018-06-21,12.449999809265137,12.59000015258789,10.90999984741211,12.170000076293945,0
2018-06-22,12.020000457763672,12.539999961853027,10.390000343322754,12.449999809265137,0
2018-06-25,12.579999923706055,12.779999732971191,9.739999771118164,12.020000457763672,0
2018-06-26,12.800000190734863,12.970000267028809,12.329999923706055,12.579999923706055,0
2018-06-27,13.510000228881836,13.8100004196167,12.09000015258789,12.800000190734863,0
2018-06-28,13.949999809265137,14.079999923706055,12.520000457763672,13.510000228881836,0
2018-06-29,12.9399995803833,13.949999809265137,12.630000114440918,13.949999809265137,0
2018-07-02,13.369999885559082,13.9399995803833,12.470000267028809,12.9399995803833,0
2018-07-03,13.0,13.75,12.1899995803833,13.369999885559082,0
2018-07-04,12.65999984741211,13.34000015258789,12.579999923706055,13.0,0
2018-07-05,12.579999923706055,12.949999809265137,11.229999542236328,12.65999984741211,0
2018-07-06,12.4399995803833,12.680000305175781,11.670000076293945,12.579999923706055,0
2018-07-09,12.390000343322754,12.579999923706055,11.220000267028809,12.4399995803833,0
2018-07-10,12.399999618530273,12.520000457763672,11.020000457763672,12.390000343322754,0
2018-07-11,12.779999732971191,12.859999656677246,10.020000457763672,12.399999618530273,0
2018-07-12,12.510000228881836,12.869999885559082,10.649999618530273,12.779999732971191,0
2018-07-13,12.300000190734863,12.510000228881836,11.319999694824219,12.510000228881836,0
2018-07-16,12.949999809265137,13.050000190734863,11.170000076293945,12.300000190734863,0
2018-07-17,12.829999923706055,12.949999809265137,11.239999771118164,12.949999809265137,0
2018-07-18,13.680000305175781,13.899999618530273,10.649999618530273,12.829999923706055,0
2018-07-19,13.59000015258789,13.800000190734863,10.989999771118164,13.680000305175781,0
2018-07-20,13.539999961853027,13.899999618530273,11.319999694824219,13.59000015258789,0
2018-07-23,13.010000228881836,13.619999885559082,12.069999694824219,13.539999961853027,0
2018-07-24,12.470000267028809,13.079999923706055,12.149999618530273,13.010000228881836,0
2018-07-25,12.210000038146973,13.260000228881836,11.220000267028809,12.470000267028809,0
2018-07-26,12.029999732971191,13.050000190734863,11.609999656677246,12.210000038146973,0
2018-07-27,12.3100004196167,12.5,11.25,12.029999732971191,0
2018-07-30,12.59000015258789,13.0600004196167,12.3100004196167,12.3100004196167,0
2018-07-31,12.479999542236328,12.800000190734863,12.289999961853027,12.59000015258789,0
2018-08-01,12.529999732971191,12.770000457763672,12.0,12.479999542236328,0
2018-08-02,12.5600004196167,12.800000190734863,10.890000343322754,12.529999732971191,0
2018-08-03,12.079999923706055,12.5600004196167,10.90999984741211,12.5600004196167,0
2018-08-06,12.5600004196167,12.739999771118164,11.850000381469727,12.079999923706055,0
2018-08-07,12.579999923706055,12.819999694824219,10.579999923706055,12.5600004196167,0
2018-08-08,12.539999961853027,12.779999732971191,10.479999542236328,12.579999923706055,0
2018-08-09,12.680000305175781,12.760000228881836,10.880000114440918,12.539999961853027,0
2018-08-10,12.850000381469727,12.989999771118164,10.0600004196167,12.680000305175781,0
2018-08-13,13.399999618530273,13.5,11.289999961853027,12.850000381469727,0
2018-08-14,13.279999732971191,13.420000076293945,10.760000228881836,13.399999618530273,0
2018-08-16,13.649999618530273,13.869999885559082,11.470000267028809,13.279999732971191,0
2018-08-17,13.15999984741211,13.649999618530273,10.300000190734863,13.649999618530273,0
2018-08-20,13.029999732971191,13.550000190734863,11.350000381469727,13.15999984741211,0
2018-08-21,12.899999618530273,13.640000343322754,9.930000305175781,13.029999732971191,0
2018-08-23,12.760000228881836,13.119999885559082,9.529999732971191,12.899999618530273,0
2018-08-24,12.40999984741211,12.84000015258789,9.430000305175781,12.760000228881836,0
2018-08-27,12.239999771118164,12.529999732971191,9.520000457763672,12.40999984741211,0
2018-08-28,12.430000305175781,12.600000381469727,10.380000114440918,12.239999771118164,0
2018-08-29,12.4399995803833,12.670000076293945,10.729999542236328,12.430000305175781,0
2018-08-30,12.40999984741211,12.630000114440918,10.619999885559082,12.4399995803833,0
2018-08-31,12.600000381469727,12.800000190734863,11.600000381469727,12.40999984741211,0
2018-09-03,13.390000343322754,13.720000267028809,11.170000076293945,12.600000381469727,0
2018-09-04,13.779999732971191,13.880000114440918,12.199999809265137,13.390000343322754,0
2018-09-05,13.649999618530273,14.149999618530273,11.949999809265137,13.779999732971191,0
2018-09-06,13.720000267028809,14.199999809265137,12.0600004196167,13.649999618530273,0
2018-09-07,13.890000343322754,14.140000343322754,11.09000015258789,13.720000267028809,0
2018-09-10,15.199999809265137,15.319999694824219,12.609999656677246,13.890000343322754,0
2018-09-11,15.329999923706055,15.449999809265137,13.4399995803833,15.199999809265137,0
2018-09-12,14.25,15.329999923706055,12.979999542236328,15.329999923706055,0
2018-09-14,13.84000015258789,14.25,12.319999694824219,14.25,0
2018-09-17,14.5,14.640000343322754,11.729999542236328,13.84000015258789,0
2018-09-18,14.420000076293945,14.619999885559082,11.869999885559082,14.5,0
2018-09-19,14.010000228881836,14.479999542236328,11.75,14.420000076293945,0
2018-09-21,15.539999961853027,16.920000076293945,10.979999542236328,14.010000228881836,0
2018-09-24,17.43000030517578,17.860000610351562,13.800000190734863,15.539999961853027,0
2018-09-25,16.68000030517578,18.309999465942383,16.219999313354492,17.43000030517578,0
2018-09-26,17.09000015258789,17.579999923706055,15.100000381469727,16.68000030517578,0
2018-09-27,16.920000076293945,17.3700008392334,15.600000381469727,17.09000015258789,0
2018-09-28,17.0,17.690000534057617,15.930000305175781,16.920000076293945,0
2018-10-01,16.84000015258789,18.860000610351562,16.270000457763672,17.0,0
2018-10-03,18.1200008392334,18.649999618530273,15.579999923706055,16.84000015258789,0
2018-10-04,18.920000076293945,19.68000030517578,17.489999771118164,18.1200008392334,0
2018-10-05,19.729999542236328,20.479999542236328,18.450000762939453,18.920000076293945,0
2018-10-08,20.149999618530273,21.770000457763672,18.479999542236328,19.729999542236328,0
2018-10-09,19.760000228881836,20.360000610351562,17.469999313354492,20.149999618530273,0
2018-10-10,17.90999984741211,19.760000228881836,17.729999542236328,19.760000228881836,0
2018-10-11,20.549999237060547,20.850000381469727,17.6299991607666,17.90999984741211,0
2018-10-12,18.6299991607666,20.549999237060547,16.670000076293945,20.549999237060547,0
2018-10-15,18.889999389648438,19.81999969482422,15.979999542236328,18.6299991607666,0
2018-10-16,17.3700008392334,18.889999389648438,14.279999732971191,18.889999389648438,0
2018-10-17,17.979999542236328,18.200000762939453,14.84000015258789,17.3700008392334,0
2018-10-19,19.790000915527344,20.049999237060547,17.450000762939453,17.979999542236328,0
2018-10-22,21.360000610351562,21.670000076293945,17.079999923706055,19.790000915527344,0
2018-10-23,19.040000915527344,22.350000381469727,18.760000228881836,21.360000610351562,0
2018-10-24,18.8799991607666,19.809999465942383,17.709999084472656,19.040000915527344,0
2018-10-25,18.959999084472656,20.329999923706055,18.5,18.8799991607666,0
2018-10-26,19.229999542236328,21.040000915527344,18.65999984741211,18.959999084472656,0
2018-10-29,19.829999923706055,20.809999465942383,19.229999542236328,19.229999542236328,0
2018-10-30,20.5,20.770000457763672,19.549999237060547,19.829999923706055,0
2018-10-31,19.799999237060547,22.81999969482422,19.579999923706055,20.5,0
2018-11-01,19.190000534057617,20.1299991607666,18.899999618530273,19.799999237060547,0
2018-11-02,18.229999542236328,19.190000534057617,17.489999771118164,19.190000534057617,0
2018-11-05,19.479999542236328,19.81999969482422,17.739999771118164,18.229999542236328,0
2018-11-06,18.510000228881836,19.479999542236328,16.18000030517578,19.479999542236328,0
2018-11-07,17.719999313354492,18.510000228881836,16.809999465942383,18.510000228881836,0
2018-11-09,17.770000457763672,18.760000228881836,16.760000228881836,17.8799991607666,0
2018-11-12,19.3700008392334,19.459999084472656,16.479999542236328,17.770000457763672,0
2018-11-13,18.700000762939453,19.68000030517578,17.1200008392334,19.3700008392334,0
2018-11-14,18.829999923706055,19.510000228881836,14.770000457763672,18.700000762939453,0
2018-11-15,18.450000762939453,18.920000076293945,15.5,18.829999923706055,0
2018-11-16,18.350000381469727,18.8700008392334,16.899999618530273,18.450000762939453,0
2018-11-19,19.260000228881836,19.649999618530273,13.520000457763672,18.350000381469727,0
2018-11-20,19.329999923706055,19.649999618530273,18.25,19.260000228881836,0
2018-11-21,19.559999465942383,20.100000381469727,15.539999961853027,19.329999923706055,0
2018-11-22,19.15999984741211,20.0,17.09000015258789,19.559999465942383,0
2018-11-26,20.399999618530273,20.530000686645508,15.020000457763672,19.15999984741211,0
2018-11-27,18.31999969482422,20.399999618530273,16.610000610351562,20.399999618530273,0
2018-11-28,17.959999084472656,19.360000610351562,16.670000076293945,18.31999969482422,0
2018-11-29,18.700000762939453,18.850000381469727,14.930000305175781,17.959999084472656,0
2018-11-30,19.15999984741211,19.920000076293945,16.809999465942383,18.700000762939453,0
2018-12-03,18.219999313354492,19.610000610351562,16.309999465942383,19.15999984741211,0
2018-12-04,18.110000610351562,19.6200008392334,16.90999984741211,18.219999313354492,0
2018-12-05,18.389999389648438,18.829999923706055,16.6200008392334,18.110000610351562,0
2018-12-06,19.309999465942383,19.549999237060547,15.90999984741211,18.389999389648438,0
2018-12-07,18.59000015258789,19.6299991607666,15.979999542236328,19.309999465942383,0
2018-12-10,20.440000534057617,20.649999618530273,16.889999389648438,18.59000015258789,0
2018-12-11,17.950000762939453,20.440000534057617,17.200000762939453,20.440000534057617,0
2018-12-12,15.8100004196167,17.950000762939453,15.420000076293945,17.950000762939453,0
2018-12-13,15.550000190734863,15.90999984741211,11.90999984741211,15.8100004196167,0
2018-12-14,15.15999984741211,15.600000381469727,12.670000076293945,15.550000190734863,0
2018-12-17,14.539999961853027,15.90999984741211,13.869999885559082,15.15999984741211,0
2018-12-18,14.579999923706055,15.3100004196167,11.979999542236328,14.539999961853027,0
2018-12-19,14.65999984741211,14.869999885559082,11.869999885559082,14.579999923706055,0
2018-12-20,14.329999923706055,14.920000076293945,13.720000267028809,14.65999984741211,0
2018-12-21,15.989999771118164,16.229999542236328,12.9399995803833,14.329999923706055,0
2018-12-24,15.75,17.1299991607666,14.899999618530273,15.989999771118164,0
2018-12-26,15.920000076293945,17.479999542236328,14.8100004196167,15.75,0
2018-12-27,16.06999969482422,16.3799991607666,12.5600004196167,15.920000076293945,0
2018-12-28,15.270000457763672,16.06999969482422,15.020000457763672,16.06999969482422,0
2018-12-31,16.0,16.149999618530273,14.649999618530273,15.270000457763672,0
2019-01-01,15.329999923706055,16.399999618530273,15.149999618530273,16.0,0
2019-01-02,16.389999389648438,16.950000762939453,14.84000015258789,15.329999923706055,0
2019-01-03,16.790000915527344,17.149999618530273,15.4399995803833,16.389999389648438,0
2019-01-04,16.15999984741211,16.969999313354492,15.489999771118164,16.790000915527344,0
2019-01-07,16.299999237060547,16.450000762939453,15.300000190734863,16.15999984741211,0
2019-01-08,15.699999809265137,16.56999969482422,14.739999771118164,16.299999237060547,0
2019-01-09,15.270000457763672,16.31999969482422,13.899999618530273,15.699999809265137,0
2019-01-10,15.350000381469727,15.609999656677246,14.149999618530273,15.270000457763672,0
2019-01-11,15.350000381469727,15.829999923706055,14.359999656677246,15.350000381469727,0
2019-01-14,16.15999984741211,16.549999237060547,15.350000381469727,15.350000381469727,0
2019-01-15,15.579999923706055,16.15999984741211,12.989999771118164,16.15999984741211,0
2019-01-16,16.079999923706055,16.309999465942383,12.800000190734863,15.579999923706055,0
2019-01-17,16.239999771118164,16.43000030517578,12.989999771118164,16.079999923706055,0
2019-01-18,16.6200008392334,16.90999984741211,12.3100004196167,16.239999771118164,0
2019-01-21,18.149999618530273,18.34000015258789,14.359999656677246,16.6200008392334,0
2019-01-22,17.989999771118164,18.469999313354492,15.510000228881836,18.149999618530273,0
2019-01-23,18.09000015258789,18.290000915527344,12.020000457763672,17.989999771118164,0
2019-01-24,17.43000030517578,18.3799991607666,14.539999961853027,18.09000015258789,0
2019-01-25,17.690000534057617,18.139999389648438,14.369999885559082,17.43000030517578,0
2019-01-28,18.899999618530273,19.280000686645508,14.59000015258789,17.690000534057617,0
2019-01-29,18.43000030517578,19.799999237060547,18.040000915527344,18.899999618530273,0
2019-01-30,17.850000381469727,18.43000030517578,15.979999542236328,18.43000030517578,0
2019-01-31,17.1200008392334,17.850000381469727,16.450000762939453,17.850000381469727,0
2019-02-01,15.720000267028809,17.18000030517578,15.550000190734863,17.1200008392334,0
2019-02-04,15.720000267028809,16.450000762939453,14.970000267028809,15.720000267028809,0
2019-02-05,15.779999732971191,15.979999542236328,14.609999656677246,15.720000267028809,0
2019-02-06,15.630000114440918,15.970000267028809,12.829999923706055,15.779999732971191,0
2019-02-07,15.4399995803833,16.219999313354492,13.600000381469727,15.630000114440918,0
2019-02-08,15.569999694824219,15.819999694824219,12.970000267028809,15.4399995803833,0
2019-02-11,15.84000015258789,16.360000610351562,13.460000038146973,15.569999694824219,0
2019-02-12,15.75,15.979999542236328,13.229999542236328,15.84000015258789,0
2019-02-14,15.770000457763672,16.579999923706055,12.09000015258789,15.729999542236328,0
2019-02-15,16.459999084472656,17.540000915527344,12.449999809265137,15.770000457763672,0
2019-02-18,18.0,18.190000534057617,11.850000381469727,16.459999084472656,0
2019-02-19,18.469999313354492,18.610000610351562,15.260000228881836,18.0,0
2019-02-20,17.059999465942383,18.469999313354492,15.239999771118164,18.469999313354492,0
2019-02-21,16.049999237060547,17.170000076293945,12.130000114440918,17.059999465942383,0
2019-02-22,15.449999809265137,16.049999237060547,12.319999694824219,16.049999237060547,0
2019-02-25,15.359999656677246,16.040000915527344,11.699999809265137,15.449999809265137,0
2019-02-26,17.110000610351562,18.100000381469727,13.119999885559082,15.359999656677246,0
2019-02-27,18.899999618530273,19.979999542236328,14.130000114440918,17.110000610351562,0
2019-02-28,18.280000686645508,18.899999618530273,17.06999969482422,18.899999618530273,0
2019-03-01,16.270000457763672,18.280000686645508,15.899999618530273,18.280000686645508,0
2019-03-05,15.65999984741211,16.860000610351562,15.449999809265137,16.270000457763672,0
2019-03-06,15.609999656677246,15.739999771118164,14.289999961853027,15.65999984741211,0
2019-03-07,15.289999961853027,15.6899995803833,14.3100004196167,15.609999656677246,0
2019-03-08,14.9399995803833,15.40999984741211,12.920000076293945,15.289999961853027,0
2019-03-11,14.899999618530273,15.380000114440918,13.670000076293945,14.9399995803833,0
2019-03-12,15.100000381469727,15.199999809265137,13.84000015258789,14.899999618530273,0
2019-03-13,15.279999732971191,15.600000381469727,12.300000190734863,15.100000381469727,0
2019-03-14,15.149999618530273,15.520000457763672,13.760000228881836,15.279999732971191,0
2019-03-15,15.869999885559082,16.389999389648438,11.850000381469727,15.149999618530273,0
2019-03-18,16.899999618530273,17.190000534057617,14.270000457763672,15.869999885559082,0
2019-03-19,16.489999771118164,17.18000030517578,14.550000190734863,16.899999618530273,0
2019-03-20,16.030000686645508,16.489999771118164,14.489999771118164,16.489999771118164,0
2019-03-22,16.270000457763672,16.809999465942383,12.680000305175781,16.030000686645508,0
2019-03-25,16.670000076293945,17.030000686645508,14.260000228881836,16.270000457763672,0
2019-03-26,16.489999771118164,16.670000076293945,15.520000457763672,16.670000076293945,0
2019-03-27,17.049999237060547,17.420000076293945,14.550000190734863,16.489999771118164,0
2019-03-28,16.649999618530273,17.329999923706055,15.75,17.049999237060547,0
2019-04-01,18.010000228881836,18.219999313354492,17.18000030517578,17.18000030517578,0
2019-04-02,18.079999923706055,18.549999237060547,17.440000534057617,18.010000228881836,0
2019-04-03,18.780000686645508,18.8799991607666,17.290000915527344,18.079999923706055,0
2019-04-04,18.649999618530273,19.329999923706055,18.25,18.780000686645508,0
2019-04-05,18.389999389648438,19.079999923706055,16.760000228881836,18.649999618530273,0
2019-04-08,20.149999618530273,20.459999084472656,18.389999389648438,18.389999389648438,0
2019-04-09,20.280000686645508,20.65999984741211,16.549999237060547,20.149999618530273,0
2019-04-10,21.1299991607666,21.280000686645508,18.700000762939453,20.280000686645508,0
2019-04-11,20.959999084472656,21.34000015258789,19.40999984741211,21.1299991607666,0
2019-04-12,21.0,21.299999237060547,18.68000030517578,20.959999084472656,0
2019-04-15,21.389999389648438,22.239999771118164,18.760000228881836,21.0,0
2019-04-16,21.690000534057617,21.889999389648438,19.670000076293945,21.389999389648438,0
2019-04-18,22.739999771118164,23.049999237060547,18.5,21.690000534057617,0
2019-04-22,24.049999237060547,24.559999465942383,20.40999984741211,22.739999771118164,0
2019-04-23,24.649999618530273,26.31999969482422,22.780000686645508,24.049999237060547,0
2019-04-24,23.709999084472656,25.1299991607666,23.450000762939453,24.649999618530273,0
2019-04-25,23.229999542236328,25.540000915527344,22.729999542236328,23.709999084472656,0
2019-04-26,21.719999313354492,23.959999084472656,21.43000030517578,23.229999542236328,0
2019-04-30,21.829999923706055,22.780000686645508,20.760000228881836,21.719999313354492,0
2019-05-02,22.979999542236328,23.270000457763672,21.770000457763672,21.829999923706055,0
2019-05-03,24.030000686645508,24.149999618530273,21.100000381469727,22.979999542236328,0
2019-05-06,26.43000030517578,27.84000015258789,19.739999771118164,24.030000686645508,0
2019-05-07,26.479999542236328,26.809999465942383,23.09000015258789,26.43000030517578,0
2019-05-08,26.3700008392334,27.030000686645508,23.25,26.479999542236328,0
2019-05-09,25.489999771118164,26.5,23.489999771118164,26.3700008392334,0
2019-05-10,26.34000015258789,26.530000686645508,24.540000915527344,25.489999771118164,0
2019-05-13,27.3799991607666,28.059999465942383,23.709999084472656,26.34000015258789,0
2019-05-14,27.1299991607666,27.760000228881836,22.389999389648438,27.3799991607666,0
2019-05-15,28.65999984741211,29.079999923706055,23.18000030517578,27.1299991607666,0
2019-05-16,28.3700008392334,29.329999923706055,23.780000686645508,28.65999984741211,0
2019-05-17,28.079999923706055,29.229999542236328,25.5,28.3700008392334,0
2019-05-20,23.68000030517578,28.079999923706055,19.760000228881836,28.079999923706055,0
2019-05-21,25.649999618530273,28.100000381469727,20.239999771118164,23.68000030517578,0
2019-05-22,27.6299991607666,30.18000030517578,19.040000915527344,25.649999618530273,0
2019-05-23,19.40999984741211,27.6299991607666,18.959999084472656,27.6299991607666,0
2019-05-24,16.469999313354492,19.40999984741211,14.489999771118164,19.40999984741211,0
2019-05-27,16.190000534057617,17.34000015258789,13.479999542236328,16.469999313354492,0
2019-05-28,15.920000076293945,16.540000915527344,15.380000114440918,16.190000534057617,0
2019-05-29,16.40999984741211,16.510000228881836,14.479999542236328,15.920000076293945,0
2019-05-30,15.609999656677246,16.40999984741211,14.850000381469727,16.40999984741211,0
2019-05-31,16.06999969482422,16.790000915527344,14.1899995803833,15.609999656677246,0
2019-06-03,15.970000267028809,16.229999542236328,14.079999923706055,16.06999969482422,0
2019-06-04,15.630000114440918,15.970000267028809,14.670000076293945,15.970000267028809,0
2019-06-06,15.529999732971191,15.930000305175781,13.979999542236328,15.630000114440918,0
2019-06-07,14.859999656677246,15.729999542236328,13.630000114440918,15.529999732971191,0
2019-06-10,14.979999542236328,15.449999809265137,13.449999809265137,14.859999656677246,0
2019-06-11,14.489999771118164,14.979999542236328,13.479999542236328,14.979999542236328,0
2019-06-12,14.119999885559082,14.710000038146973,13.3100004196167,14.489999771118164,0
2019-06-13,13.65999984741211,14.289999961853027,13.279999732971191,14.119999885559082,0
2019-06-14,13.899999618530273,14.119999885559082,12.640000343322754,13.65999984741211,0
2019-06-17,14.649999618530273,14.960000038146973,13.520000457763672,13.899999618530273,0
2019-06-18,14.600000381469727,14.970000267028809,11.739999771118164,14.649999618530273,0
2019-06-19,14.729999542236328,15.300000190734863,10.789999961853027,14.600000381469727,0
2019-06-20,14.0,15.1899995803833,12.84000015258789,14.729999542236328,0
2019-06-21,14.609999656677246,14.829999923706055,10.600000381469727,14.0,0
2019-06-24,15.220000267028809,15.670000076293945,11.859999656677246,14.609999656677246,0
2019-06-25,15.010000228881836,15.59000015258789,14.930000305175781,15.220000267028809,0
2019-06-26,14.75,15.199999809265137,14.390000343322754,15.010000228881836,0
2019-06-27,14.649999618530273,14.890000343322754,13.649999618530273,14.75,0
2019-06-28,14.949999809265137,15.069999694824219,14.0,14.649999618530273,0
2019-07-01,14.600000381469727,15.020000457763672,14.470000267028809,14.949999809265137,0
2019-07-02,14.25,14.829999923706055,14.029999732971191,14.600000381469727,0
2019-07-03,13.699999809265137,14.319999694824219,13.520000457763672,14.25,0
2019-07-04,13.529999732971191,13.699999809265137,13.010000228881836,13.699999809265137,0
2019-07-05,13.069999694824219,13.970000267028809,12.670000076293945,13.529999732971191,0
2019-07-08,13.850000381469727,14.039999961853027,12.109999656677246,13.069999694824219,0
2019-07-09,13.6899995803833,14.220000267028809,13.350000381469727,13.850000381469727,0
2019-07-10,13.640000343322754,13.960000038146973,12.399999618530273,13.6899995803833,0
2019-07-11,12.470000267028809,13.640000343322754,12.180000305175781,13.640000343322754,0
2019-07-12,12.0,12.550000190734863,11.550000190734863,12.470000267028809,0
2019-07-15,12.020000457763672,12.520000457763672,10.640000343322754,12.0,0
2019-07-16,11.5600004196167,12.020000457763672,11.0600004196167,12.020000457763672,0
2019-07-17,11.800000190734863,11.90999984741211,9.15999984741211,11.5600004196167,0
2019-07-18,11.75,11.979999542236328,9.220000267028809,11.800000190734863,0
2019-07-19,12.520000457763672,12.680000305175781,10.59000015258789,11.75,0
2019-07-22,13.010000228881836,13.399999618530273,11.5600004196167,12.520000457763672,0
2019-07-23,13.430000305175781,13.779999732971191,11.59000015258789,13.010000228881836,0
2019-07-24,12.760000228881836,14.479999542236328,11.850000381469727,13.430000305175781,0
2019-07-25,12.640000343322754,13.550000190734863,12.0,12.760000228881836,0
2019-07-26,12.130000114440918,13.3100004196167,11.920000076293945,12.640000343322754,0
2019-07-29,13.0600004196167,13.529999732971191,12.039999961853027,12.130000114440918,0
2019-07-30,13.609999656677246,13.869999885559082,12.5,13.0600004196167,0
2019-07-31,13.59000015258789,14.550000190734863,13.420000076293945,13.609999656677246,0
2019-08-01,14.5600004196167,15.279999732971191,13.270000457763672,13.59000015258789,0
2019-08-02,15.1899995803833,16.15999984741211,14.4399995803833,14.5600004196167,0
2019-08-05,16.59000015258789,17.81999969482422,15.1899995803833,15.1899995803833,0
2019-08-06,16.1200008392334,16.790000915527344,15.59000015258789,16.59000015258789,0
2019-08-07,16.739999771118164,16.90999984741211,15.739999771118164,16.1200008392334,0
2019-08-08,16.09000015258789,16.739999771118164,15.520000457763672,16.739999771118164,0
2019-08-09,15.850000381469727,16.15999984741211,15.029999732971191,16.09000015258789,0
2019-08-13,17.780000686645508,18.010000228881836,15.119999885559082,15.850000381469727,0
2019-08-14,16.360000610351562,17.780000686645508,16.110000610351562,17.780000686645508,0
2019-08-16,16.649999618530273,17.43000030517578,15.989999771118164,16.360000610351562,0
2019-08-19,16.75,17.020000457763672,14.710000038146973,16.649999618530273,0
2019-08-20,16.6299991607666,17.100000381469727,15.109999656677246,16.75,0
2019-08-21,17.020000457763672,17.329999923706055,14.0,16.6299991607666,0
2019-08-22,17.850000381469727,18.1200008392334,14.489999771118164,17.020000457763672,0
2019-08-23,17.350000381469727,18.260000228881836,13.699999809265137,17.850000381469727,0
2019-08-26,16.65999984741211,19.149999618530273,13.699999809265137,17.350000381469727,0
2019-08-27,16.010000228881836,16.829999923706055,14.420000076293945,16.65999984741211,0
2019-08-28,16.84000015258789,17.3799991607666,14.119999885559082,16.010000228881836,0
2019-08-29,16.43000030517578,17.450000762939453,13.869999885559082,16.84000015258789,0
2019-08-30,16.280000686645508,17.3799991607666,15.1899995803833,16.43000030517578,0
2019-09-03,18.059999465942383,18.270000457763672,16.280000686645508,16.280000686645508,0
2019-09-04,17.239999771118164,18.309999465942383,17.1299991607666,18.059999465942383,0
2019-09-05,17.270000457763672,17.700000762939453,16.059999465942383,17.239999771118164,0
2019-09-06,16.270000457763672,17.270000457763672,15.890000343322754,17.270000457763672,0
2019-09-09,15.850000381469727,16.639999389648438,13.670000076293945,16.270000457763672,0
2019-09-11,15.369999885559082,15.850000381469727,14.649999618530273,15.850000381469727,0
2019-09-12,14.899999618530273,15.369999885559082,14.609999656677246,15.369999885559082,0
2019-09-13,14.119999885559082,15.199999809265137,13.890000343322754,14.899999618530273,0
2019-09-16,14.949999809265137,15.3100004196167,14.119999885559082,14.119999885559082,0
2019-09-17,16.020000457763672,16.309999465942383,13.279999732971191,14.949999809265137,0
2019-09-18,15.350000381469727,16.190000534057617,13.90999984741211,16.020000457763672,0
2019-09-19,15.550000190734863,15.970000267028809,14.180000305175781,15.350000381469727,0
2019-09-20,15.399999618530273,17.049999237060547,13.829999923706055,15.550000190734863,0
2019-09-23,16.790000915527344,17.639999389648438,14.210000038146973,15.399999618530273,0
2019-09-24,16.729999542236328,18.530000686645508,15.899999618530273,16.790000915527344,0
2019-09-25,16.170000076293945,17.420000076293945,14.100000381469727,16.729999542236328,0
2019-09-26,16.34000015258789,17.010000228881836,13.640000343322754,16.170000076293945,0
2019-09-27,16.110000610351562,16.81999969482422,15.930000305175781,16.34000015258789,0
2019-09-30,15.869999885559082,16.510000228881836,15.800000190734863,16.110000610351562,0
2019-10-01,16.760000228881836,18.219999313354492,14.949999809265137,15.869999885559082,0
2019-10-03,17.700000762939453,18.049999237060547,16.420000076293945,16.760000228881836,0
2019-10-04,17.579999923706055,17.950000762939453,16.350000381469727,17.700000762939453,0
2019-10-07,17.829999923706055,18.43000030517578,16.989999771118164,17.579999923706055,0
2019-10-09,17.15999984741211,18.329999923706055,16.34000015258789,17.829999923706055,0
2019-10-10,17.229999542236328,17.540000915527344,15.729999542236328,17.15999984741211,0
2019-10-11,17.139999389648438,18.280000686645508,15.779999732971191,17.229999542236328,0
2019-10-14,17.43000030517578,17.959999084472656,17.059999465942383,17.139999389648438,0
2019-10-15,16.850000381469727,17.43000030517578,16.690000534057617,17.43000030517578,0
2019-10-16,16.360000610351562,16.950000762939453,15.5,16.850000381469727,0
2019-10-17,15.880000114440918,16.360000610351562,15.520000457763672,16.360000610351562,0
2019-10-18,15.930000305175781,16.149999618530273,14.989999771118164,15.880000114440918,0
2019-10-22,16.809999465942383,17.1200008392334,13.569999694824219,15.930000305175781,0
2019-10-23,16.540000915527344,16.850000381469727,14.829999923706055,16.809999465942383,0
2019-10-24,16.239999771118164,16.780000686645508,14.710000038146973,16.540000915527344,0
2019-10-25,15.319999694824219,16.239999771118164,15.199999809265137,16.239999771118164,0
2019-10-29,16.420000076293945,16.549999237060547,15.5,15.59000015258789,0
2019-10-30,16.65999984741211,16.850000381469727,16.25,16.420000076293945,0
2019-10-31,16.280000686645508,16.799999237060547,15.5,16.65999984741211,0
2019-11-01,15.729999542236328,16.469999313354492,15.170000076293945,16.280000686645508,0
2019-11-04,15.930000305175781,16.360000610351562,13.5,15.729999542236328,0
2019-11-05,15.920000076293945,16.34000015258789,13.510000228881836,15.930000305175781,0
2019-11-06,15.779999732971191,16.149999618530273,13.380000114440918,15.920000076293945,0
2019-11-07,15.210000038146973,15.920000076293945,13.529999732971191,15.779999732971191,0
2019-11-08,15.859999656677246,15.989999771118164,13.710000038146973,15.210000038146973,0
2019-11-11,16.25,16.770000457763672,15.199999809265137,15.859999656677246,0
2019-11-13,16.459999084472656,16.670000076293945,14.470000267028809,16.25,0
2019-11-14,15.649999618530273,16.459999084472656,14.09000015258789,16.459999084472656,0
2019-11-15,15.029999732971191,15.649999618530273,12.520000457763672,15.649999618530273,0
2019-11-18,15.760000228881836,16.06999969482422,12.670000076293945,15.029999732971191,0
2019-11-19,15.40999984741211,15.760000228881836,12.609999656677246,15.760000228881836,0
2019-11-20,15.15999984741211,15.40999984741211,11.609999656677246,15.40999984741211,0
2019-11-21,14.979999542236328,15.600000381469727,12.609999656677246,15.15999984741211,0
2019-11-22,14.869999885559082,15.880000114440918,12.239999771118164,14.979999542236328,0
2019-11-25,15.0,15.210000038146973,13.0,14.869999885559082,0
2019-11-26,14.84000015258789,15.130000114440918,13.109999656677246,15.0,0
2019-11-27,14.619999885559082,14.84000015258789,12.359999656677246,14.84000015258789,0
2019-11-28,13.989999771118164,14.619999885559082,12.890000343322754,14.619999885559082,0
2019-11-29,13.899999618530273,14.289999961853027,13.140000343322754,13.989999771118164,0
2019-12-02,14.199999809265137,15.850000381469727,13.5,13.899999618530273,0
2019-12-03,14.5600004196167,16.34000015258789,12.069999694824219,14.199999809265137,0
2019-12-04,13.319999694824219,15.869999885559082,12.260000228881836,14.5600004196167,0
2019-12-05,14.3100004196167,15.119999885559082,12.829999923706055,13.319999694824219,0
2019-12-06,13.640000343322754,14.720000267028809,11.40999984741211,14.3100004196167,0
2019-12-09,14.600000381469727,15.359999656677246,12.470000267028809,13.640000343322754,0
2019-12-10,14.289999961853027,15.65999984741211,11.739999771118164,14.600000381469727,0
2019-12-11,13.380000114440918,14.449999809265137,11.710000038146973,14.289999961853027,0
2019-12-12,13.350000381469727,13.770000457763672,11.829999923706055,13.380000114440918,0
2019-12-13,13.300000190734863,14.670000076293945,12.1899995803833,13.350000381469727,0
2019-12-16,13.420000076293945,14.109999656677246,12.5,13.300000190734863,0
2019-12-17,12.520000457763672,13.430000305175781,11.960000038146973,13.420000076293945,0
2019-12-18,12.34000015258789,12.720000267028809,11.390000343322754,12.520000457763672,0
2019-12-19,12.119999885559082,12.420000076293945,11.329999923706055,12.34000015258789,0
2019-12-20,12.329999923706055,12.729999542236328,11.899999618530273,12.119999885559082,0
2019-12-23,11.960000038146973,14.510000228881836,10.699999809265137,12.329999923706055,0
2019-12-24,11.630000114440918,13.3100004196167,10.890000343322754,11.960000038146973,0
2019-12-26,11.119999885559082,12.350000381469727,10.84000015258789,11.630000114440918,0
2019-12-27,10.529999732971191,11.470000267028809,10.430000305175781,11.119999885559082,0
2019-12-30,11.010000228881836,11.449999809265137,9.619999885559082,10.529999732971191,0
2019-12-31,11.670000076293945,11.789999961853027,10.4399995803833,11.010000228881836,0
2020-01-02,11.489999771118164,11.699999809265137,10.729999542236328,11.600000381469727,0
2020-01-03,12.699999809265137,12.9399995803833,10.6899995803833,11.489999771118164,0
2020-01-06,14.779999732971191,15.100000381469727,12.699999809265137,12.699999809265137,0
2020-01-07,14.609999656677246,14.90999984741211,14.460000038146973,14.779999732971191,0
2020-01-08,15.640000343322754,16.389999389648438,13.789999961853027,14.609999656677246,0
2020-01-09,14.0,15.640000343322754,13.0,15.640000343322754,0
2020-01-10,14.079999923706055,14.25,13.180000305175781,14.0,0
2020-01-13,14.279999732971191,14.5,13.579999923706055,14.079999923706055,0
2020-01-14,13.90999984741211,14.279999732971191,13.0600004196167,14.279999732971191,0
2020-01-15,14.119999885559082,14.460000038146973,13.59000015258789,13.90999984741211,0
2020-01-16,14.180000305175781,14.369999885559082,12.600000381469727,14.119999885559082,0
2020-01-17,14.130000114440918,14.529999732971191,12.5,14.180000305175781,0
2020-01-20,15.40999984741211,15.5,12.470000267028809,14.130000114440918,0
2020-01-21,15.859999656677246,16.040000915527344,15.069999694824219,15.40999984741211,0
2020-01-22,16.360000610351562,16.610000610351562,15.359999656677246,15.859999656677246,0
2020-01-23,15.859999656677246,16.709999084472656,15.779999732971191,16.360000610351562,0
2020-01-24,15.5600004196167,16.219999313354492,14.59000015258789,15.859999656677246,0
2020-01-27,17.18000030517578,17.34000015258789,14.680000305175781,15.5600004196167,0
2020-01-28,17.299999237060547,17.610000610351562,16.959999084472656,17.18000030517578,0
2020-01-29,16.5,17.299999237060547,15.649999618530273,17.299999237060547,0
2020-01-30,16.799999237060547,17.139999389648438,15.380000114440918,16.5,0
2020-01-31,17.3700008392334,17.59000015258789,14.899999618530273,16.799999237060547,0
2020-02-03,15.779999732971191,17.030000686645508,15.479999542236328,16.84000015258789,0
2020-02-04,14.380000114440918,15.779999732971191,14.3100004196167,15.779999732971191,0
2020-02-05,14.170000076293945,14.529999732971191,13.819999694824219,14.380000114440918,0
2020-02-06,13.779999732971191,14.239999771118164,12.649999618530273,14.170000076293945,0
2020-02-07,13.75,13.989999771118164,12.979999542236328,13.779999732971191,0
2020-02-10,14.210000038146973,14.600000381469727,12.970000267028809,13.75,0
2020-02-11,13.880000114440918,14.210000038146973,11.380000114440918,14.210000038146973,0
2020-02-12,13.619999885559082,13.880000114440918,13.149999618530273,13.880000114440918,0
2020-02-13,13.369999885559082,13.670000076293945,11.800000190734863,13.619999885559082,0
2020-02-14,13.619999885559082,13.989999771118164,11.899999618530273,13.369999885559082,0
2020-02-17,14.420000076293945,14.619999885559082,13.380000114440918,13.619999885559082,0
2020-02-18,14.510000228881836,14.819999694824219,11.380000114440918,14.420000076293945,0
2020-02-19,14.020000457763672,14.510000228881836,13.479999542236328,14.510000228881836,0
2020-02-20,13.699999809265137,14.029999732971191,10.15999984741211,14.020000457763672,0
2020-02-24,17.0,17.3799991607666,12.300000190734863,13.699999809265137,0
2020-02-25,16.899999618530273,17.31999969482422,15.619999885559082,17.0,0
2020-02-26,18.260000228881836,18.860000610351562,16.5,16.899999618530273,0
2020-02-27,17.770000457763672,19.15999984741211,16.829999923706055,18.260000228881836,0
2020-02-28,23.239999771118164,23.700000762939453,17.479999542236328,17.770000457763672,0
2020-03-02,25.200000762939453,26.34000015258789,19.920000076293945,23.239999771118164,0
2020-03-03,24.540000915527344,26.489999771118164,21.540000915527344,25.200000762939453,0
2020-03-04,24.229999542236328,26.290000915527344,22.43000030517578,24.540000915527344,0
2020-03-05,23.25,24.229999542236328,22.1299991607666,24.229999542236328,0
2020-03-06,25.639999389648438,27.549999237060547,23.25,23.25,0
2020-03-09,30.799999237060547,34.349998474121094,21.43000030517578,25.639999389648438,0
2020-03-11,31.559999465942383,33.2400016784668,29.649999618530273,30.799999237060547,0
2020-03-12,41.15999984741211,42.33000183105469,29.809999465942383,31.559999465942383,0
2020-03-13,51.470001220703125,59.47999954223633,41.15999984741211,41.15999984741211,0
2020-03-16,58.880001068115234,59.869998931884766,51.470001220703125,51.470001220703125,0
2020-03-17,62.93000030517578,63.439998626708984,57.25,58.880001068115234,0
2020-03-18,63.959999084472656,64.58000183105469,61.150001525878906,62.93000030517578,0
2020-03-19,72.19999694824219,73.33999633789062,63.099998474121094,63.959999084472656,0
2020-03-20,67.0999984741211,72.97000122070312,65.37999725341797,72.19999694824219,0
2020-03-23,71.98999786376953,73.37000274658203,66.31999969482422,67.0999984741211,0
2020-03-24,83.61000061035156,86.63999938964844,71.98999786376953,71.98999786376953,0
2020-03-25,77.62999725341797,84.5999984741211,75.97000122070312,83.61000061035156,0
2020-03-26,71.52999877929688,79.41000366210938,70.68000030517578,77.62999725341797,0
2020-03-27,70.38999938964844,73.02999877929688,65.62999725341797,71.52999877929688,0
2020-03-30,71.88999938964844,73.36000061035156,70.27999877929688,70.38999938964844,0
2020-03-31,64.41000366210938,71.88999938964844,63.61000061035156,71.88999938964844,0
2020-04-01,60.04999923706055,64.41000366210938,59.779998779296875,64.41000366210938,0
2020-04-03,55.29999923706055,60.59000015258789,54.900001525878906,60.04999923706055,0
2020-04-07,51.79999923706055,55.29999923706055,49.939998626708984,55.29999923706055,0
2020-04-08,52.2400016784668,53.72999954223633,46.97999954223633,51.79999923706055,0
2020-04-09,49.75,52.2400016784668,46.900001525878906,52.2400016784668,0
2020-04-13,51.459999084472656,52.4900016784668,43.63999938964844,49.75,0
2020-04-15,49.7400016784668,51.459999084472656,44.650001525878906,51.459999084472656,0
2020-04-16,46.099998474121094,49.7400016784668,42.2599983215332,49.7400016784668,0
2020-04-17,42.59000015258789,46.099998474121094,40.310001373291016,46.099998474121094,0
2020-04-20,43.459999084472656,44.040000915527344,40.29999923706055,42.59000015258789,0
2020-04-21,45.20000076293945,45.959999084472656,36.220001220703125,43.459999084472656,0
2020-04-22,42.81999969482422,45.43000030517578,40.470001220703125,45.20000076293945,0
2020-04-23,39.22999954223633,42.81999969482422,37.0,42.81999969482422,0
2020-04-24,39.119998931884766,39.95000076293945,34.97999954223633,39.22999954223633,0
2020-04-27,38.040000915527344,40.16999816894531,35.209999084472656,39.119998931884766,0
2020-04-28,35.349998474121094,41.90999984741211,35.06999969482422,38.040000915527344,0
2020-04-29,33.84000015258789,35.349998474121094,31.479999542236328,35.349998474121094,0
2020-04-30,33.9900016784668,34.25,32.529998779296875,33.84000015258789,0
2020-05-04,43.66999816894531,43.91999816894531,33.9900016784668,33.9900016784668,0
2020-05-05,43.61000061035156,43.869998931884766,38.150001525878906,43.66999816894531,0
2020-05-06,41.25,43.630001068115234,40.20000076293945,43.61000061035156,0
2020-05-07,39.93000030517578,41.720001220703125,39.65999984741211,41.25,0
2020-05-08,38.40999984741211,39.93000030517578,36.54999923706055,39.93000030517578,0
2020-05-11,38.040000915527344,38.4900016784668,36.95000076293945,38.40999984741211,0
2020-05-12,38.209999084472656,38.810001373291016,35.2400016784668,38.040000915527344,0
2020-05-13,38.84000015258789,39.04999923706055,33.439998626708984,38.209999084472656,0
2020-05-14,38.18000030517578,38.84000015258789,35.79999923706055,38.84000015258789,0
2020-05-15,38.02000045776367,38.459999084472656,34.060001373291016,38.18000030517578,0
2020-05-18,40.91999816894531,41.25,27.940000534057617,38.02000045776367,0
2020-05-19,39.45000076293945,40.91999816894531,37.95000076293945,40.91999816894531,0
2020-05-20,35.810001373291016,39.45000076293945,34.099998474121094,39.45000076293945,0
2020-05-21,32.9900016784668,35.810001373291016,32.58000183105469,35.810001373291016,0
2020-05-22,32.380001068115234,34.36000061035156,26.34000015258789,32.9900016784668,0
2020-05-26,31.469999313354492,33.209999084472656,30.969999313354492,32.380001068115234,0
2020-05-27,31.270000457763672,32.02000045776367,28.860000610351562,31.469999313354492,0
2020-05-28,30.020000457763672,31.270000457763672,29.200000762939453,31.270000457763672,0
2020-05-29,30.219999313354492,30.56999969482422,27.40999984741211,30.020000457763672,0
2020-06-01,30.739999771118164,32.16999816894531,28.829999923706055,30.219999313354492,0
2020-06-02,30.1200008392334,30.920000076293945,27.899999618530273,30.739999771118164,0
2020-06-03,30.040000915527344,30.399999618530273,29.34000015258789,30.1200008392334,0
2020-06-04,29.690000534057617,30.270000457763672,28.450000762939453,30.040000915527344,0
2020-06-05,28.68000030517578,29.690000534057617,25.920000076293945,29.690000534057617,0
2020-06-08,29.649999618530273,30.149999618530273,27.799999237060547,28.68000030517578,0
2020-06-09,30.209999084472656,30.34000015258789,27.239999771118164,29.649999618530273,0
2020-06-10,29.440000534057617,30.209999084472656,28.729999542236328,30.209999084472656,0
2020-06-11,29.65999984741211,30.420000076293945,28.389999389648438,29.440000534057617,0
2020-06-12,30.81999969482422,32.880001068115234,29.65999984741211,29.65999984741211,0
2020-06-15,32.58000183105469,33.779998779296875,29.920000076293945,30.81999969482422,0
2020-06-16,32.970001220703125,35.310001373291016,30.40999984741211,32.58000183105469,0
2020-06-17,33.349998474121094,34.02000045776367,29.049999237060547,32.970001220703125,0
2020-06-18,31.459999084472656,33.41999816894531,31.219999313354492,33.349998474121094,0
2020-06-19,29.969999313354492,31.90999984741211,29.68000030517578,31.459999084472656,0
2020-06-22,30.459999084472656,30.979999542236328,29.969999313354492,29.969999313354492,0
2020-06-23,29.34000015258789,31.149999618530273,29.239999771118164,30.459999084472656,0
2020-06-24,29.579999923706055,30.530000686645508,27.790000915527344,29.34000015258789,0
2020-06-25,29.729999542236328,31.290000915527344,29.059999465942383,29.579999923706055,0
2020-06-26,28.739999771118164,30.06999969482422,28.31999969482422,29.729999542236328,0
2020-06-29,28.90999984741211,30.450000762939453,27.979999542236328,28.739999771118164,0
2020-06-30,29.1200008392334,29.6299991607666,28.40999984741211,28.90999984741211,0
2020-07-01,28.1200008392334,29.15999984741211,27.940000534057617,29.1200008392334,0
2020-07-02,26.510000228881836,28.1200008392334,26.31999969482422,28.1200008392334,0
2020-07-03,25.770000457763672,26.780000686645508,25.6299991607666,26.510000228881836,0
2020-07-06,25.200000762939453,26.18000030517578,24.540000915527344,25.770000457763672,0
2020-07-07,25.100000381469727,25.649999618530273,24.239999771118164,25.200000762939453,0
2020-07-08,26.100000381469727,26.360000610351562,25.030000686645508,25.100000381469727,0
2020-07-09,24.90999984741211,27.65999984741211,24.739999771118164,26.100000381469727,0
2020-07-10,24.940000534057617,25.479999542236328,23.489999771118164,24.90999984741211,0
2020-07-13,25.25,25.90999984741211,22.809999465942383,24.940000534057617,0
2020-07-14,26.639999389648438,27.270000457763672,25.25,25.25,0
2020-07-15,26.290000915527344,26.639999389648438,23.739999771118164,26.639999389648438,0
2020-07-16,25.360000610351562,26.600000381469727,25.25,26.290000915527344,0
2020-07-17,24.15999984741211,25.5,23.770000457763672,25.360000610351562,0
2020-07-20,24.709999084472656,25.1200008392334,24.15999984741211,24.15999984741211,0
2020-07-21,24.43000030517578,24.709999084472656,23.729999542236328,24.709999084472656,0
2020-07-22,24.889999389648438,25.799999237060547,23.729999542236328,24.43000030517578,0
2020-07-23,24.639999389648438,24.940000534057617,24.010000228881836,24.889999389648438,0
2020-07-24,24.540000915527344,25.299999237060547,22.739999771118164,24.639999389648438,0
2020-07-27,25.020000457763672,25.719999313354492,23.290000915527344,24.540000915527344,0
2020-07-28,23.639999389648438,25.219999313354492,23.549999237060547,25.020000457763672,0
2020-07-29,24.110000610351562,24.5,23.639999389648438,23.639999389648438,0
2020-07-30,24.729999542236328,25.139999389648438,22.09000015258789,24.110000610351562,0
2020-07-31,24.190000534057617,25.3700008392334,23.969999313354492,24.729999542236328,0
2020-08-03,25.190000534057617,25.690000534057617,23.260000228881836,24.190000534057617,0
2020-08-04,23.81999969482422,25.190000534057617,23.559999465942383,25.190000534057617,0
2020-08-05,23.56999969482422,23.93000030517578,21.829999923706055,23.81999969482422,0
2020-08-06,23.149999618530273,23.709999084472656,22.530000686645508,23.56999969482422,0
2020-08-07,22.579999923706055,23.309999465942383,21.760000228881836,23.149999618530273,0
2020-08-10,22.510000228881836,23.020000457763672,21.450000762939453,22.579999923706055,0
2020-08-11,21.360000610351562,22.510000228881836,20.219999313354492,22.510000228881836,0
2020-08-12,20.850000381469727,21.920000076293945,16.850000381469727,21.360000610351562,0
2020-08-13,20.56999969482422,21.190000534057617,19.459999084472656,20.850000381469727,0
2020-08-14,21.670000076293945,22.969999313354492,16.34000015258789,20.56999969482422,0
2020-08-17,21.309999465942383,22.8799991607666,19.559999465942383,21.670000076293945,0
2020-08-18,20.43000030517578,21.309999465942383,18.25,21.309999465942383,0
2020-08-19,19.959999084472656,20.43000030517578,17.84000015258789,20.43000030517578,0
2020-08-20,20.6200008392334,21.079999923706055,17.65999984741211,19.959999084472656,0
2020-08-21,19.940000534057617,20.6200008392334,14.890000343322754,20.6200008392334,0
2020-08-24,19.229999542236328,20.06999969482422,17.889999389648438,19.940000534057617,0
2020-08-25,19.31999969482422,19.809999465942383,15.420000076293945,19.229999542236328,0
2020-08-26,19.299999237060547,19.59000015258789,17.219999313354492,19.31999969482422,0
2020-08-27,18.899999618530273,19.469999313354492,17.450000762939453,19.299999237060547,0
2020-08-28,18.350000381469727,18.899999618530273,16.65999984741211,18.899999618530273,0
2020-08-31,22.84000015258789,23.8700008392334,16.399999618530273,18.350000381469727,0
2020-09-01,21.799999237060547,23.239999771118164,21.110000610351562,22.84000015258789,0
2020-09-02,21.110000610351562,22.5,19.850000381469727,21.799999237060547,0
2020-09-03,20.5,21.110000610351562,18.15999984741211,21.110000610351562,0
2020-09-04,22.149999618530273,22.649999618530273,19.860000610351562,20.5,0
2020-09-07,22.010000228881836,23.25,17.25,22.149999618530273,0
2020-09-08,22.719999313354492,23.06999969482422,17.56999969482422,22.010000228881836,0
2020-09-09,22.229999542236328,23.270000457763672,20.200000762939453,22.719999313354492,0
2020-09-10,21.260000228881836,22.229999542236328,17.700000762939453,22.229999542236328,0
2020-09-11,20.709999084472656,21.350000381469727,18.170000076293945,21.260000228881836,0
2020-09-14,21.190000534057617,21.739999771118164,17.530000686645508,20.709999084472656,0
2020-09-15,20.600000381469727,21.190000534057617,18.899999618530273,21.190000534057617,0
2020-09-16,19.65999984741211,20.600000381469727,16.329999923706055,20.600000381469727,0
2020-09-17,20.100000381469727,20.68000030517578,17.549999237060547,19.65999984741211,0
2020-09-18,20.049999237060547,20.770000457763672,17.579999923706055,20.100000381469727,0
2020-09-21,22.190000534057617,22.989999771118164,18.270000457763672,20.049999237060547,0
2020-09-22,21.40999984741211,23.280000686645508,15.760000228881836,22.190000534057617,0
2020-09-23,20.989999771118164,22.479999542236328,19.3700008392334,21.40999984741211,0
2020-09-24,23.510000228881836,23.81999969482422,20.93000030517578,20.989999771118164,0
2020-09-25,20.68000030517578,23.510000228881836,18.670000076293945,23.510000228881836,0
2020-09-28,19.56999969482422,21.100000381469727,19.350000381469727,20.68000030517578,0
2020-09-29,19.770000457763672,20.200000762939453,18.43000030517578,19.56999969482422,0
2020-09-30,19.530000686645508,20.219999313354492,17.68000030517578,19.770000457763672,0
2020-10-01,18.350000381469727,19.530000686645508,17.3799991607666,19.530000686645508,0
2020-10-05,19.700000762939453,20.020000457763672,18.350000381469727,18.350000381469727,0
2020-10-06,19.639999389648438,19.889999389648438,18.360000610351562,19.700000762939453,0
2020-10-07,20.059999465942383,20.34000015258789,19.06999969482422,19.639999389648438,0
2020-10-08,20.3799991607666,20.860000610351562,18.979999542236328,20.059999465942383,0
2020-10-09,20.3799991607666,21.010000228881836,17.510000228881836,20.3799991607666,0
2020-10-12,21.1299991607666,22.100000381469727,19.389999389648438,20.3799991607666,0
2020-10-13,20.719999313354492,21.649999618530273,20.530000686645508,21.1299991607666,0
2020-10-14,20.209999084472656,20.959999084472656,18.43000030517578,20.719999313354492,0
2020-10-15,22.059999465942383,22.280000686645508,19.040000915527344,20.209999084472656,0
2020-10-16,21.649999618530273,22.420000076293945,20.489999771118164,22.059999465942383,0
2020-10-19,21.81999969482422,22.31999969482422,15.470000267028809,21.649999618530273,0
2020-10-20,22.690000534057617,22.790000915527344,18.790000915527344,21.81999969482422,0
2020-10-21,22.920000076293945,23.549999237060547,18.3799991607666,22.690000534057617,0
2020-10-22,22.639999389648438,23.520000457763672,17.440000534057617,22.920000076293945,0
2020-10-23,21.829999923706055,22.780000686645508,19.829999923706055,22.639999389648438,0
2020-10-26,22.829999923706055,23.40999984741211,21.31999969482422,21.829999923706055,0
2020-10-27,22.200000762939453,23.170000076293945,22.1200008392334,22.829999923706055,0
2020-10-28,23.280000686645508,23.469999313354492,20.079999923706055,22.200000762939453,0
2020-10-29,24.020000457763672,24.360000610351562,22.280000686645508,23.280000686645508,0
2020-10-30,24.75,26.299999237060547,21.729999542236328,24.020000457763672,0
2020-11-02,25.209999084472656,25.920000076293945,24.219999313354492,24.75,0
2020-11-03,24.239999771118164,25.329999923706055,22.920000076293945,25.209999084472656,0
2020-11-04,23.200000762939453,24.239999771118164,20.670000076293945,24.239999771118164,0
2020-11-05,20.969999313354492,23.200000762939453,19.989999771118164,23.200000762939453,0
2020-11-06,20.5,20.969999313354492,19.280000686645508,20.969999313354492,0
2020-11-09,20.110000610351562,21.049999237060547,17.579999923706055,20.5,0
2020-11-10,21.579999923706055,21.850000381469727,19.899999618530273,20.110000610351562,0
2020-11-11,22.030000686645508,22.3799991607666,19.0,21.579999923706055,0
2020-11-12,20.6200008392334,22.030000686645508,19.790000915527344,22.030000686645508,0
2020-11-13,19.700000762939453,29.530000686645508,19.559999465942383,20.6200008392334,0
2020-11-17,19.799999237060547,20.40999984741211,18.399999618530273,19.1299991607666,0
2020-11-18,19.1200008392334,19.799999237060547,15.720000267028809,19.799999237060547,0
2020-11-19,19.56999969482422,19.979999542236328,16.329999923706055,19.1200008392334,0
2020-11-20,19.6200008392334,19.809999465942383,17.0,19.56999969482422,0
2020-11-23,20.799999237060547,20.860000610351562,16.90999984741211,19.6200008392334,0
2020-11-24,21.059999465942383,22.0,20.020000457763672,20.799999237060547,0
2020-11-25,23.1299991607666,23.5,20.68000030517578,21.059999465942383,0
2020-11-26,20.020000457763672,23.1299991607666,19.440000534057617,23.1299991607666,0
2020-11-27,19.81999969482422,21.280000686645508,17.6299991607666,20.020000457763672,0
2020-12-01,20.18000030517578,21.239999771118164,19.25,19.81999969482422,0
2020-12-02,19.90999984741211,20.549999237060547,17.959999084472656,20.18000030517578,0
2020-12-03,19.0,19.90999984741211,17.719999313354492,19.90999984741211,0
2020-12-04,18.030000686645508,19.040000915527344,16.530000686645508,19.0,0
2020-12-07,18.020000457763672,18.31999969482422,16.950000762939453,18.030000686645508,0
2020-12-08,18.6200008392334,18.799999237060547,16.270000457763672,18.020000457763672,0
2020-12-09,18.920000076293945,19.6299991607666,16.219999313354492,18.6200008392334,0
2020-12-10,18.709999084472656,19.389999389648438,17.420000076293945,18.920000076293945,0
2020-12-11,18.790000915527344,19.290000915527344,17.360000610351562,18.709999084472656,0
2020-12-14,19.399999618530273,19.639999389648438,15.329999923706055,18.790000915527344,0
2020-12-15,19.350000381469727,19.829999923706055,15.6899995803833,19.399999618530273,0
2020-12-16,19.200000762939453,19.399999618530273,18.610000610351562,19.350000381469727,0
2020-12-17,19.15999984741211,21.6200008392334,14.050000190734863,19.200000762939453,0
2020-12-18,18.6200008392334,19.489999771118164,14.5600004196167,19.15999984741211,0
2020-12-21,23.190000534057617,23.68000030517578,18.6200008392334,18.6200008392334,0
2020-12-22,21.989999771118164,24.479999542236328,16.59000015258789,23.190000534057617,0
2020-12-23,20.5,22.079999923706055,19.399999618530273,21.989999771118164,0
2020-12-24,19.969999313354492,20.950000762939453,15.649999618530273,20.5,0
2020-12-28,20.43000030517578,21.020000457763672,18.600000381469727,19.969999313354492,0
2020-12-29,20.790000915527344,21.209999084472656,17.6299991607666,20.43000030517578,0
2020-12-30,21.110000610351562,21.59000015258789,20.790000915527344,20.790000915527344,0
2020-12-31,21.100000381469727,21.510000228881836,19.190000534057617,21.110000610351562,0
2021-01-04,20.030000686645508,21.030000686645508,19.34000015258789,19.559999465942383,0
2021-01-05,20.459999084472656,21.010000228881836,20.030000686645508,20.030000686645508,0
2021-01-06,21.0,21.6299991607666,20.43000030517578,20.459999084472656,0
2021-01-07,20.6200008392334,21.0,20.139999389648438,21.0,0
2021-01-08,20.639999389648438,20.850000381469727,17.3799991607666,20.6200008392334,0
2021-01-11,22.3799991607666,22.75,20.639999389648438,20.639999389648438,0
2021-01-12,22.850000381469727,23.260000228881836,22.290000915527344,22.3799991607666,0
2021-01-13,23.290000915527344,24.049999237060547,22.3700008392334,22.850000381469727,0
2021-01-14,23.030000686645508,23.700000762939453,22.809999465942383,23.290000915527344,0
2021-01-15,24.010000228881836,24.68000030517578,23.030000686645508,23.030000686645508,0
2021-01-18,24.399999618530273,25.40999984741211,23.56999969482422,24.010000228881836,0
2021-01-19,22.899999618530273,24.399999618530273,20.360000610351562,24.399999618530273,0
2021-01-20,21.549999237060547,23.190000534057617,19.329999923706055,22.899999618530273,0
2021-01-21,22.18000030517578,22.780000686645508,18.6200008392334,21.549999237060547,0
2021-01-25,23.25,23.809999465942383,20.34000015258789,22.420000076293945,0
2021-01-27,24.389999389648438,24.75,20.829999923706055,23.25,0
2021-01-28,24.290000915527344,25.299999237060547,23.440000534057617,24.389999389648438,0
2021-01-29,25.34000015258789,25.989999771118164,22.079999923706055,24.290000915527344,0
2021-02-01,23.31999969482422,25.93000030517578,22.600000381469727,25.34000015258789,0
2021-02-02,23.350000381469727,23.610000610351562,21.0,23.31999969482422,0
2021-02-03,23.75,24.200000762939453,20.950000762939453,23.350000381469727,0
2021-02-04,23.1200008392334,23.93000030517578,22.09000015258789,23.75,0
2021-02-05,23.420000076293945,23.940000534057617,20.079999923706055,23.1200008392334,0
2021-02-08,23.959999084472656,24.350000381469727,22.18000030517578,23.420000076293945,0
2021-02-09,24.270000457763672,24.469999313354492,21.43000030517578,23.959999084472656,0
2021-02-10,23.950000762939453,24.959999084472656,20.90999984741211,24.270000457763672,0
2021-02-11,23.049999237060547,24.219999313354492,21.020000457763672,23.950000762939453,0
2021-02-12,22.040000915527344,23.06999969482422,20.889999389648438,23.049999237060547,0
2021-02-16,21.780000686645508,22.1200008392334,20.540000915527344,21.479999542236328,0
2021-02-18,21.540000915527344,22.09000015258789,19.959999084472656,21.510000228881836,0
2021-02-19,22.25,22.8700008392334,19.350000381469727,21.540000915527344,0
2021-02-22,25.469999313354492,25.81999969482422,20.020000457763672,22.25,0
2021-02-23,25.229999542236328,25.639999389648438,23.860000610351562,25.469999313354492,0
2021-02-24,24.170000076293945,25.229999542236328,23.479999542236328,25.229999542236328,0
2021-02-25,22.889999389648438,24.170000076293945,22.6299991607666,24.170000076293945,0
2021-02-26,28.139999389648438,29.649999618530273,22.889999389648438,22.889999389648438,0
2021-03-01,25.6299991607666,28.139999389648438,24.950000762939453,28.139999389648438,0
2021-03-02,23.610000610351562,25.6299991607666,23.209999084472656,25.6299991607666,0
2021-03-03,22.09000015258789,23.610000610351562,21.81999969482422,23.610000610351562,0
2021-03-04,24.149999618530273,24.579999923706055,22.09000015258789,22.09000015258789,0
2021-03-05,25.559999465942383,26.40999984741211,22.860000610351562,24.149999618530273,0
2021-03-08,24.68000030517578,25.649999618530273,21.200000762939453,25.559999465942383,0
2021-03-09,22.5,24.68000030517578,21.440000534057617,24.68000030517578,0
2021-03-10,20.75,22.5,19.31999969482422,22.5,0
2021-03-12,21.709999084472656,22.670000076293945,18.540000915527344,20.75,0
2021-03-15,21.229999542236328,22.93000030517578,21.0,21.709999084472656,0
2021-03-16,20.190000534057617,21.229999542236328,18.059999465942383,21.229999542236328,0
2021-03-17,20.15999984741211,20.420000076293945,18.6200008392334,20.190000534057617,0
2021-03-18,20.079999923706055,20.950000762939453,16.68000030517578,20.15999984741211,0
2021-03-19,19.989999771118164,21.8700008392334,18.729999542236328,20.079999923706055,0
2021-03-22,20.489999771118164,21.229999542236328,18.969999313354492,19.989999771118164,0
2021-03-23,20.670000076293945,22.139999389648438,20.489999771118164,20.489999771118164,0
2021-03-24,22.459999084472656,22.690000534057617,19.75,20.670000076293945,0
2021-03-25,22.700000762939453,23.309999465942383,21.1200008392334,22.459999084472656,0
2021-03-26,20.649999618530273,22.920000076293945,18.229999542236328,22.700000762939453,0
2021-03-30,20.489999771118164,20.649999618530273,19.56999969482422,20.649999618530273,0
2021-03-31,20.649999618530273,20.829999923706055,20.0,20.489999771118164,0
2021-04-01,19.989999771118164,20.68000030517578,19.729999542236328,20.649999618530273,0
2021-04-05,21.219999313354492,23.309999465942383,19.989999771118164,19.989999771118164,0
2021-04-06,20.84000015258789,22.239999771118164,19.809999465942383,21.219999313354492,0
2021-04-07,20.25,21.299999237060547,19.43000030517578,20.84000015258789,0
2021-04-08,20.309999465942383,20.59000015258789,19.170000076293945,20.25,0
2021-04-09,19.790000915527344,20.969999313354492,19.68000030517578,20.309999465942383,0
2021-04-12,23.0,23.299999237060547,19.790000915527344,19.790000915527344,0
2021-04-13,20.459999084472656,23.0,20.299999237060547,23.0,0
2021-04-15,20.889999389648438,21.549999237060547,18.25,20.459999084472656,0
2021-04-16,20.399999618530273,21.09000015258789,19.479999542236328,20.889999389648438,0
2021-04-19,22.489999771118164,23.110000610351562,19.809999465942383,20.399999618530273,0
2021-04-20,22.43000030517578,22.75,21.239999771118164,22.489999771118164,0
2021-04-22,23.030000686645508,23.610000610351562,22.43000030517578,22.43000030517578,0
2021-04-23,22.690000534057617,23.049999237060547,20.209999084472656,23.030000686645508,0
2021-04-26,23.5,23.559999465942383,22.6200008392334,22.690000534057617,0
2021-04-27,23.079999923706055,23.6299991607666,22.31999969482422,23.5,0
2021-04-28,22.579999923706055,23.110000610351562,20.969999313354492,23.079999923706055,0
2021-04-29,23.309999465942383,23.420000076293945,22.110000610351562,22.579999923706055,0
2021-04-30,23.030000686645508,23.770000457763672,22.600000381469727,23.309999465942383,0
2021-05-03,23.690000534057617,24.540000915527344,21.84000015258789,23.030000686645508,0
2021-05-04,23.010000228881836,23.690000534057617,22.18000030517578,23.690000534057617,0
2021-05-06,22.040000915527344,22.610000610351562,20.1200008392334,21.959999084472656,0
2021-05-07,20.81999969482422,22.040000915527344,20.309999465942383,22.040000915527344,0
2021-05-10,20.229999542236328,21.149999618530273,20.139999389648438,20.81999969482422,0
2021-05-12,20.079999923706055,20.90999984741211,18.360000610351562,19.829999923706055,0
2021-05-14,20.270000457763672,21.149999618530273,18.229999542236328,20.079999923706055,0
2021-05-17,19.610000610351562,20.43000030517578,18.360000610351562,20.270000457763672,0
2021-05-18,19.239999771118164,19.610000610351562,18.309999465942383,19.610000610351562,0
2021-05-19,19.31999969482422,19.56999969482422,17.229999542236328,19.239999771118164,0
2021-05-21,19.079999923706055,19.649999618530273,17.1299991607666,19.649999618530273,0
2021-05-24,19.1299991607666,19.889999389648438,18.719999313354492,19.079999923706055,0
2021-05-26,20.8700008392334,21.299999237060547,17.229999542236328,18.84000015258789,0
2021-05-27,19.90999984741211,21.31999969482422,18.350000381469727,20.8700008392334,0
2021-05-28,17.399999618530273,19.90999984741211,17.360000610351562,19.90999984741211,0
2021-06-01,17.389999389648438,17.959999084472656,15.3100004196167,16.889999389648438,0
2021-06-02,17.209999084472656,17.649999618530273,15.170000076293945,17.389999389648438,0
2021-06-03,15.75,17.209999084472656,14.149999618530273,17.209999084472656,0
2021-06-04,15.9399995803833,16.3799991607666,14.9399995803833,15.75,0
2021-06-07,15.569999694824219,15.9399995803833,14.739999771118164,15.9399995803833,0
2021-06-08,15.229999542236328,15.600000381469727,13.569999694824219,15.569999694824219,0
2021-06-09,14.75,15.739999771118164,11.949999809265137,15.229999542236328,0
2021-06-10,15.0,15.199999809265137,14.180000305175781,14.75,0
2021-06-11,14.100000381469727,15.0,13.9399995803833,15.0,0
2021-06-14,14.720000267028809,15.3100004196167,13.739999771118164,14.100000381469727,0
2021-06-15,14.609999656677246,15.15999984741211,13.279999732971191,14.720000267028809,0
2021-06-16,14.869999885559082,15.319999694824219,13.619999885559082,14.609999656677246,0
2021-06-17,15.289999961853027,16.049999237060547,14.529999732971191,14.869999885559082,0
2021-06-18,14.800000190734863,16.6200008392334,10.600000381469727,15.289999961853027,0
2021-06-21,15.0600004196167,16.459999084472656,14.380000114440918,14.800000190734863,0
2021-06-22,14.739999771118164,15.109999656677246,14.430000305175781,15.0600004196167,0
2021-06-23,15.369999885559082,15.539999961853027,13.630000114440918,14.739999771118164,0
2021-06-24,15.100000381469727,15.640000343322754,14.930000305175781,15.369999885559082,0
2021-06-25,13.369999885559082,15.270000457763672,13.279999732971191,15.100000381469727,0
2021-06-28,13.399999618530273,13.770000457763672,13.119999885559082,13.369999885559082,0
2021-06-29,13.0,13.399999618530273,12.899999618530273,13.399999618530273,0
2021-06-30,13.050000190734863,13.140000343322754,12.600000381469727,13.0,0
2021-07-01,12.84000015258789,13.279999732971191,12.329999923706055,13.050000190734863,0
2021-07-02,12.09000015258789,13.020000457763672,12.020000457763672,12.84000015258789,0
2021-07-06,12.279999732971191,12.359999656677246,11.289999961853027,12.069999694824219,0
2021-07-07,12.210000038146973,12.59000015258789,11.149999618530273,12.279999732971191,0
2021-07-08,13.5600004196167,14.010000228881836,12.0600004196167,12.210000038146973,0
2021-07-09,12.9399995803833,14.0,12.180000305175781,13.5600004196167,0
2021-07-12,12.989999771118164,13.609999656677246,11.8100004196167,12.9399995803833,0
2021-07-13,12.619999885559082,12.989999771118164,10.670000076293945,12.989999771118164,0
2021-07-14,12.59000015258789,12.960000038146973,10.489999771118164,12.619999885559082,0
2021-07-15,12.270000457763672,12.949999809265137,11.079999923706055,12.59000015258789,0
2021-07-16,11.710000038146973,12.369999885559082,11.630000114440918,12.270000457763672,0
2021-07-19,12.680000305175781,13.199999809265137,11.710000038146973,11.710000038146973,0
2021-07-20,13.210000038146973,14.09000015258789,11.789999961853027,12.680000305175781,0
2021-07-22,11.890000343322754,13.210000038146973,11.720000267028809,13.210000038146973,0
2021-07-23,11.760000228881836,12.119999885559082,11.569999694824219,11.890000343322754,0
2021-07-26,12.449999809265137,12.539999961853027,10.399999618530273,11.760000228881836,0
2021-07-27,13.229999542236328,13.529999732971191,12.100000381469727,12.449999809265137,0
2021-07-28,13.6899995803833,15.979999542236328,11.359999656677246,13.229999542236328,0
2021-07-29,12.949999809265137,13.6899995803833,12.4399995803833,13.6899995803833,0
2021-07-30,12.800000190734863,13.319999694824219,12.180000305175781,12.949999809265137,0
2021-08-02,12.8100004196167,13.09000015258789,11.520000457763672,12.800000190734863,0
2021-08-03,13.75,13.90999984741211,11.960000038146973,12.8100004196167,0
2021-08-04,13.210000038146973,14.0600004196167,12.649999618530273,13.75,0
2021-08-05,12.869999885559082,13.420000076293945,11.199999809265137,13.210000038146973,0
2021-08-06,12.609999656677246,13.15999984741211,11.640000343322754,12.869999885559082,0
2021-08-09,12.609999656677246,13.109999656677246,12.029999732971191,12.609999656677246,0
2021-08-10,12.710000038146973,13.069999694824219,9.979999542236328,12.609999656677246,0
2021-08-11,12.710000038146973,13.329999923706055,10.470000267028809,12.710000038146973,0
2021-08-12,12.369999885559082,12.819999694824219,11.359999656677246,12.710000038146973,0
2021-08-13,12.989999771118164,13.15999984741211,11.399999618530273,12.369999885559082,0
2021-08-16,13.460000038146973,13.65999984741211,11.380000114440918,12.989999771118164,0
2021-08-17,13.40999984741211,13.609999656677246,12.029999732971191,13.460000038146973,0
2021-08-18,12.90999984741211,13.40999984741211,11.119999885559082,13.40999984741211,0
2021-08-20,14.020000457763672,14.140000343322754,12.350000381469727,12.90999984741211,0
2021-08-23,13.6899995803833,14.4399995803833,12.729999542236328,14.020000457763672,0
2021-08-24,13.1899995803833,14.510000228881836,13.100000381469727,13.6899995803833,0
2021-08-25,13.5,13.970000267028809,12.270000457763672,13.1899995803833,0
2021-08-26,13.539999961853027,14.199999809265137,12.109999656677246,13.5,0
2021-08-27,13.40999984741211,13.760000228881836,12.9399995803833,13.539999961853027,0
2021-08-30,13.319999694824219,13.6899995803833,12.399999618530273,13.40999984741211,0
2021-08-31,14.520000457763672,14.770000457763672,12.640000343322754,13.319999694824219,0
2021-09-01,14.1899995803833,15.630000114440918,13.899999618530273,14.520000457763672,0
2021-09-02,14.239999771118164,14.390000343322754,13.609999656677246,14.1899995803833,0
2021-09-03,14.539999961853027,14.649999618530273,13.579999923706055,14.239999771118164,0
2021-09-06,15.109999656677246,15.279999732971191,14.0600004196167,14.539999961853027,0
2021-09-07,14.899999618530273,15.229999542236328,14.59000015258789,15.109999656677246,0
2021-09-08,14.40999984741211,15.0600004196167,12.489999771118164,14.899999618530273,0
2021-09-09,13.9399995803833,14.40999984741211,13.640000343322754,14.40999984741211,0
2021-09-13,14.029999732971191,14.779999732971191,11.920000076293945,13.9399995803833,0
2021-09-14,13.579999923706055,14.029999732971191,10.869999885559082,14.029999732971191,0
2021-09-15,13.729999542236328,13.880000114440918,12.369999885559082,13.579999923706055,0
2021-09-16,14.40999984741211,14.529999732971191,9.029999732971191,13.729999542236328,0
2021-09-17,15.229999542236328,15.649999618530273,12.140000343322754,14.40999984741211,0
2021-09-20,17.489999771118164,17.809999465942383,10.229999542236328,15.229999542236328,0
2021-09-21,16.520000457763672,18.0,13.0,17.489999771118164,0
2021-09-22,16.489999771118164,16.860000610351562,13.279999732971191,16.520000457763672,0
2021-09-23,16.600000381469727,16.940000534057617,10.3100004196167,16.489999771118164,0
2021-09-24,16.920000076293945,17.329999923706055,12.770000457763672,16.600000381469727,0
2021-09-27,18.049999237060547,18.139999389648438,13.520000457763672,16.920000076293945,0
2021-09-28,18.540000915527344,18.56999969482422,15.369999885559082,18.049999237060547,0
2021-09-29,18.84000015258789,19.43000030517578,16.760000228881836,18.540000915527344,0
2021-09-30,18.399999618530273,19.139999389648438,17.149999618530273,18.84000015258789,0
2021-10-01,17.209999084472656,19.079999923706055,17.0,18.399999618530273,0
2021-10-04,16.739999771118164,17.530000686645508,15.319999694824219,17.209999084472656,0
2021-10-05,16.399999618530273,17.1299991607666,16.299999237060547,16.739999771118164,0
2021-10-06,17.329999923706055,17.59000015258789,16.110000610351562,16.399999618530273,0
2021-10-07,16.15999984741211,17.329999923706055,14.449999809265137,17.329999923706055,0
2021-10-08,15.649999618530273,16.399999618530273,15.529999732971191,16.15999984741211,0
2021-10-11,16.09000015258789,16.40999984741211,12.229999542236328,15.649999618530273,0
2021-10-12,15.850000381469727,16.399999618530273,13.9399995803833,16.09000015258789,0
2021-10-13,16.100000381469727,16.219999313354492,13.380000114440918,15.850000381469727,0
2021-10-14,15.770000457763672,16.290000915527344,12.609999656677246,16.100000381469727,0
2021-10-18,17.18000030517578,17.31999969482422,14.15999984741211,15.770000457763672,0
2021-10-19,17.3799991607666,17.540000915527344,14.239999771118164,17.18000030517578,0
2021-10-20,18.309999465942383,18.860000610351562,15.229999542236328,17.3799991607666,0
2021-10-21,18.040000915527344,18.799999237060547,14.90999984741211,18.309999465942383,0
2021-10-22,17.549999237060547,18.040000915527344,14.359999656677246,18.040000915527344,0
2021-10-25,17.610000610351562,18.760000228881836,14.510000228881836,17.549999237060547,0
2021-10-26,16.75,17.729999542236328,16.649999618530273,17.610000610351562,0
2021-10-27,16.829999923706055,17.030000686645508,15.399999618530273,16.75,0
2021-10-28,17.90999984741211,18.43000030517578,16.809999465942383,16.829999923706055,0
2021-10-29,17.43000030517578,19.639999389648438,16.280000686645508,17.90999984741211,0
2021-11-01,17.239999771118164,18.100000381469727,15.380000114440918,17.43000030517578,0
2021-11-02,17.059999465942383,17.790000915527344,16.360000610351562,17.239999771118164,0
2021-11-03,16.1299991607666,17.059999465942383,15.699999809265137,17.059999465942383,0
2021-11-04,15.75,16.40999984741211,14.3100004196167,16.1299991607666,0
2021-11-08,16.34000015258789,16.93000030517578,13.989999771118164,15.75,0
2021-11-09,16.0,16.610000610351562,14.640000343322754,16.34000015258789,0
2021-11-10,16.309999465942383,16.68000030517578,15.140000343322754,16.0,0
2021-11-11,16.350000381469727,17.290000915527344,14.649999618530273,16.309999465942383,0
2021-11-12,15.220000267028809,16.350000381469727,14.649999618530273,16.350000381469727,0
2021-11-15,15.470000267028809,15.84000015258789,13.430000305175781,15.220000267028809,0
2021-11-16,15.199999809265137,15.680000305175781,13.579999923706055,15.470000267028809,0
2021-11-17,14.979999542236328,15.40999984741211,13.920000076293945,15.199999809265137,0
2021-11-18,14.859999656677246,16.149999618530273,12.079999923706055,14.979999542236328,0
2021-11-22,17.520000457763672,18.079999923706055,13.5600004196167,14.859999656677246,0
2021-11-23,18.020000457763672,20.020000457763672,16.790000915527344,17.520000457763672,0
2021-11-24,17.100000381469727,18.020000457763672,15.579999923706055,18.020000457763672,0
2021-11-25,16.65999984741211,18.06999969482422,16.0,17.100000381469727,0
2021-11-26,20.799999237060547,21.389999389648438,16.049999237060547,16.65999984741211,0
2021-11-29,20.829999923706055,23.81999969482422,18.889999389648438,20.799999237060547,0
2021-11-30,21.170000076293945,21.969999313354492,18.809999465942383,20.829999923706055,0
2021-12-01,19.450000762939453,21.170000076293945,18.93000030517578,21.170000076293945,0
2021-12-02,18.09000015258789,22.969999313354492,18.0,19.450000762939453,0
2021-12-03,18.450000762939453,18.829999923706055,17.209999084472656,18.09000015258789,0
2021-12-06,20.079999923706055,20.479999542236328,18.299999237060547,18.450000762939453,0
2021-12-07,18.459999084472656,20.079999923706055,18.239999771118164,20.079999923706055,0
2021-12-08,17.270000457763672,18.459999084472656,16.56999969482422,18.459999084472656,0
2021-12-09,16.600000381469727,17.43000030517578,15.539999961853027,17.270000457763672,0
2021-12-10,16.059999465942383,16.93000030517578,15.210000038146973,16.600000381469727,0
2021-12-13,16.56999969482422,16.860000610351562,14.680000305175781,16.059999465942383,0
2021-12-14,16.950000762939453,17.329999923706055,13.9399995803833,16.56999969482422,0
2021-12-15,17.219999313354492,17.709999084472656,15.770000457763672,16.950000762939453,0
2021-12-16,15.899999618530273,17.219999313354492,15.260000228881836,17.219999313354492,0
2021-12-17,16.34000015258789,16.90999984741211,13.760000228881836,15.899999618530273,0
2021-12-20,18.969999313354492,20.139999389648438,16.34000015258789,16.34000015258789,0
2021-12-21,17.540000915527344,18.969999313354492,16.6299991607666,18.969999313354492,0
2021-12-22,16.579999923706055,17.540000915527344,15.6899995803833,17.540000915527344,0
2021-12-23,15.829999923706055,16.579999923706055,15.680000305175781,16.579999923706055,0
2021-12-24,16.149999618530273,16.649999618530273,15.329999923706055,15.829999923706055,0
2021-12-27,17.1200008392334,17.280000686645508,15.260000228881836,16.149999618530273,0
2021-12-28,16.479999542236328,17.1200008392334,15.210000038146973,17.1200008392334,0
2021-12-29,16.239999771118164,16.860000610351562,15.800000190734863,16.479999542236328,0
2021-12-30,16.56999969482422,16.790000915527344,15.289999961853027,16.239999771118164,0
2021-12-31,16.219999313354492,16.770000457763672,15.399999618530273,16.56999969482422,0
2022-01-03,16.450000762939453,16.809999465942383,15.449999809265137,16.219999313354492,0
2022-01-04,16.1200008392334,16.68000030517578,15.710000038146973,16.450000762939453,0
2022-01-05,17.229999542236328,17.3799991607666,15.09000015258789,16.1200008392334,0
2022-01-06,17.979999542236328,18.420000076293945,16.399999618530273,17.229999542236328,0
2022-01-07,17.600000381469727,18.09000015258789,16.860000610351562,17.979999542236328,0
2022-01-10,17.68000030517578,18.389999389648438,15.84000015258789,17.600000381469727,0
2022-01-11,17.760000228881836,18.25,16.440000534057617,17.68000030517578,0
2022-01-12,17.18000030517578,17.93000030517578,16.549999237060547,17.760000228881836,0
2022-01-13,16.700000762939453,17.520000457763672,16.610000610351562,17.18000030517578,0
2022-01-14,16.559999465942383,17.100000381469727,15.34000015258789,16.700000762939453,0
2022-01-17,16.770000457763672,17.549999237060547,16.270000457763672,16.559999465942383,0
2022-01-18,17.780000686645508,17.8799991607666,16.770000457763672,16.770000457763672,0
2022-01-19,17.81999969482422,18.450000762939453,15.9399995803833,17.780000686645508,0
2022-01-20,17.790000915527344,18.450000762939453,17.31999969482422,17.81999969482422,0
2022-01-21,18.889999389648438,19.610000610351562,16.979999542236328,17.790000915527344,0
2022-01-24,22.829999923706055,23.899999618530273,18.889999389648438,18.889999389648438,0
2022-01-25,21.360000610351562,24.139999389648438,21.18000030517578,22.829999923706055,0
2022-01-27,21.06999969482422,23.8700008392334,20.440000534057617,21.360000610351562,0
2022-01-28,20.700000762939453,21.31999969482422,20.280000686645508,21.06999969482422,0
2022-01-31,21.950000762939453,22.110000610351562,20.700000762939453,20.700000762939453,0
2022-02-01,19.979999542236328,22.06999969482422,19.75,21.950000762939453,0
2022-02-02,18.649999618530273,19.979999542236328,18.549999237060547,19.979999542236328,0
2022-02-03,19.15999984741211,19.600000381469727,17.40999984741211,18.649999618530273,0
2022-02-04,18.899999618530273,19.780000686645508,18.600000381469727,19.15999984741211,0
2022-02-07,20.440000534057617,21.079999923706055,18.18000030517578,18.899999618530273,0
2022-02-08,19.68000030517578,20.940000534057617,19.559999465942383,20.440000534057617,0
2022-02-09,18.559999465942383,19.68000030517578,17.889999389648438,19.68000030517578,0
2022-02-10,17.709999084472656,18.93000030517578,16.799999237060547,18.559999465942383,0
2022-02-11,18.68000030517578,19.530000686645508,16.860000610351562,17.709999084472656,0
2022-02-14,22.979999542236328,23.540000915527344,18.68000030517578,18.68000030517578,0
2022-02-15,20.610000610351562,23.139999389648438,20.43000030517578,22.979999542236328,0
2022-02-16,20.59000015258789,21.020000457763672,19.350000381469727,20.610000610351562,0
2022-02-17,22.010000228881836,22.3700008392334,19.459999084472656,20.59000015258789,0
2022-02-18,22.170000076293945,23.209999084472656,21.639999389648438,22.010000228881836,0
2022-02-21,22.899999618530273,23.760000228881836,20.56999969482422,22.170000076293945,0
2022-02-22,26.65999984741211,27.81999969482422,22.899999618530273,22.899999618530273,0
2022-02-23,24.540000915527344,26.65999984741211,23.90999984741211,26.65999984741211,0
2022-02-24,31.979999542236328,33.970001220703125,24.540000915527344,24.540000915527344,0
2022-02-25,26.739999771118164,31.979999542236328,26.149999618530273,31.979999542236328,0
2022-02-28,28.56999969482422,29.790000915527344,26.739999771118164,26.739999771118164,0
2022-03-02,29.229999542236328,30.84000015258789,28.56999969482422,28.56999969482422,0
2022-03-03,28.15999984741211,29.229999542236328,27.219999313354492,29.229999542236328,0
2022-03-04,27.959999084472656,29.93000030517578,27.219999313354492,28.15999984741211,0
2022-03-07,29.329999923706055,30.280000686645508,27.959999084472656,27.959999084472656,0
2022-03-08,28.59000015258789,30.059999465942383,27.110000610351562,29.329999923706055,0
2022-03-09,27.469999313354492,28.59000015258789,27.309999465942383,28.59000015258789,0
2022-03-10,25.579999923706055,27.469999313354492,22.959999084472656,27.469999313354492,0
2022-03-11,25.350000381469727,25.8700008392334,24.579999923706055,25.579999923706055,0
2022-03-14,25.68000030517578,26.209999084472656,25.09000015258789,25.350000381469727,0
2022-03-15,26.729999542236328,27.540000915527344,23.65999984741211,25.68000030517578,0
2022-03-16,24.1200008392334,26.729999542236328,24.010000228881836,26.729999542236328,0
2022-03-17,22.610000610351562,24.1200008392334,20.770000457763672,24.1200008392334,0
2022-03-21,24.6200008392334,24.709999084472656,22.610000610351562,22.610000610351562,0
2022-03-22,24.06999969482422,25.15999984741211,23.760000228881836,24.6200008392334,0
2022-03-23,24.75,24.979999542236328,20.450000762939453,24.06999969482422,0
2022-03-24,23.93000030517578,25.530000686645508,23.809999465942383,24.75,0
2022-03-25,23.43000030517578,24.270000457763672,22.90999984741211,23.93000030517578,0
2022-03-28,22.610000610351562,24.209999084472656,19.59000015258789,23.43000030517578,0
2022-03-29,21.299999237060547,22.610000610351562,21.100000381469727,22.610000610351562,0
2022-03-30,20.610000610351562,21.299999237060547,19.729999542236328,21.299999237060547,0
2022-03-31,20.559999465942383,20.940000534057617,20.209999084472656,20.610000610351562,0
2022-04-01,18.43000030517578,20.860000610351562,18.1200008392334,20.559999465942383,0
2022-04-04,17.90999984741211,18.829999923706055,17.59000015258789,18.43000030517578,0
2022-04-05,18.489999771118164,18.6299991607666,16.790000915527344,17.90999984741211,0
2022-04-06,19.020000457763672,19.280000686645508,16.809999465942383,18.489999771118164,0
2022-04-07,19.0,19.489999771118164,17.719999313354492,19.020000457763672,0
2022-04-08,17.690000534057617,20.09000015258789,17.530000686645508,19.0,0
2022-04-11,18.270000457763672,19.149999618530273,16.639999389648438,17.690000534057617,0
2022-04-12,18.15999984741211,18.670000076293945,15.09000015258789,18.270000457763672,0
2022-04-13,17.790000915527344,18.399999618530273,16.190000534057617,18.15999984741211,0
2022-04-18,19.34000015258789,20.479999542236328,17.790000915527344,17.790000915527344,0
2022-04-19,19.770000457763672,20.809999465942383,14.630000114440918,19.34000015258789,0
2022-04-20,18.670000076293945,20.270000457763672,17.84000015258789,19.770000457763672,0
2022-04-21,17.850000381469727,18.670000076293945,13.350000381469727,18.670000076293945,0
2022-04-22,18.350000381469727,18.760000228881836,17.809999465942383,17.850000381469727,0
2022-04-25,21.260000228881836,21.760000228881836,18.350000381469727,18.350000381469727,0
2022-04-26,19.190000534057617,21.260000228881836,19.010000228881836,21.260000228881836,0
2022-04-27,20.610000610351562,21.3700008392334,19.190000534057617,19.190000534057617,0
2022-04-28,19.3799991607666,20.610000610351562,19.020000457763672,20.610000610351562,0
2022-04-29,19.420000076293945,19.649999618530273,18.209999084472656,19.3799991607666,0
2022-05-02,20.280000686645508,21.059999465942383,19.420000076293945,19.420000076293945,0
2022-05-04,21.8799991607666,22.389999389648438,18.43000030517578,20.280000686645508,0
2022-05-05,20.290000915527344,21.8799991607666,19.610000610351562,21.8799991607666,0
2022-05-06,21.25,21.809999465942383,19.329999923706055,20.290000915527344,0
2022-05-09,22.030000686645508,22.520000457763672,18.959999084472656,21.25,0
2022-05-10,22.299999237060547,22.520000457763672,21.219999313354492,22.030000686645508,0
2022-05-11,22.799999237060547,24.190000534057617,20.479999542236328,22.299999237060547,0
2022-05-12,24.270000457763672,25.31999969482422,21.149999618530273,22.799999237060547,0
2022-05-13,23.489999771118164,24.270000457763672,20.969999313354492,24.270000457763672,0
2022-05-16,24.530000686645508,24.709999084472656,21.280000686645508,23.489999771118164,0
2022-05-17,22.739999771118164,24.84000015258789,17.100000381469727,24.530000686645508,0
2022-05-18,22.299999237060547,23.059999465942383,21.34000015258789,22.739999771118164,0
2022-05-19,24.559999465942383,25.149999618530273,22.299999237060547,22.299999237060547,0
2022-05-20,23.100000381469727,24.559999465942383,22.440000534057617,24.559999465942383,0
2022-05-23,23.399999618530273,23.979999542236328,20.5,23.100000381469727,0
2022-05-24,25.639999389648438,25.989999771118164,23.15999984741211,23.399999618530273,0
2022-05-25,25.280000686645508,25.639999389648438,24.360000610351562,25.639999389648438,0
2022-05-26,22.719999313354492,25.280000686645508,22.540000915527344,25.280000686645508,0
2022-05-27,21.479999542236328,22.719999313354492,21.200000762939453,22.719999313354492,0
2022-05-30,19.979999542236328,21.479999542236328,19.719999313354492,21.479999542236328,0
2022-05-31,20.479999542236328,20.75,19.68000030517578,19.979999542236328,0
2022-06-01,20.850000381469727,21.34000015258789,18.229999542236328,20.479999542236328,0
2022-06-02,20.31999969482422,21.0,18.3799991607666,20.850000381469727,0
2022-06-03,19.979999542236328,20.31999969482422,18.739999771118164,20.31999969482422,0
2022-06-06,20.200000762939453,20.68000030517578,18.649999618530273,19.979999542236328,0
2022-06-07,20.43000030517578,21.06999969482422,19.43000030517578,20.200000762939453,0
2022-06-08,19.84000015258789,20.690000534057617,19.389999389648438,20.43000030517578,0
2022-06-09,19.139999389648438,19.84000015258789,18.15999984741211,19.84000015258789,0
2022-06-10,19.579999923706055,19.760000228881836,18.260000228881836,19.139999389648438,0
2022-06-13,22.3700008392334,22.799999237060547,19.579999923706055,19.579999923706055,0
2022-06-14,21.889999389648438,22.639999389648438,18.950000762939453,22.3700008392334,0
2022-06-15,22.149999618530273,22.3700008392334,20.950000762939453,21.889999389648438,0
2022-06-16,22.8700008392334,28.1299991607666,19.75,22.149999618530273,0
2022-06-17,22.760000228881836,23.690000534057617,18.020000457763672,22.8700008392334,0
2022-06-20,22.40999984741211,23.639999389648438,16.0,22.760000228881836,0
2022-06-21,21.139999389648438,22.40999984741211,20.479999542236328,22.40999984741211,0
2022-06-22,21.299999237060547,21.790000915527344,19.31999969482422,21.139999389648438,0
2022-06-23,20.8799991607666,21.709999084472656,18.360000610351562,21.299999237060547,0
2022-06-24,20.549999237060547,21.270000457763672,18.68000030517578,20.8799991607666,0
2022-06-27,21.010000228881836,21.1200008392334,19.549999237060547,20.549999237060547,0
2022-06-28,21.450000762939453,21.68000030517578,20.510000228881836,21.010000228881836,0
2022-06-29,21.899999618530273,22.09000015258789,21.450000762939453,21.450000762939453,0
2022-06-30,21.84000015258789,22.270000457763672,21.540000915527344,21.899999618530273,0
2022-07-01,21.25,22.43000030517578,21.139999389648438,21.84000015258789,0
2022-07-04,20.969999313354492,22.25,20.920000076293945,21.25,0
2022-07-05,20.790000915527344,20.989999771118164,20.239999771118164,20.969999313354492,0
2022-07-06,20.270000457763672,20.790000915527344,19.81999969482422,20.790000915527344,0
2022-07-07,19.200000762939453,20.270000457763672,19.010000228881836,20.270000457763672,0
2022-07-08,18.399999618530273,19.200000762939453,18.219999313354492,19.200000762939453,0
2022-07-11,18.3700008392334,19.219999313354492,16.649999618530273,18.399999618530273,0
2022-07-12,18.549999237060547,18.639999389648438,17.299999237060547,18.3700008392334,0
2022-07-13,18.520000457763672,18.760000228881836,17.739999771118164,18.549999237060547,0
2022-07-14,18.34000015258789,18.690000534057617,17.75,18.520000457763672,0
2022-07-15,17.600000381469727,18.34000015258789,17.530000686645508,18.34000015258789,0
2022-07-18,17.15999984741211,18.18000030517578,16.469999313354492,17.600000381469727,0
2022-07-19,17.200000762939453,17.670000076293945,16.350000381469727,17.15999984741211,0
2022-07-20,16.81999969482422,17.270000457763672,15.65999984741211,17.200000762939453,0
2022-07-21,16.860000610351562,17.209999084472656,15.970000267028809,16.81999969482422,0
2022-07-22,16.649999618530273,16.959999084472656,16.15999984741211,16.860000610351562,0
2022-07-25,17.68000030517578,17.90999984741211,16.18000030517578,16.649999618530273,0
2022-07-26,18.170000076293945,18.270000457763672,17.360000610351562,17.68000030517578,0
2022-07-27,18.1299991607666,18.639999389648438,17.75,18.170000076293945,0
2022-07-28,17.010000228881836,18.1299991607666,16.84000015258789,18.1299991607666,0
2022-07-29,16.549999237060547,18.649999618530273,16.489999771118164,17.010000228881836,0
2022-08-01,17.489999771118164,17.6299991607666,15.890000343322754,16.549999237060547,0
2022-08-02,18.530000686645508,18.760000228881836,17.489999771118164,17.489999771118164,0
2022-08-03,18.450000762939453,19.170000076293945,17.950000762939453,18.530000686645508,0
2022-08-04,19.260000228881836,21.059999465942383,17.6299991607666,18.450000762939453,0
2022-08-05,18.920000076293945,19.389999389648438,18.010000228881836,19.260000228881836,0
2022-08-08,19.299999237060547,20.18000030517578,17.780000686645508,18.920000076293945,0
2022-08-10,19.59000015258789,20.770000457763672,18.860000610351562,19.299999237060547,0
2022-08-11,18.360000610351562,19.59000015258789,18.200000762939453,19.59000015258789,0
2022-08-12,17.610000610351562,18.520000457763672,17.40999984741211,18.360000610351562,0
2022-08-16,17.68000030517578,18.360000610351562,17.010000228881836,17.610000610351562,0
2022-08-17,17.68000030517578,17.790000915527344,16.549999237060547,17.68000030517578,0
2022-08-18,17.350000381469727,18.440000534057617,16.719999313354492,17.68000030517578,0
2022-08-19,18.290000915527344,18.56999969482422,16.8799991607666,17.350000381469727,0
2022-08-22,19.040000915527344,19.299999237060547,17.200000762939453,18.290000915527344,0
2022-08-23,19.049999237060547,19.59000015258789,18.18000030517578,19.040000915527344,0
2022-08-24,18.43000030517578,19.34000015258789,17.989999771118164,19.049999237060547,0
2022-08-25,19.56999969482422,20.219999313354492,17.270000457763672,18.43000030517578,0
2022-08-26,18.219999313354492,19.56999969482422,15.829999923706055,19.56999969482422,0
2022-08-29,19.81999969482422,21.209999084472656,18.219999313354492,18.219999313354492,0
2022-08-30,18.700000762939453,19.81999969482422,17.260000228881836,19.81999969482422,0
2022-09-01,19.8700008392334,20.989999771118164,18.110000610351562,18.700000762939453,0
2022-09-02,19.549999237060547,20.139999389648438,17.399999618530273,19.8700008392334,0
2022-09-05,19.65999984741211,20.290000915527344,19.450000762939453,19.549999237060547,0
2022-09-06,19.520000457763672,20.0,18.649999618530273,19.65999984741211,0
2022-09-07,19.3700008392334,20.18000030517578,18.280000686645508,19.520000457763672,0
2022-09-08,18.309999465942383,19.3700008392334,17.299999237060547,19.3700008392334,0
2022-09-09,17.719999313354492,18.510000228881836,16.549999237060547,18.309999465942383,0
2022-09-12,17.940000534057617,18.3799991607666,16.389999389648438,17.719999313354492,0
2022-09-13,17.469999313354492,17.940000534057617,16.860000610351562,17.940000534057617,0
2022-09-14,18.280000686645508,18.56999969482422,17.260000228881836,17.469999313354492,0
2022-09-15,18.389999389648438,19.219999313354492,16.780000686645508,18.280000686645508,0
2022-09-16,19.81999969482422,20.239999771118164,18.299999237060547,18.389999389648438,0
2022-09-19,19.940000534057617,21.209999084472656,16.469999313354492,19.81999969482422,0
2022-09-20,18.799999237060547,19.940000534057617,18.110000610351562,19.940000534057617,0
2022-09-21,19.329999923706055,20.290000915527344,18.309999465942383,18.799999237060547,0
2022-09-22,18.81999969482422,20.139999389648438,17.40999984741211,19.329999923706055,0
2022-09-23,20.59000015258789,20.809999465942383,17.350000381469727,18.81999969482422,0
2022-09-26,21.889999389648438,22.899999618530273,18.809999465942383,20.59000015258789,0
2022-09-27,21.56999969482422,22.290000915527344,20.790000915527344,21.889999389648438,0
2022-09-28,22.100000381469727,22.360000610351562,21.489999771118164,21.56999969482422,0
2022-09-29,21.299999237060547,22.290000915527344,21.06999969482422,22.100000381469727,0
2022-09-30,19.969999313354492,21.989999771118164,19.700000762939453,21.299999237060547,0
2022-10-03,21.3700008392334,21.68000030517578,19.969999313354492,19.969999313354492,0
2022-10-04,19.56999969482422,21.3700008392334,19.450000762939453,21.3700008392334,0
2022-10-06,19.31999969482422,20.020000457763672,18.59000015258789,19.56999969482422,0
2022-10-07,18.809999465942383,19.729999542236328,18.690000534057617,19.31999969482422,0
2022-10-10,19.6200008392334,20.34000015258789,18.809999465942383,18.809999465942383,0
2022-10-11,20.489999771118164,20.81999969482422,19.09000015258789,19.6200008392334,0
2022-10-12,20.18000030517578,20.889999389648438,19.889999389648438,20.489999771118164,0
2022-10-13,20.290000915527344,20.940000534057617,18.399999618530273,20.18000030517578,0
2022-10-14,18.260000228881836,20.6299991607666,18.079999923706055,20.290000915527344,0
2022-10-17,18.420000076293945,19.079999923706055,18.260000228881836,18.260000228881836,0
2022-10-18,17.450000762939453,18.420000076293945,16.579999923706055,18.420000076293945,0
2022-10-19,17.489999771118164,17.559999465942383,16.229999542236328,17.450000762939453,0
2022-10-20,17.229999542236328,17.760000228881836,15.569999694824219,17.489999771118164,0
2022-10-21,17.280000686645508,17.43000030517578,16.59000015258789,17.229999542236328,0
2022-10-24,17.420000076293945,17.670000076293945,17.06999969482422,17.280000686645508,0
2022-10-25,16.8799991607666,17.6200008392334,16.489999771118164,17.420000076293945,0
2022-10-27,16.600000381469727,17.06999969482422,14.789999961853027,16.8799991607666,0
2022-10-28,15.920000076293945,17.040000915527344,15.850000381469727,16.600000381469727,0
2022-10-31,15.800000190734863,16.6299991607666,15.069999694824219,15.920000076293945,0
2022-11-01,16.1299991607666,16.200000762939453,15.109999656677246,15.800000190734863,0
2022-11-02,16.65999984741211,16.860000610351562,14.680000305175781,16.1299991607666,0
2022-11-03,15.9399995803833,16.729999542236328,14.989999771118164,16.65999984741211,0
2022-11-04,15.65999984741211,16.209999084472656,15.479999542236328,15.9399995803833,0
2022-11-07,15.59000015258789,16.360000610351562,15.279999732971191,15.65999984741211,0
2022-11-09,15.920000076293945,16.06999969482422,15.020000457763672,15.59000015258789,0
2022-11-10,15.569999694824219,16.290000915527344,15.489999771118164,15.920000076293945,0
2022-11-11,14.40999984741211,15.569999694824219,14.279999732971191,15.569999694824219,0
2022-11-14,14.90999984741211,15.270000457763672,12.5600004196167,14.40999984741211,0
2022-11-15,14.640000343322754,15.020000457763672,13.829999923706055,14.90999984741211,0
2022-11-16,15.100000381469727,15.529999732971191,13.930000305175781,14.640000343322754,0
2022-11-17,14.880000114440918,16.260000228881836,13.09000015258789,15.100000381469727,0
2022-11-18,14.390000343322754,15.6899995803833,13.859999656677246,14.880000114440918,0
2022-11-21,14.800000190734863,15.550000190734863,13.359999656677246,14.390000343322754,0
2022-11-22,13.84000015258789,16.270000457763672,13.319999694824219,14.800000190734863,0
2022-11-23,14.039999961853027,14.329999923706055,11.880000114440918,13.84000015258789,0
2022-11-24,13.479999542236328,14.039999961853027,13.0,14.039999961853027,0
2022-11-25,13.329999923706055,15.770000457763672,12.770000457763672,13.479999542236328,0
2022-11-28,13.569999694824219,14.0600004196167,12.40999984741211,13.329999923706055,0
2022-11-29,13.619999885559082,14.619999885559082,12.40999984741211,13.569999694824219,0
2022-11-30,13.8100004196167,14.050000190734863,12.75,13.619999885559082,0
2022-12-01,13.359999656677246,14.229999542236328,12.989999771118164,13.8100004196167,0
2022-12-02,13.449999809265137,14.09000015258789,12.960000038146973,13.359999656677246,0
2022-12-05,13.729999542236328,14.420000076293945,13.449999809265137,13.449999809265137,0
2022-12-06,14.039999961853027,14.25,12.180000305175781,13.729999542236328,0
2022-12-07,14.079999923706055,14.460000038146973,13.800000190734863,14.039999961853027,0
2022-12-08,13.399999618530273,14.890000343322754,13.260000228881836,14.079999923706055,0
2022-12-09,13.479999542236328,13.960000038146973,11.90999984741211,13.399999618530273,0
2022-12-12,13.319999694824219,14.149999618530273,12.529999732971191,13.479999542236328,0
2022-12-13,12.880000114440918,13.579999923706055,11.430000305175781,13.319999694824219,0
2022-12-14,12.890000343322754,13.079999923706055,11.529999732971191,12.880000114440918,0
2022-12-15,13.729999542236328,13.880000114440918,12.59000015258789,12.890000343322754,0
2022-12-16,14.069999694824219,14.220000267028809,12.489999771118164,13.729999542236328,0
2022-12-19,13.550000190734863,14.489999771118164,13.5,14.069999694824219,0
2022-12-20,13.779999732971191,14.920000076293945,13.039999961853027,13.550000190734863,0
2022-12-21,15.5600004196167,16.010000228881836,12.460000038146973,13.779999732971191,0
2022-12-22,15.1899995803833,16.299999237060547,14.4399995803833,15.5600004196167,0
2022-12-23,16.15999984741211,16.479999542236328,14.479999542236328,15.1899995803833,0
2022-12-27,15.289999961853027,16.1299991607666,14.930000305175781,15.930000305175781,0
2022-12-28,15.399999618530273,15.649999618530273,15.270000457763672,15.289999961853027,0
2022-12-29,14.8100004196167,15.770000457763672,14.710000038146973,15.399999618530273,0
2022-12-30,14.869999885559082,15.119999885559082,14.279999732971191,14.8100004196167,0
2023-01-02,14.6899995803833,15.449999809265137,14.569999694824219,14.869999885559082,0
2023-01-03,14.390000343322754,14.989999771118164,14.3100004196167,14.6899995803833,0
2023-01-04,15.199999809265137,15.680000305175781,14.329999923706055,14.390000343322754,0
2023-01-05,14.979999542236328,15.600000381469727,14.8100004196167,15.199999809265137,0
2023-01-06,15.029999732971191,15.4399995803833,14.619999885559082,14.979999542236328,0
2023-01-09,14.649999618530273,15.380000114440918,14.529999732971191,15.029999732971191,0
2023-01-10,15.510000228881836,15.9399995803833,14.5600004196167,14.649999618530273,0
2023-01-11,15.4399995803833,16.229999542236328,15.119999885559082,15.510000228881836,0
2023-01-12,15.279999732971191,16.040000915527344,14.420000076293945,15.4399995803833,0
2023-01-13,14.460000038146973,15.600000381469727,14.399999618530273,15.279999732971191,0
2023-01-16,15.020000457763672,15.359999656677246,14.460000038146973,14.460000038146973,0
2023-01-17,14.59000015258789,15.3100004196167,13.84000015258789,15.020000457763672,0
2023-01-18,14.369999885559082,14.75,12.470000267028809,14.59000015258789,0
2023-01-19,13.960000038146973,14.829999923706055,13.890000343322754,14.369999885559082,0
2023-01-20,13.789999961853027,14.1899995803833,11.640000343322754,13.960000038146973,0
2023-01-23,13.619999885559082,14.260000228881836,13.479999542236328,13.789999961853027,0
2023-01-24,13.65999984741211,13.8100004196167,13.300000190734863,13.619999885559082,0
2023-01-25,14.65999984741211,15.420000076293945,13.520000457763672,13.65999984741211,0
2023-01-27,17.31999969482422,18.010000228881836,14.579999923706055,14.65999984741211,0
2023-01-30,17.709999084472656,19.389999389648438,17.290000915527344,17.31999969482422,0
2023-01-31,16.8799991607666,18.3700008392334,16.56999969482422,17.709999084472656,0
2023-02-01,16.780000686645508,18.540000915527344,14.850000381469727,16.8799991607666,0
2023-02-02,15.729999542236328,17.770000457763672,15.510000228881836,16.780000686645508,0
2023-02-03,14.399999618530273,15.760000228881836,14.270000457763672,15.729999542236328,0
2023-02-06,14.6899995803833,15.210000038146973,14.1899995803833,14.399999618530273,0
2023-02-07,14.130000114440918,14.880000114440918,13.670000076293945,14.6899995803833,0
2023-02-08,13.600000381469727,14.25,13.539999961853027,14.130000114440918,0
2023-02-09,13.039999961853027,13.819999694824219,12.0600004196167,13.600000381469727,0
2023-02-10,12.75,13.279999732971191,12.210000038146973,13.039999961853027,0
2023-02-13,13.680000305175781,14.100000381469727,11.829999923706055,12.75,0
2023-02-14,13.449999809265137,13.680000305175781,12.449999809265137,13.680000305175781,0
2023-02-15,12.859999656677246,13.449999809265137,11.279999732971191,13.449999809265137,0
2023-02-16,12.890000343322754,13.15999984741211,10.170000076293945,12.859999656677246,0
2023-02-17,13.09000015258789,13.520000457763672,10.800000190734863,12.890000343322754,0
2023-02-20,13.380000114440918,13.710000038146973,10.920000076293945,13.09000015258789,0
2023-02-21,14.010000228881836,14.300000190734863,13.380000114440918,13.380000114440918,0
2023-02-22,15.59000015258789,15.920000076293945,12.380000114440918,14.010000228881836,0
2023-02-23,15.079999923706055,16.010000228881836,14.520000457763672,15.59000015258789,0
2023-02-24,14.1899995803833,15.140000343322754,14.010000228881836,15.079999923706055,0
2023-02-27,13.880000114440918,15.100000381469727,13.75,14.1899995803833,0
2023-02-28,14.020000457763672,14.569999694824219,13.5,13.880000114440918,0
2023-03-01,13.0,14.020000457763672,12.279999732971191,14.020000457763672,0
2023-03-02,12.970000267028809,13.550000190734863,11.100000381469727,13.0,0
2023-03-03,12.180000305175781,12.970000267028809,11.979999542236328,12.970000267028809,0
2023-03-06,12.270000457763672,12.470000267028809,11.84000015258789,12.180000305175781,0
2023-03-08,12.449999809265137,12.850000381469727,11.899999618530273,12.270000457763672,0
2023-03-09,12.729999542236328,12.84000015258789,11.779999732971191,12.449999809265137,0
2023-03-10,13.40999984741211,13.819999694824219,12.729999542236328,12.729999542236328,0
2023-03-13,16.219999313354492,16.43000030517578,13.40999984741211,13.40999984741211,0
2023-03-14,16.219999313354492,16.639999389648438,15.0,16.219999313354492,0
2023-03-15,16.299999237060547,16.510000228881836,14.520000457763672,16.219999313354492,0
2023-03-16,16.219999313354492,17.360000610351562,13.949999809265137,16.299999237060547,0
2023-03-17,14.770000457763672,16.219999313354492,14.600000381469727,16.219999313354492,0
2023-03-20,16.010000228881836,17.219999313354492,14.520000457763672,14.770000457763672,0
2023-03-21,15.079999923706055,16.040000915527344,14.079999923706055,16.010000228881836,0
2023-03-22,14.8100004196167,15.09000015258789,14.239999771118164,15.079999923706055,0
2023-03-23,14.489999771118164,15.0600004196167,13.899999618530273,14.8100004196167,0
2023-03-24,15.239999771118164,15.430000305175781,14.199999809265137,14.489999771118164,0
2023-03-27,15.449999809265137,16.09000015258789,15.100000381469727,15.239999771118164,0
2023-03-28,15.100000381469727,15.609999656677246,14.869999885559082,15.449999809265137,0
2023-03-29,13.630000114440918,15.100000381469727,13.319999694824219,15.100000381469727,0
2023-03-31,12.9399995803833,13.630000114440918,12.069999694824219,13.630000114440918,0
2023-04-03,12.59000015258789,13.489999771118164,12.470000267028809,12.9399995803833,0
2023-04-05,12.40999984741211,12.8100004196167,12.050000190734863,12.59000015258789,0
2023-04-06,11.800000190734863,12.569999694824219,11.649999618530273,12.40999984741211,0
2023-04-10,12.270000457763672,12.5600004196167,11.800000190734863,11.800000190734863,0
2023-04-11,11.979999542236328,12.270000457763672,11.670000076293945,12.270000457763672,0
2023-04-12,12.270000457763672,12.399999618530273,11.979999542236328,11.979999542236328,0
2023-04-13,11.90999984741211,12.510000228881836,11.84000015258789,12.270000457763672,0
2023-04-17,12.270000457763672,13.270000457763672,11.90999984741211,11.90999984741211,0
2023-04-18,12.079999923706055,12.529999732971191,11.859999656677246,12.270000457763672,0
2023-04-19,12.149999618530273,12.470000267028809,11.109999656677246,12.079999923706055,0
2023-04-20,11.9399995803833,12.399999618530273,11.579999923706055,12.149999618530273,0
2023-04-21,11.630000114440918,12.039999961853027,11.520000457763672,11.9399995803833,0
2023-04-24,11.670000076293945,12.210000038146973,11.579999923706055,11.630000114440918,0
2023-04-25,11.520000457763672,11.8100004196167,11.430000305175781,11.670000076293945,0
2023-04-26,11.649999618530273,11.899999618530273,11.300000190734863,11.520000457763672,0
2023-04-27,11.430000305175781,12.020000457763672,10.960000038146973,11.649999618530273,0
2023-04-28,10.949999809265137,11.539999961853027,10.789999961853027,11.430000305175781,0
2023-05-02,11.899999618530273,12.0600004196167,10.949999809265137,10.949999809265137,0
2023-05-03,11.84000015258789,12.25,11.130000114440918,11.899999618530273,0
2023-05-04,11.729999542236328,12.029999732971191,11.1899995803833,11.84000015258789,0
2023-05-05,12.300000190734863,12.380000114440918,11.529999732971191,11.729999542236328,0
2023-05-08,12.640000343322754,12.90999984741211,11.720000267028809,12.300000190734863,0
2023-05-09,12.680000305175781,12.819999694824219,11.65999984741211,12.640000343322754,0
2023-05-10,13.079999923706055,13.300000190734863,11.539999961853027,12.680000305175781,0
2023-05-11,13.220000267028809,13.739999771118164,12.819999694824219,13.079999923706055,0
2023-05-12,12.850000381469727,13.510000228881836,12.739999771118164,13.220000267028809,0
2023-05-15,13.170000076293945,13.619999885559082,12.539999961853027,12.850000381469727,0
2023-05-16,13.289999961853027,13.489999771118164,11.710000038146973,13.170000076293945,0
2023-05-17,13.109999656677246,13.579999923706055,11.899999618530273,13.289999961853027,0
2023-05-18,12.800000190734863,13.109999656677246,11.140000343322754,13.109999656677246,0
2023-05-19,12.300000190734863,12.819999694824219,11.6899995803833,12.800000190734863,0
2023-05-22,12.569999694824219,12.819999694824219,11.5600004196167,12.300000190734863,0
2023-05-23,12.609999656677246,13.079999923706055,12.319999694824219,12.569999694824219,0
2023-05-24,13.109999656677246,13.4399995803833,12.40999984741211,12.609999656677246,0
2023-05-25,12.520000457763672,13.130000114440918,8.180000305175781,13.109999656677246,0
2023-05-26,11.899999618530273,12.859999656677246,11.699999809265137,12.520000457763672,0
2023-05-29,12.300000190734863,12.489999771118164,8.8100004196167,11.899999618530273,0
2023-05-30,12.010000228881836,12.380000114440918,11.770000457763672,12.300000190734863,0
2023-05-31,11.970000267028809,12.470000267028809,11.579999923706055,12.010000228881836,0
2023-06-01,11.600000381469727,11.970000267028809,11.220000267028809,11.970000267028809,0
2023-06-02,11.130000114440918,11.739999771118164,10.859999656677246,11.600000381469727,0
2023-06-05,11.140000343322754,11.34000015258789,10.319999694824219,11.130000114440918,0
2023-06-06,11.380000114440918,11.619999885559082,10.470000267028809,11.140000343322754,0
2023-06-07,11.4399995803833,11.539999961853027,9.640000343322754,11.380000114440918,0
2023-06-08,11.260000228881836,11.569999694824219,10.130000114440918,11.4399995803833,0
2023-06-09,11.119999885559082,11.300000190734863,10.3100004196167,11.260000228881836,0
2023-06-12,11.25,11.800000190734863,10.579999923706055,11.119999885559082,0
2023-06-13,11.109999656677246,11.25,9.989999771118164,11.25,0
2023-06-14,11.15999984741211,11.369999885559082,10.630000114440918,11.109999656677246,0
2023-06-15,11.079999923706055,11.369999885559082,9.6899995803833,11.15999984741211,0
2023-06-16,10.84000015258789,11.079999923706055,10.5600004196167,11.079999923706055,0
2023-06-19,11.229999542236328,11.5,10.329999923706055,10.84000015258789,0
2023-06-20,11.130000114440918,11.4399995803833,10.569999694824219,11.229999542236328,0
2023-06-21,11.289999961853027,11.430000305175781,10.770000457763672,11.130000114440918,0
2023-06-22,11.550000190734863,11.710000038146973,10.6899995803833,11.289999961853027,0
2023-06-23,11.239999771118164,11.84000015258789,11.140000343322754,11.550000190734863,0
2023-06-26,11.399999618530273,11.930000305175781,11.239999771118164,11.239999771118164,0
2023-06-27,10.779999732971191,11.420000076293945,10.6899995803833,11.399999618530273,0
2023-06-28,10.890000343322754,11.539999961853027,10.649999618530273,10.779999732971191,0
2023-06-30,10.800000190734863,11.220000267028809,10.069999694824219,10.890000343322754,0
2023-07-03,11.539999961853027,12.029999732971191,10.800000190734863,10.800000190734863,0
2023-07-04,11.699999809265137,11.989999771118164,11.520000457763672,11.539999961853027,0
2023-07-05,11.880000114440918,12.210000038146973,11.569999694824219,11.699999809265137,0
2023-07-06,11.84000015258789,12.210000038146973,11.779999732971191,11.880000114440918,0
2023-07-07,11.529999732971191,12.069999694824219,11.079999923706055,11.84000015258789,0
2023-07-10,11.460000038146973,12.010000228881836,11.359999656677246,11.529999732971191,0
2023-07-11,11.010000228881836,11.460000038146973,10.949999809265137,11.460000038146973,0
2023-07-12,10.9399995803833,11.199999809265137,10.720000267028809,11.010000228881836,0
2023-07-13,10.9399995803833,11.170000076293945,10.699999809265137,10.9399995803833,0
2023-07-14,10.680000305175781,10.9399995803833,10.609999656677246,10.9399995803833,0
2023-07-17,11.319999694824219,11.399999618530273,9.859999656677246,10.680000305175781,0
2023-07-18,11.710000038146973,12.020000457763672,11.069999694824219,11.319999694824219,0
2023-07-19,11.600000381469727,11.9399995803833,11.539999961853027,11.710000038146973,0
2023-07-20,11.789999961853027,12.260000228881836,11.369999885559082,11.600000381469727,0
2023-07-21,11.489999771118164,12.029999732971191,11.0600004196167,11.789999961853027,0
2023-07-24,11.649999618530273,12.0,10.539999961853027,11.489999771118164,0
2023-07-25,10.239999771118164,11.649999618530273,10.109999656677246,11.649999618530273,0
2023-07-26,10.460000038146973,10.859999656677246,10.220000267028809,10.239999771118164,0
2023-07-27,10.510000228881836,10.979999542236328,9.890000343322754,10.460000038146973,0
2023-07-28,10.140000343322754,10.8100004196167,10.039999961853027,10.510000228881836,0
2023-07-31,10.40999984741211,11.1899995803833,10.140000343322754,10.140000343322754,0
2023-08-01,10.279999732971191,10.699999809265137,10.199999809265137,10.40999984741211,0
2023-08-02,11.279999732971191,11.8100004196167,9.949999809265137,10.279999732971191,0
2023-08-03,11.1899995803833,11.960000038146973,10.979999542236328,11.279999732971191,0
2023-08-04,10.569999694824219,11.1899995803833,10.479999542236328,11.1899995803833,0
2023-08-07,11.100000381469727,11.420000076293945,10.399999618530273,10.569999694824219,0
2023-08-08,11.329999923706055,11.529999732971191,11.100000381469727,11.100000381469727,0
2023-08-09,11.140000343322754,11.770000457763672,10.489999771118164,11.329999923706055,0
2023-08-10,11.399999618530273,11.90999984741211,10.630000114440918,11.140000343322754,0
2023-08-11,11.520000457763672,11.869999885559082,11.359999656677246,11.399999618530273,0
2023-08-14,12.0,12.760000228881836,10.479999542236328,11.520000457763672,0
2023-08-16,12.130000114440918,12.680000305175781,12.0,12.0,0
2023-08-17,12.239999771118164,12.670000076293945,12.109999656677246,12.130000114440918,0
2023-08-18,12.140000343322754,12.489999771118164,10.789999961853027,12.239999771118164,0
2023-08-21,11.960000038146973,12.59000015258789,11.170000076293945,12.140000343322754,0
2023-08-22,11.75,12.09000015258789,11.59000015258789,11.960000038146973,0
2023-08-23,11.729999542236328,11.890000343322754,10.3100004196167,11.75,0
2023-08-24,11.699999809265137,12.239999771118164,10.199999809265137,11.729999542236328,0
2023-08-25,12.079999923706055,12.239999771118164,9.979999542236328,11.699999809265137,0
2023-08-28,12.399999618530273,12.720000267028809,9.5,12.079999923706055,0
2023-08-29,12.229999542236328,12.460000038146973,10.649999618530273,12.399999618530273,0
2023-08-30,11.800000190734863,12.239999771118164,11.460000038146973,12.229999542236328,0
2023-08-31,12.0600004196167,12.279999732971191,11.760000228881836,11.800000190734863,0
2023-09-01,11.369999885559082,12.180000305175781,10.40999984741211,12.0600004196167,0
2023-09-04,10.960000038146973,11.539999961853027,10.859999656677246,11.369999885559082,0
2023-09-05,10.819999694824219,11.09000015258789,9.369999885559082,10.960000038146973,0
2023-09-06,10.680000305175781,10.979999542236328,9.8100004196167,10.819999694824219,0
2023-09-07,10.869999885559082,11.029999732971191,9.800000190734863,10.680000305175781,0
2023-09-08,10.779999732971191,10.970000267028809,10.079999923706055,10.869999885559082,0
2023-09-11,11.350000381469727,11.5,10.34000015258789,10.779999732971191,0
2023-09-12,11.6899995803833,12.020000457763672,10.710000038146973,11.350000381469727,0
2023-09-13,11.829999923706055,12.050000190734863,11.539999961853027,11.6899995803833,0
2023-09-14,11.319999694824219,12.039999961853027,11.210000038146973,11.829999923706055,0
2023-09-15,10.899999618530273,11.319999694824219,10.069999694824219,11.319999694824219,0
2023-09-18,10.84000015258789,11.40999984741211,10.449999809265137,10.899999618530273,0
2023-09-20,11.130000114440918,11.470000267028809,10.84000015258789,10.84000015258789,0
2023-09-21,10.819999694824219,11.390000343322754,10.619999885559082,11.130000114440918,0
2023-09-22,10.65999984741211,11.069999694824219,10.390000343322754,10.819999694824219,0
2023-09-25,10.899999618530273,11.3100004196167,10.270000457763672,10.65999984741211,0
2023-09-26,11.1899995803833,11.289999961853027,9.25,10.899999618530273,0
2023-09-27,11.59000015258789,11.819999694824219,9.390000343322754,11.1899995803833,0
2023-09-28,12.819999694824219,13.020000457763672,9.399999618530273,11.59000015258789,0
2023-09-29,11.449999809265137,12.819999694824219,11.3100004196167,12.819999694824219,0
2023-10-03,11.789999961853027,12.40999984741211,10.779999732971191,11.449999809265137,0
2023-10-04,11.65999984741211,12.220000267028809,11.119999885559082,11.789999961853027,0
2023-10-05,10.9399995803833,11.65999984741211,10.84000015258789,11.65999984741211,0
2023-10-06,10.300000190734863,10.9399995803833,9.729999542236328,10.9399995803833,0
2023-10-09,11.399999618530273,11.630000114440918,10.119999885559082,10.300000190734863,0
2023-10-10,11.270000457763672,11.399999618530273,10.859999656677246,11.399999618530273,0
2023-10-11,10.989999771118164,11.319999694824219,10.390000343322754,11.270000457763672,0
2023-10-12,10.619999885559082,11.119999885559082,10.569999694824219,10.989999771118164,0
2023-10-13,10.619999885559082,11.029999732971191,10.399999618530273,10.619999885559082,0
2023-10-16,11.069999694824219,11.149999618530273,9.149999618530273,10.619999885559082,0
2023-10-17,10.699999809265137,11.069999694824219,10.430000305175781,11.069999694824219,0
2023-10-18,10.970000267028809,11.170000076293945,10.489999771118164,10.699999809265137,0
2023-10-19,10.899999618530273,11.210000038146973,10.050000190734863,10.970000267028809,0
2023-10-20,10.819999694824219,11.09000015258789,10.069999694824219,10.899999618530273,0
2023-10-23,10.90999984741211,11.359999656677246,8.819999694824219,10.819999694824219,0
2023-10-25,11.3100004196167,12.180000305175781,9.970000267028809,10.90999984741211,0
2023-10-26,11.729999542236328,12.699999809265137,11.3100004196167,11.3100004196167,0
2023-10-27,10.90999984741211,12.3100004196167,10.670000076293945,11.729999542236328,0
2023-10-30,11.489999771118164,12.1899995803833,10.90999984741211,10.90999984741211,0
2023-10-31,11.829999923706055,12.289999961853027,11.260000228881836,11.489999771118164,0
2023-11-01,12.050000190734863,12.199999809265137,11.829999923706055,11.829999923706055,0
2023-11-02,11.079999923706055,12.050000190734863,10.949999809265137,12.050000190734863,0
2023-11-03,10.880000114440918,11.079999923706055,10.640000343322754,11.079999923706055,0
2023-11-06,11.109999656677246,11.279999732971191,10.380000114440918,10.880000114440918,0
2023-11-07,11.1899995803833,12.180000305175781,11.0,11.109999656677246,0
2023-11-08,11.039999961853027,11.329999923706055,10.630000114440918,11.1899995803833,0
2023-11-09,10.979999542236328,11.25,10.369999885559082,11.039999961853027,0
2023-11-10,11.109999656677246,11.359999656677246,9.859999656677246,10.979999542236328,0
2023-11-13,11.1899995803833,11.630000114440918,10.5,11.350000381469727,0
2023-11-15,11.140000343322754,11.420000076293945,8.399999618530273,11.1899995803833,0
2023-11-16,11.649999618530273,11.8100004196167,10.619999885559082,11.140000343322754,0
2023-11-17,11.829999923706055,12.09000015258789,10.1899995803833,11.649999618530273,0
2023-11-20,12.149999618530273,12.670000076293945,11.199999809265137,11.829999923706055,0
2023-11-21,12.229999542236328,12.4399995803833,10.760000228881836,12.149999618530273,0
2023-11-22,11.869999885559082,12.710000038146973,11.020000457763672,12.229999542236328,0
2023-11-23,11.319999694824219,12.140000343322754,10.979999542236328,11.869999885559082,0
2023-11-24,11.329999923706055,11.470000267028809,8.680000305175781,11.319999694824219,0
2023-11-28,12.180000305175781,12.489999771118164,11.069999694824219,11.329999923706055,0
2023-11-29,12.710000038146973,14.460000038146973,11.329999923706055,12.180000305175781,0
2023-11-30,12.6899995803833,13.350000381469727,11.760000228881836,12.710000038146973,0
2023-12-01,12.380000114440918,12.760000228881836,11.779999732971191,12.6899995803833,0
2023-12-04,12.989999771118164,13.15999984741211,11.34000015258789,12.380000114440918,0
2023-12-05,13.460000038146973,13.880000114440918,11.479999542236328,12.989999771118164,0
2023-12-06,13.739999771118164,14.09000015258789,12.6899995803833,13.460000038146973,0
2023-12-07,12.670000076293945,13.739999771118164,12.550000190734863,13.739999771118164,0
2023-12-08,12.470000267028809,12.880000114440918,12.140000343322754,12.670000076293945,0
2023-12-11,12.760000228881836,13.119999885559082,12.229999542236328,12.470000267028809,0
2023-12-12,12.710000038146973,12.869999885559082,11.6899995803833,12.760000228881836,0
2023-12-13,12.069999694824219,12.819999694824219,11.539999961853027,12.710000038146973,0
2023-12-14,12.319999694824219,12.510000228881836,11.0,12.069999694824219,0
2023-12-15,13.130000114440918,13.34000015258789,10.800000190734863,12.319999694824219,0
2023-12-18,13.899999618530273,14.119999885559082,13.130000114440918,13.130000114440918,0
2023-12-19,13.869999885559082,14.119999885559082,13.550000190734863,13.899999618530273,0
2023-12-20,14.449999809265137,14.869999885559082,12.779999732971191,13.869999885559082,0
2023-12-21,13.760000228881836,15.010000228881836,12.279999732971191,14.449999809265137,0
2023-12-22,13.710000038146973,13.989999771118164,12.229999542236328,13.760000228881836,0
2023-12-26,14.680000305175781,14.949999809265137,13.710000038146973,13.710000038146973,0
2023-12-27,15.5600004196167,15.729999542236328,14.470000267028809,14.680000305175781,0
2023-12-28,15.140000343322754,16.469999313354492,14.960000038146973,15.5600004196167,0
2023-12-29,14.5,15.430000305175781,14.369999885559082,15.140000343322754,0
2024-01-02,14.579999923706055,15.079999923706055,14.239999771118164,14.680000305175781,0
2024-01-03,14.100000381469727,14.779999732971191,14.020000457763672,14.579999923706055,0
2024-01-04,13.329999923706055,14.210000038146973,13.210000038146973,14.100000381469727,0
2024-01-05,12.630000114440918,13.470000267028809,12.489999771118164,13.329999923706055,0
2024-01-08,13.460000038146973,13.600000381469727,12.630000114440918,12.630000114440918,0
2024-01-09,13.260000228881836,13.510000228881836,12.779999732971191,13.460000038146973,0
2024-01-10,12.970000267028809,14.5600004196167,12.8100004196167,13.260000228881836,0
2024-01-11,12.770000457763672,13.1899995803833,12.630000114440918,12.970000267028809,0
2024-01-12,13.100000381469727,13.289999961853027,12.420000076293945,12.770000457763672,0
2024-01-15,13.789999961853027,13.890000343322754,11.789999961853027,13.100000381469727,0
2024-01-16,13.569999694824219,14.039999961853027,12.489999771118164,13.789999961853027,0
2024-01-17,15.079999923706055,15.229999542236328,12.720000267028809,13.569999694824219,0
2024-01-18,14.069999694824219,15.710000038146973,12.979999542236328,15.079999923706055,0
2024-01-19,13.880000114440918,14.109999656677246,13.680000305175781,14.069999694824219,0
2024-01-23,14.850000381469727,15.40999984741211,12.199999809265137,13.800000190734863,0
2024-01-24,14.380000114440918,15.649999618530273,14.029999732971191,14.850000381469727,0
2024-01-25,13.869999885559082,15.34000015258789,13.359999656677246,14.380000114440918,0
2024-01-29,15.680000305175781,15.850000381469727,13.800000190734863,13.869999885559082,0
2024-01-30,16.100000381469727,16.579999923706055,14.989999771118164,15.680000305175781,0
2024-01-31,16.049999237060547,16.530000686645508,15.800000190734863,16.100000381469727,0
2024-02-01,14.460000038146973,16.110000610351562,14.359999656677246,16.049999237060547,0
2024-02-02,14.699999809265137,15.130000114440918,14.029999732971191,14.460000038146973,0
2024-02-05,15.619999885559082,16.049999237060547,14.699999809265137,14.699999809265137,0
2024-02-06,15.789999961853027,15.979999542236328,15.09000015258789,15.619999885559082,0
2024-02-07,15.510000228881836,16.020000457763672,14.739999771118164,15.789999961853027,0
2024-02-08,15.829999923706055,16.030000686645508,15.239999771118164,15.510000228881836,0
2024-02-09,15.449999809265137,16.329999923706055,15.270000457763672,15.829999923706055,0
2024-02-12,16.059999465942383,16.540000915527344,15.449999809265137,15.449999809265137,0
2024-02-13,15.8100004196167,16.56999969482422,15.75,16.059999465942383,0
2024-02-14,15.4399995803833,16.200000762939453,15.34000015258789,15.8100004196167,0
2024-02-15,15.229999542236328,15.65999984741211,15.109999656677246,15.4399995803833,0
2024-02-16,15.220000267028809,15.550000190734863,14.899999618530273,15.229999542236328,0
2024-02-20,16.06999969482422,16.360000610351562,14.210000038146973,16.020000457763672,0
2024-02-21,15.930000305175781,16.309999465942383,15.680000305175781,16.06999969482422,0
2024-02-22,15.199999809265137,16.149999618530273,15.130000114440918,15.930000305175781,0
2024-02-23,14.970000267028809,15.4399995803833,14.84000015258789,15.199999809265137,0
2024-02-26,15.600000381469727,15.960000038146973,13.760000228881836,14.970000267028809,0
2024-02-27,15.729999542236328,16.0,15.529999732971191,15.600000381469727,0
2024-02-28,16.329999923706055,16.739999771118164,15.3100004196167,15.729999542236328,0
2024-02-29,15.569999694824219,16.549999237060547,15.369999885559082,16.329999923706055,0
2024-03-01,15.239999771118164,15.640000343322754,15.0,15.569999694824219,0
2024-03-04,14.920000076293945,15.300000190734863,14.819999694824219,14.989999771118164,0
2024-03-05,14.380000114440918,15.170000076293945,14.180000305175781,14.920000076293945,0
2024-03-06,14.300000190734863,14.710000038146973,13.90999984741211,14.380000114440918,0
2024-03-07,13.609999656677246,14.430000305175781,13.5600004196167,14.300000190734863,0
2024-03-11,14.0,14.550000190734863,13.609999656677246,13.609999656677246,0
2024-03-12,13.640000343322754,14.199999809265137,13.579999923706055,14.0,0
2024-03-13,14.430000305175781,15.010000228881836,13.529999732971191,13.640000343322754,0
2024-03-14,13.619999885559082,14.680000305175781,13.520000457763672,14.430000305175781,0
2024-03-15,13.6899995803833,14.329999923706055,13.59000015258789,13.619999885559082,0
2024-03-18,13.899999618530273,14.619999885559082,13.6899995803833,13.6899995803833,0
2024-03-19,14.109999656677246,14.449999809265137,13.880000114440918,13.899999618530273,0
2024-03-20,13.470000267028809,14.279999732971191,13.09000015258789,14.109999656677246,0
2024-03-21,12.510000228881836,13.470000267028809,12.34000015258789,13.470000267028809,0
2024-03-22,12.220000267028809,13.050000190734863,11.8100004196167,12.510000228881836,0
2024-03-26,12.819999694824219,13.100000381469727,12.09000015258789,12.220000267028809,0
2024-03-27,12.699999809265137,13.010000228881836,12.529999732971191,12.819999694824219,0
2024-03-28,12.829999923706055,13.180000305175781,12.260000228881836,12.699999809265137,0
2024-04-01,12.079999923706055,13.359999656677246,12.010000228881836,12.829999923706055,0
2024-04-02,11.649999618530273,12.3100004196167,11.600000381469727,12.079999923706055,0
2024-04-03,11.369999885559082,11.829999923706055,11.3100004196167,11.649999618530273,0
2024-04-04,11.220000267028809,11.84000015258789,10.859999656677246,11.369999885559082,0
2024-04-05,11.34000015258789,11.680000305175781,11.039999961853027,11.220000267028809,0
2024-04-08,11.609999656677246,11.739999771118164,11.130000114440918,11.34000015258789,0
2024-04-09,11.359999656677246,11.609999656677246,10.619999885559082,11.609999656677246,0
2024-04-10,11.109999656677246,11.359999656677246,10.989999771118164,11.359999656677246,0
2024-04-12,11.529999732971191,11.609999656677246,11.109999656677246,11.109999656677246,0
2024-04-15,12.470000267028809,12.739999771118164,11.3100004196167,11.529999732971191,0
2024-04-16,12.619999885559082,12.930000305175781,12.34000015258789,12.470000267028809,0
2024-04-18,13.039999961853027,13.390000343322754,12.029999732971191,12.619999885559082,0
2024-04-19,13.460000038146973,14.40999984741211,11.920000076293945,13.039999961853027,0
2024-04-22,12.699999809265137,13.460000038146973,12.609999656677246,13.460000038146973,0
2024-04-23,10.199999809265137,12.699999809265137,9.859999656677246,12.699999809265137,0
2024-04-24,10.279999732971191,11.130000114440918,9.949999809265137,10.199999809265137,0
2024-04-25,10.729999542236328,11.460000038146973,10.260000228881836,10.279999732971191,0
2024-04-26,10.930000305175781,11.319999694824219,10.59000015258789,10.729999542236328,0
2024-04-29,12.239999771118164,12.489999771118164,10.930000305175781,10.930000305175781,0
2024-04-30,12.869999885559082,13.210000038146973,12.239999771118164,12.239999771118164,0
2024-05-02,13.449999809265137,13.949999809265137,12.869999885559082,12.869999885559082,0
2024-05-03,14.619999885559082,15.3100004196167,13.449999809265137,13.449999809265137,0
2024-05-06,16.600000381469727,16.959999084472656,14.619999885559082,14.619999885559082,0
2024-05-07,17.010000228881836,17.639999389648438,16.600000381469727,16.600000381469727,0
2024-05-08,17.079999923706055,18.31999969482422,16.459999084472656,17.010000228881836,0
2024-05-09,18.200000762939453,19.170000076293945,17.079999923706055,17.079999923706055,0
2024-05-10,18.469999313354492,19.010000228881836,18.0,18.200000762939453,0
2024-05-13,20.600000381469727,21.489999771118164,18.469999313354492,18.469999313354492,0
2024-05-14,20.200000762939453,21.8799991607666,20.110000610351562,20.600000381469727,0
2024-05-15,20.270000457763672,20.65999984741211,19.8700008392334,20.200000762939453,0
2024-05-16,20.0,21.110000610351562,18.969999313354492,20.270000457763672,0
2024-05-17,19.799999237060547,20.3700008392334,18.979999542236328,20.0,0
2024-05-21,21.809999465942383,22.299999237060547,20.530000686645508,20.530000686645508,0
2024-05-22,21.469999313354492,22.290000915527344,18.18000030517578,21.809999465942383,0
2024-05-23,21.3799991607666,24.219999313354492,18.84000015258789,21.469999313354492,0
2024-05-24,21.709999084472656,21.899999618530273,20.59000015258789,21.3799991607666,0
2024-05-27,23.190000534057617,26.200000762939453,18.43000030517578,21.709999084472656,0
2024-05-28,24.200000762939453,24.479999542236328,22.030000686645508,23.190000534057617,0
2024-05-29,24.18000030517578,24.770000457763672,23.549999237060547,24.200000762939453,0
2024-05-30,24.18000030517578,24.520000457763672,22.75,24.18000030517578,0
2024-05-31,24.600000381469727,24.809999465942383,22.600000381469727,24.18000030517578,0
2024-06-03,20.940000534057617,24.600000381469727,19.110000610351562,24.600000381469727,0
2024-06-04,26.75,31.709999084472656,18.799999237060547,20.940000534057617,0
2024-06-05,18.889999389648438,26.93000030517578,18.65999984741211,26.75,0
2024-06-06,16.799999237060547,18.889999389648438,16.559999465942383,18.889999389648438,0
2024-06-07,16.8799991607666,17.149999618530273,16.3700008392334,16.799999237060547,0
2024-06-10,16.399999618530273,17.25,16.170000076293945,16.8799991607666,0
2024-06-11,14.770000457763672,16.399999618530273,14.680000305175781,16.399999618530273,0
2024-06-12,14.390000343322754,14.770000457763672,13.170000076293945,14.770000457763672,0
2024-06-13,13.489999771118164,14.390000343322754,13.3100004196167,14.390000343322754,0
2024-06-14,12.819999694824219,13.489999771118164,12.65999984741211,13.489999771118164,0
2024-06-18,12.970000267028809,13.420000076293945,12.630000114440918,12.819999694824219,0
2024-06-19,13.710000038146973,13.819999694824219,11.630000114440918,12.970000267028809,0
2024-06-20,13.350000381469727,14.0600004196167,13.100000381469727,13.710000038146973,0
2024-06-21,13.180000305175781,13.59000015258789,12.479999542236328,13.350000381469727,0
2024-06-24,14.0600004196167,14.270000457763672,13.149999618530273,13.180000305175781,0
2024-06-25,14.3100004196167,14.460000038146973,13.84000015258789,14.0600004196167,0
2024-06-26,14.050000190734863,14.550000190734863,13.989999771118164,14.3100004196167,0
2024-06-27,14.149999618530273,14.609999656677246,13.920000076293945,14.050000190734863,0
2024-06-28,13.800000190734863,14.289999961853027,13.6899995803833,14.149999618530273,0
2024-07-01,13.829999923706055,14.229999542236328,13.789999961853027,13.800000190734863,0
2024-07-02,13.640000343322754,14.010000228881836,13.319999694824219,13.829999923706055,0
2024-07-03,13.210000038146973,13.720000267028809,12.869999885559082,13.640000343322754,0
2024-07-04,12.859999656677246,13.210000038146973,12.260000228881836,13.210000038146973,0
2024-07-05,12.699999809265137,12.989999771118164,12.079999923706055,12.859999656677246,0
2024-07-08,13.600000381469727,13.760000228881836,12.699999809265137,12.699999809265137,0
2024-07-09,14.279999732971191,14.399999618530273,12.789999961853027,13.600000381469727,0
2024-07-10,14.430000305175781,14.920000076293945,13.40999984741211,14.279999732971191,0
2024-07-11,14.0,14.430000305175781,12.680000305175781,14.430000305175781,0
2024-07-12,13.729999542236328,14.050000190734863,13.220000267028809,14.0,0
2024-07-15,14.1899995803833,14.34000015258789,13.569999694824219,13.729999542236328,0
2024-07-16,14.220000267028809,14.59000015258789,13.800000190734863,14.1899995803833,0
2024-07-18,14.510000228881836,14.710000038146973,13.75,14.220000267028809,0
2024-07-19,14.829999923706055,14.970000267028809,12.739999771118164,14.510000228881836,0
2024-07-22,15.4399995803833,15.630000114440918,13.119999885559082,14.829999923706055,0
2024-07-23,12.75,16.06999969482422,12.59000015258789,15.4399995803833,0
2024-07-24,11.760000228881836,14.039999961853027,11.619999885559082,12.75,0
2024-07-25,12.619999885559082,13.220000267028809,11.279999732971191,11.760000228881836,0
2024-07-26,12.25,13.140000343322754,11.979999542236328,12.619999885559082,0
2024-07-29,12.949999809265137,13.260000228881836,12.029999732971191,12.25,0
2024-07-30,12.880000114440918,13.260000228881836,11.720000267028809,12.949999809265137,0
2024-07-31,13.25,13.390000343322754,11.619999885559082,12.880000114440918,0
2024-08-01,12.930000305175781,13.3100004196167,11.979999542236328,13.25,0
2024-08-02,14.319999694824219,14.510000228881836,11.6899995803833,12.930000305175781,0
2024-08-05,20.3700008392334,23.149999618530273,13.90999984741211,14.319999694824219,0
2024-08-06,18.739999771118164,20.3700008392334,14.869999885559082,20.3700008392334,0
2024-08-07,16.170000076293945,18.739999771118164,13.720000267028809,18.739999771118164,0
2024-08-08,16.600000381469727,17.229999542236328,14.380000114440918,16.170000076293945,0
2024-08-09,15.34000015258789,16.600000381469727,13.430000305175781,16.600000381469727,0
2024-08-12,15.869999885559082,16.559999465942383,13.399999618530273,15.34000015258789,0
2024-08-13,16.170000076293945,16.3799991607666,14.220000267028809,15.869999885559082,0
2024-08-14,15.4399995803833,16.219999313354492,13.819999694824219,16.170000076293945,0
2024-08-16,14.399999618530273,15.4399995803833,12.949999809265137,15.4399995803833,0
2024-08-19,14.319999694824219,14.829999923706055,13.199999809265137,14.399999618530273,0
2024-08-20,13.819999694824219,14.319999694824219,11.430000305175781,14.319999694824219,0
2024-08-21,13.329999923706055,14.050000190734863,11.819999694824219,13.819999694824219,0
2024-08-22,13.0,13.779999732971191,10.960000038146973,13.329999923706055,0
2024-08-23,13.550000190734863,13.619999885559082,10.84000015258789,13.0,0
2024-08-26,13.800000190734863,13.989999771118164,12.010000228881836,13.550000190734863,0
2024-08-27,13.630000114440918,14.010000228881836,12.710000038146973,13.800000190734863,0
2024-08-28,13.949999809265137,14.09000015258789,12.039999961853027,13.630000114440918,0
2024-08-29,13.789999961853027,14.140000343322754,12.479999542236328,13.949999809265137,0
2024-08-30,13.390000343322754,13.90999984741211,12.539999961853027,13.789999961853027,0
2024-09-02,14.0600004196167,14.25,12.630000114440918,13.390000343322754,0
2024-09-03,13.84000015258789,14.149999618530273,12.6899995803833,14.0600004196167,0
2024-09-04,14.380000114440918,14.5600004196167,12.8100004196167,13.84000015258789,0
2024-09-05,14.210000038146973,14.380000114440918,13.34000015258789,14.380000114440918,0
2024-09-06,15.220000267028809,15.670000076293945,12.350000381469727,14.210000038146973,0
2024-09-09,14.239999771118164,15.5600004196167,14.109999656677246,15.220000267028809,0
2024-09-10,13.359999656677246,14.239999771118164,12.170000076293945,14.239999771118164,0
2024-09-11,13.630000114440918,13.770000457763672,11.329999923706055,13.359999656677246,0
2024-09-12,13.180000305175781,13.630000114440918,11.140000343322754,13.630000114440918,0
2024-09-13,12.550000190734863,13.180000305175781,12.470000267028809,13.180000305175781,0
2024-09-16,12.460000038146973,12.960000038146973,12.3100004196167,12.550000190734863,0
2024-09-17,12.59000015258789,12.75,11.880000114440918,12.460000038146973,0
2024-09-18,13.369999885559082,13.850000381469727,12.260000228881836,12.59000015258789,0
2024-09-19,12.470000267028809,13.369999885559082,12.100000381469727,13.369999885559082,0
2024-09-20,12.789999961853027,13.109999656677246,10.899999618530273,12.470000267028809,0
2024-09-23,13.789999961853027,14.029999732971191,12.430000305175781,12.789999961853027,0
2024-09-24,13.390000343322754,14.109999656677246,12.739999771118164,13.789999961853027,0
2024-09-25,12.739999771118164,13.609999656677246,8.979999542236328,13.390000343322754,0
2024-09-26,12.0,12.739999771118164,11.350000381469727,12.739999771118164,0
2024-09-27,11.960000038146973,12.079999923706055,10.5,12.0,0
2024-09-30,12.789999961853027,13.239999771118164,11.600000381469727,11.960000038146973,0
2024-10-01,11.989999771118164,12.789999961853027,11.710000038146973,12.789999961853027,0
2024-10-03,13.170000076293945,13.930000305175781,11.6899995803833,11.989999771118164,0
2024-10-04,14.130000114440918,14.479999542236328,12.289999961853027,13.170000076293945,0
2024-10-07,15.079999923706055,15.5,13.619999885559082,14.130000114440918,0
2024-10-08,14.59000015258789,15.5600004196167,13.880000114440918,15.079999923706055,0
2024-10-09,14.119999885559082,14.59000015258789,12.699999809265137,14.59000015258789,0
2024-10-10,13.5,14.119999885559082,11.729999542236328,14.119999885559082,0
2024-10-11,13.220000267028809,13.699999809265137,11.539999961853027,13.5,0
2024-10-14,13.0,13.739999771118164,12.920000076293945,13.220000267028809,0
2024-10-15,13.0,13.359999656677246,10.920000076293945,13.0,0
2024-10-16,13.050000190734863,13.5600004196167,11.4399995803833,13.0,0
2024-10-17,13.390000343322754,13.470000267028809,11.0600004196167,13.050000190734863,0
2024-10-18,13.039999961853027,14.0600004196167,12.869999885559082,13.390000343322754,0
2024-10-21,13.760000228881836,14.199999809265137,12.550000190734863,13.039999961853027,0
2024-10-22,14.399999618530273,14.520000457763672,9.470000267028809,13.760000228881836,0
2024-10-23,14.619999885559082,15.029999732971191,11.739999771118164,14.399999618530273,0
2024-10-24,13.970000267028809,14.899999618530273,12.699999809265137,14.619999885559082,0
2024-10-25,14.630000114440918,15.079999923706055,13.350000381469727,13.970000267028809,0
2024-10-28,14.289999961853027,15.479999542236328,13.539999961853027,14.630000114440918,0
2024-10-29,14.520000457763672,15.029999732971191,13.5600004196167,14.289999961853027,0
2024-10-30,15.510000228881836,15.699999809265137,14.279999732971191,14.520000457763672,0
2024-10-31,15.550000190734863,16.239999771118164,14.649999618530273,15.510000228881836,0
2024-11-01,15.899999618530273,16.1299991607666,13.630000114440918,15.550000190734863,0
2024-11-04,16.690000534057617,17.600000381469727,14.779999732971191,15.899999618530273,0
2024-11-05,16.1200008392334,19.020000457763672,15.800000190734863,16.690000534057617,0
2024-11-06,14.869999885559082,20.75,14.710000038146973,16.1200008392334,0
2024-11-07,14.9399995803833,15.520000457763672,14.270000457763672,14.869999885559082,0
2024-11-08,14.470000267028809,15.729999542236328,14.390000343322754,14.9399995803833,0
2024-11-11,14.270000457763672,15.470000267028809,13.119999885559082,14.470000267028809,0
2024-11-12,14.59000015258789,14.84000015258789,12.739999771118164,14.270000457763672,0
2024-11-13,15.4399995803833,15.869999885559082,13.930000305175781,14.59000015258789,0
2024-11-14,14.779999732971191,15.6899995803833,13.40999984741211,15.4399995803833,0
2024-11-18,15.170000076293945,16.579999923706055,13.760000228881836,14.779999732971191,0
2024-11-19,15.65999984741211,16.18000030517578,12.729999542236328,15.170000076293945,0
2024-11-21,15.989999771118164,16.780000686645508,14.84000015258789,15.65999984741211,0
2024-11-22,16.100000381469727,18.670000076293945,12.75,15.989999771118164,0
2024-11-25,15.300000190734863,16.860000610351562,13.630000114440918,16.100000381469727,0
2024-11-26,15.3100004196167,16.260000228881836,13.869999885559082,15.300000190734863,0
2024-11-27,14.630000114440918,15.3100004196167,13.25,15.3100004196167,0
2024-11-28,15.210000038146973,15.5600004196167,14.270000457763672,14.630000114440918,0
2024-11-29,14.430000305175781,15.460000038146973,14.329999923706055,15.210000038146973,0
2024-12-02,14.699999809265137,15.079999923706055,13.3100004196167,14.430000305175781,0
2024-12-03,14.369999885559082,14.890000343322754,14.239999771118164,14.699999809265137,0
2024-12-04,14.449999809265137,14.800000190734863,14.109999656677246,14.369999885559082,0
2024-12-05,14.529999732971191,15.710000038146973,14.0600004196167,14.449999809265137,0
2024-12-06,14.140000343322754,15.020000457763672,14.050000190734863,14.529999732971191,0
2024-12-09,14.109999656677246,14.640000343322754,13.449999809265137,14.140000343322754,0
2024-12-10,13.779999732971191,14.670000076293945,13.699999809265137,14.109999656677246,0
2024-12-11,13.270000457763672,14.109999656677246,13.180000305175781,13.779999732971191,0
2024-12-12,13.1899995803833,13.399999618530273,12.949999809265137,13.270000457763672,0
2024-12-13,13.050000190734863,14.720000267028809,12.470000267028809,13.1899995803833,0
2024-12-16,14.020000457763672,14.510000228881836,13.050000190734863,13.050000190734863,0
2024-12-17,14.489999771118164,14.979999542236328,13.180000305175781,14.020000457763672,0
2024-12-18,14.369999885559082,15.239999771118164,14.270000457763672,14.489999771118164,0
2024-12-19,14.510000228881836,15.4399995803833,13.869999885559082,14.369999885559082,0
2024-12-20,15.069999694824219,15.550000190734863,14.399999618530273,14.510000228881836,0
2024-12-23,13.520000457763672,16.8799991607666,13.420000076293945,15.069999694824219,0
2024-12-24,13.180000305175781,15.029999732971191,12.979999542236328,13.520000457763672,0
2024-12-26,14.039999961853027,14.390000343322754,13.079999923706055,13.180000305175781,0
2024-12-27,13.239999771118164,14.239999771118164,13.039999961853027,14.039999961853027,0
2024-12-30,13.970000267028809,14.369999885559082,13.239999771118164,13.239999771118164,0
2024-12-31,14.449999809265137,14.640000343322754,13.970000267028809,13.970000267028809,0
2025-01-02,13.739999771118164,14.800000190734863,13.630000114440918,14.510000228881836,0
2025-01-03,13.539999961853027,13.979999542236328,13.229999542236328,13.739999771118164,0
2025-01-06,15.649999618530273,15.920000076293945,13.539999961853027,13.539999961853027,0
2025-01-07,14.65999984741211,15.649999618530273,14.350000381469727,15.649999618530273,0
2025-01-08,14.470000267028809,14.880000114440918,14.100000381469727,14.65999984741211,0
2025-01-09,14.65999984741211,14.890000343322754,13.75,14.470000267028809,0
2025-01-10,14.920000076293945,15.520000457763672,14.65999984741211,14.65999984741211,0
2025-01-13,16.0,16.18000030517578,14.449999809265137,14.920000076293945,0
2025-01-14,15.470000267028809,16.0,15.119999885559082,16.0,0
2025-01-15,15.260000228881836,15.65999984741211,15.199999809265137,15.470000267028809,0
2025-01-16,15.470000267028809,15.569999694824219,13.960000038146973,15.260000228881836,0
2025-01-17,15.75,16.3799991607666,14.050000190734863,15.470000267028809,0
2025-01-20,16.420000076293945,17.020000457763672,15.180000305175781,15.75,0
2025-01-21,17.059999465942383,17.450000762939453,15.199999809265137,16.420000076293945,0
2025-01-22,16.770000457763672,17.299999237060547,15.90999984741211,17.059999465942383,0
2025-01-23,16.700000762939453,17.079999923706055,15.670000076293945,16.770000457763672,0
2025-01-24,16.75,17.309999465942383,16.1200008392334,16.700000762939453,0
2025-01-27,18.1299991607666,18.520000457763672,16.75,16.75,0
2025-01-28,18.200000762939453,18.5,16.829999923706055,18.1299991607666,0
2025-01-29,18.639999389648438,19.010000228881836,17.290000915527344,18.200000762939453,0
2025-01-30,17.389999389648438,18.989999771118164,17.219999313354492,18.639999389648438,0
2025-01-31,16.25,17.940000534057617,16.110000610351562,17.389999389648438,0
2025-02-03,14.350000381469727,15.109999656677246,14.100000381469727,14.100000381469727,0
2025-02-04,14.020000457763672,15.130000114440918,13.670000076293945,14.350000381469727,0
2025-02-05,14.079999923706055,14.300000190734863,13.5,14.020000457763672,0
2025-02-06,14.180000305175781,14.640000343322754,13.149999618530273,14.079999923706055,0
2025-02-07,13.6899995803833,14.510000228881836,13.550000190734863,14.180000305175781,0
2025-02-10,14.449999809265137,14.720000267028809,13.6899995803833,13.6899995803833,0
2025-02-11,14.869999885559082,15.430000305175781,13.850000381469727,14.449999809265137,0
2025-02-12,14.899999618530273,15.619999885559082,14.609999656677246,14.869999885559082,0
2025-02-13,14.960000038146973,15.470000267028809,12.199999809265137,14.899999618530273,0
2025-02-14,15.020000457763672,15.680000305175781,14.359999656677246,14.960000038146973,0
2025-02-17,15.720000267028809,16.309999465942383,14.5,15.020000457763672,0
2025-02-18,15.670000076293945,16.31999969482422,14.779999732971191,15.720000267028809,0
2025-02-19,15.420000076293945,16.020000457763672,14.75,15.670000076293945,0
2025-02-20,14.680000305175781,15.899999618530273,14.640000343322754,15.420000076293945,0
2025-02-21,14.529999732971191,15.239999771118164,12.079999923706055,14.680000305175781,0
2025-02-24,14.4399995803833,15.579999923706055,14.369999885559082,14.529999732971191,0
2025-02-25,13.720000267028809,15.079999923706055,13.609999656677246,14.4399995803833,0
2025-02-27,13.3100004196167,14.010000228881836,12.90999984741211,13.720000267028809,0
2025-02-28,13.90999984741211,14.119999885559082,13.229999542236328,13.3100004196167,0
2025-03-03,13.760000228881836,14.359999656677246,13.569999694824219,13.90999984741211,0
2025-03-04,13.829999923706055,14.199999809265137,13.369999885559082,13.760000228881836,0
2025-03-05,13.670000076293945,14.130000114440918,13.100000381469727,13.829999923706055,0
2025-03-06,13.729999542236328,14.180000305175781,13.279999732971191,13.670000076293945,0
2025-03-07,13.470000267028809,13.859999656677246,13.329999923706055,13.729999542236328,0
2025-03-10,13.989999771118164,14.210000038146973,13.470000267028809,13.470000267028809,0
2025-03-11,14.069999694824219,14.5,13.680000305175781,13.989999771118164,0
2025-03-12,13.6899995803833,14.369999885559082,13.640000343322754,14.069999694824219,0
2025-03-13,13.279999732971191,13.930000305175781,13.220000267028809,13.6899995803833,0
2025-03-17,13.420000076293945,14.100000381469727,13.279999732971191,13.279999732971191,0
2025-03-18,13.210000038146973,13.649999618530273,11.34000015258789,13.420000076293945,0
2025-03-19,13.300000190734863,13.569999694824219,12.59000015258789,13.210000038146973,0
2025-03-20,12.600000381469727,13.300000190734863,12.510000228881836,13.300000190734863,0
2025-03-21,12.579999923706055,12.84000015258789,10.699999809265137,12.600000381469727,0
2025-03-24,13.699999809265137,13.949999809265137,12.579999923706055,12.579999923706055,0
2025-03-25,13.640000343322754,14.479999542236328,13.489999771118164,13.699999809265137,0
2025-03-26,13.470000267028809,13.920000076293945,13.3100004196167,13.640000343322754,0
2025-03-27,13.300000190734863,13.850000381469727,12.979999542236328,13.470000267028809,0
2025-03-28,12.720000267028809,13.609999656677246,12.569999694824219,13.300000190734863,0
2025-04-01,13.779999732971191,14.050000190734863,12.720000267028809,12.720000267028809,0
2025-04-02,13.720000267028809,14.140000343322754,13.510000228881836,13.779999732971191,0
2025-04-03,13.600000381469727,14.109999656677246,13.40999984741211,13.720000267028809,0
2025-04-04,13.760000228881836,14.25,13.399999618530273,13.600000381469727,0
2025-04-07,22.790000915527344,23.190000534057617,13.760000228881836,13.760000228881836,0
2025-04-08,20.440000534057617,22.790000915527344,19.3799991607666,22.790000915527344,0
2025-04-09,21.43000030517578,21.75,19.700000762939453,20.440000534057617,0
2025-04-11,20.110000610351562,21.43000030517578,18.860000610351562,21.43000030517578,0
2025-04-15,16.1299991607666,20.110000610351562,15.970000267028809,20.110000610351562,0
2025-04-16,15.869999885559082,16.1299991607666,15.119999885559082,16.1299991607666,0
2025-04-17,15.470000267028809,16.459999084472656,15.09000015258789,15.869999885559082,0
2025-04-21,15.520000457763672,16.329999923706055,14.220000267028809,15.470000267028809,0
2025-04-22,15.229999542236328,16.010000228881836,14.539999961853027,15.520000457763672,0
2025-04-23,15.960000038146973,16.520000457763672,12.84000015258789,15.229999542236328,0
2025-04-24,16.25,16.760000228881836,15.550000190734863,15.960000038146973,0
2025-04-25,17.15999984741211,17.579999923706055,15.920000076293945,16.25,0
2025-04-28,16.940000534057617,18.06999969482422,16.6200008392334,17.15999984741211,0
2025-04-29,17.3700008392334,17.59000015258789,16.06999969482422,16.940000534057617,0
2025-04-30,18.219999313354492,18.559999465942383,15.989999771118164,17.3700008392334,0
2025-05-02,18.260000228881836,18.860000610351562,17.350000381469727,18.219999313354492,0
2025-05-05,18.34000015258789,18.799999237060547,18.06999969482422,18.260000228881836,0
2025-05-06,19.0,19.299999237060547,17.989999771118164,18.34000015258789,0
2025-05-07,19.059999465942383,19.729999542236328,18.360000610351562,19.0,0
2025-05-08,21.010000228881836,21.889999389648438,18.149999618530273,19.059999465942383,0
2025-05-09,21.6299991607666,22.75,21.0,21.010000228881836,0
2025-05-12,18.389999389648438,21.6299991607666,17.209999084472656,21.6299991607666,0
2025-05-13,18.200000762939453,18.899999618530273,17.889999389648438,18.389999389648438,0
2025-05-14,17.229999542236328,19.239999771118164,17.079999923706055,18.200000762939453,0
2025-05-15,16.889999389648438,17.670000076293945,16.719999313354492,17.229999542236328,0
2025-05-16,16.549999237060547,17.059999465942383,16.219999313354492,16.889999389648438,0
2025-05-19,17.360000610351562,17.450000762939453,15.829999923706055,16.549999237060547,0
2025-05-20,17.389999389648438,17.65999984741211,15.970000267028809,17.360000610351562,0
2025-05-21,17.549999237060547,18.0,17.040000915527344,17.389999389648438,0
2025-05-22,17.260000228881836,18.200000762939453,16.700000762939453,17.549999237060547,0
2025-05-23,17.280000686645508,17.520000457763672,15.489999771118164,17.260000228881836,0
2025-05-26,18.020000457763672,18.40999984741211,16.059999465942383,17.280000686645508,0
2025-05-27,18.540000915527344,19.18000030517578,17.420000076293945,18.020000457763672,0
2025-05-28,18.020000457763672,19.040000915527344,17.8799991607666,18.540000915527344,0
2025-05-29,16.420000076293945,18.020000457763672,16.209999084472656,18.020000457763672,0
2025-05-30,16.079999923706055,16.549999237060547,15.289999961853027,16.420000076293945,0
2025-06-02,17.15999984741211,17.729999542236328,16.079999923706055,16.079999923706055,0
2025-06-03,16.559999465942383,17.729999542236328,16.260000228881836,17.15999984741211,0
2025-06-04,15.75,17.059999465942383,15.630000114440918,16.559999465942383,0
2025-06-05,15.079999923706055,15.930000305175781,14.979999542236328,15.75,0
2025-06-06,14.630000114440918,15.609999656677246,14.369999885559082,15.079999923706055,0
2025-06-09,14.6899995803833,15.520000457763672,14.630000114440918,14.630000114440918,0
2025-06-10,14.020000457763672,14.739999771118164,13.930000305175781,14.6899995803833,0
2025-06-11,13.670000076293945,14.15999984741211,13.5600004196167,14.020000457763672,0
2025-06-12,14.020000457763672,14.270000457763672,13.130000114440918,13.670000076293945,0
2025-06-13,15.079999923706055,15.979999542236328,14.020000457763672,14.020000457763672,0
2025-06-16,14.84000015258789,15.470000267028809,14.550000190734863,15.079999923706055,0
2025-06-17,14.399999618530273,15.020000457763672,14.300000190734863,14.84000015258789,0
2025-06-18,14.279999732971191,14.819999694824219,14.109999656677246,14.399999618530273,0
2025-06-19,14.260000228881836,14.369999885559082,13.739999771118164,14.279999732971191,0
2025-06-20,13.670000076293945,14.260000228881836,13.319999694824219,14.260000228881836,0
2025-06-23,14.050000190734863,14.520000457763672,13.65999984741211,13.670000076293945,0
2025-06-24,13.640000343322754,14.34000015258789,13.3100004196167,14.050000190734863,0
2025-06-25,12.960000038146973,13.640000343322754,12.899999618530273,13.640000343322754,0
2025-06-26,12.59000015258789,13.329999923706055,12.520000457763672,12.960000038146973,0
2025-06-27,12.390000343322754,12.920000076293945,12.319999694824219,12.59000015258789,0
2025-06-30,12.789999961853027,13.029999732971191,12.390000343322754,12.390000343322754,0
2025-07-01,12.529999732971191,12.989999771118164,12.4399995803833,12.789999961853027,0
2025-07-02,12.449999809265137,12.65999984741211,12.34000015258789,12.529999732971191,0
2025-07-03,12.390000343322754,12.65999984741211,12.1899995803833,12.449999809265137,0
2025-07-04,12.319999694824219,12.699999809265137,12.239999771118164,12.390000343322754,0
2025-07-07,12.5600004196167,12.789999961853027,11.9399995803833,12.319999694824219,0
2025-07-08,12.199999809265137,12.710000038146973,12.0600004196167,12.5600004196167,0
2025-07-09,11.9399995803833,12.359999656677246,11.75,12.199999809265137,0
2025-07-10,11.670000076293945,12.1899995803833,11.609999656677246,11.9399995803833,0
2025-07-11,11.819999694824219,12.119999885559082,11.539999961853027,11.670000076293945,0
2025-07-14,11.979999542236328,12.420000076293945,11.819999694824219,11.819999694824219,0
2025-07-15,11.479999542236328,12.029999732971191,11.40999984741211,11.979999542236328,0
2025-07-16,11.239999771118164,11.670000076293945,11.199999809265137,11.479999542236328,0
2025-07-17,11.239999771118164,11.539999961853027,10.729999542236328,11.239999771118164,0
2025-07-18,11.390000343322754,11.859999656677246,9.899999618530273,11.239999771118164,0
2025-07-21,11.199999809265137,11.9399995803833,11.09000015258789,11.390000343322754,0
2025-07-22,10.75,11.229999542236328,10.6899995803833,11.199999809265137,0
2025-07-23,10.520000457763672,10.75,10.220000267028809,10.75,0
2025-07-24,10.720000267028809,11.109999656677246,9.869999885559082,10.520000457763672,0
2025-07-25,11.279999732971191,11.579999923706055,10.609999656677246,10.720000267028809,0
2025-07-28,12.0600004196167,12.229999542236328,10.329999923706055,11.279999732971191,0
2025-07-29,11.529999732971191,12.300000190734863,11.399999618530273,12.0600004196167,0
2025-07-30,11.210000038146973,11.779999732971191,10.609999656677246,11.529999732971191,0
2025-07-31,11.539999961853027,12.119999885559082,11.210000038146973,11.210000038146973,0
2025-08-01,11.979999542236328,12.109999656677246,11.399999618530273,11.539999961853027,0
2025-08-04,11.970000267028809,12.630000114440918,11.800000190734863,11.979999542236328,0
2025-08-05,11.710000038146973,12.180000305175781,11.640000343322754,11.970000267028809,0
2025-08-06,11.960000038146973,12.050000190734863,10.65999984741211,11.710000038146973,0
2025-08-07,11.6899995803833,12.3100004196167,11.5600004196167,11.960000038146973,0
2025-08-08,12.029999732971191,12.199999809265137,10.899999618530273,11.6899995803833,0
2025-08-11,12.220000267028809,12.729999542236328,12.029999732971191,12.029999732971191,0
2025-08-12,12.229999542236328,12.420000076293945,11.600000381469727,12.220000267028809,0
2025-08-13,12.140000343322754,12.350000381469727,10.779999732971191,12.229999542236328,0
2025-08-14,12.359999656677246,12.470000267028809,11.470000267028809,12.140000343322754,0
2025-08-18,12.34000015258789,13.470000267028809,11.75,12.359999656677246,0
2025-08-19,11.789999961853027,12.34000015258789,11.760000228881836,12.34000015258789,0
2025-08-20,11.789999961853027,11.989999771118164,10.1899995803833,11.789999961853027,0
2025-08-21,11.369999885559082,11.890000343322754,10.09000015258789,11.789999961853027,0
2025-08-22,11.729999542236328,11.789999961853027,10.699999809265137,11.369999885559082,0
2025-08-25,11.760000228881836,12.350000381469727,11.550000190734863,11.729999542236328,0
2025-08-26,12.1899995803833,12.550000190734863,10.930000305175781,11.760000228881836,0
2025-08-28,12.180000305175781,13.149999618530273,11.579999923706055,12.1899995803833,0
2025-08-29,11.75,12.199999809265137,11.59000015258789,12.180000305175781,0
2025-09-01,11.289999961853027,12.199999809265137,11.239999771118164,11.75,0
2025-09-02,11.399999618530273,11.779999732971191,10.779999732971191,11.289999961853027,0
2025-09-03,10.930000305175781,11.579999923706055,10.850000381469727,11.399999618530273,0
2025-09-04,10.850000381469727,11.239999771118164,10.489999771118164,10.930000305175781,0
2025-09-05,10.779999732971191,11.4399995803833,9.949999809265137,10.850000381469727,0
2025-09-08,10.84000015258789,11.079999923706055,10.420000076293945,10.779999732971191,0
2025-09-09,10.6899995803833,11.449999809265137,9.850000381469727,10.84000015258789,0
2025-09-10,10.539999961853027,10.84000015258789,10.25,10.6899995803833,0
2025-09-11,10.359999656677246,10.779999732971191,10.180000305175781,10.539999961853027,0
2025-09-12,10.119999885559082,10.359999656677246,9.850000381469727,10.359999656677246,0
2025-09-15,10.399999618530273,10.680000305175781,9.899999618530273,10.119999885559082,0
2025-09-16,10.270000457763672,10.5,9.760000228881836,10.399999618530273,0
2025-09-17,10.25,10.359999656677246,9.619999885559082,10.270000457763672,0
2025-09-18,9.890000343322754,10.25,9.489999771118164,10.25,0
2025-09-19,9.970000267028809,10.260000228881836,9.399999618530273,9.890000343322754,0
2025-09-22,10.5600004196167,10.729999542236328,9.970000267028809,9.970000267028809,0
2025-09-23,10.630000114440918,10.899999618530273,9.960000038146973,10.5600004196167,0
2025-09-24,10.520000457763672,10.890000343322754,10.109999656677246,10.630000114440918,0
2025-09-25,10.779999732971191,10.899999618530273,10.289999961853027,10.520000457763672,0
2025-09-26,11.430000305175781,11.680000305175781,10.170000076293945,10.779999732971191,0
2025-09-29,11.369999885559082,11.729999542236328,10.619999885559082,11.430000305175781,0
2025-09-30,11.069999694824219,11.789999961853027,10.930000305175781,11.369999885559082,0
2025-10-01,10.289999961853027,11.260000228881836,10.149999618530273,11.069999694824219,0
2025-10-03,10.0600004196167,10.619999885559082,9.949999809265137,10.289999961853027,0
2025-10-06,10.1899995803833,10.539999961853027,9.65999984741211,10.0600004196167,0
2025-10-07,10.050000190734863,10.449999809265137,10.0,10.1899995803833,0
2025-10-08,10.3100004196167,10.520000457763672,9.6899995803833,10.050000190734863,0
2025-10-09,10.119999885559082,10.569999694824219,10.0,10.3100004196167,0
2025-10-10,10.100000381469727,10.34000015258789,9.710000038146973,10.119999885559082,0
2025-10-13,11.010000228881836,11.260000228881836,9.779999732971191,10.100000381469727,0
2025-10-14,11.15999984741211,11.670000076293945,10.010000228881836,11.010000228881836,0
2025-10-15,10.529999732971191,11.15999984741211,10.430000305175781,11.15999984741211,0
2025-10-16,10.869999885559082,11.0600004196167,10.380000114440918,10.529999732971191,0
2025-10-17,11.630000114440918,11.8100004196167,9.779999732971191,10.869999885559082,0
2025-10-20,11.359999656677246,11.880000114440918,10.670000076293945,11.630000114440918,0
2025-10-21,11.300000190734863,11.600000381469727,10.699999809265137,11.359999656677246,0
2025-10-23,11.729999542236328,12.050000190734863,10.739999771118164,11.300000190734863,0
2025-10-24,11.59000015258789,11.9399995803833,11.4399995803833,11.729999542236328,0
2025-10-27,11.859999656677246,12.729999542236328,11.279999732971191,11.59000015258789,0
2025-10-28,11.949999809265137,12.640000343322754,10.710000038146973,11.859999656677246,0
2025-10-29,11.970000267028809,12.100000381469727,11.229999542236328,11.949999809265137,0
2025-10-30,12.069999694824219,12.270000457763672,11.710000038146973,11.970000267028809,0
2025-10-31,12.149999618530273,12.289999961853027,11.770000457763672,12.069999694824219,0
2025-11-03,12.670000076293945,12.9399995803833,11.789999961853027,12.149999618530273,0
2025-11-04,12.649999618530273,12.9399995803833,10.979999542236328,12.670000076293945,0
2025-11-06,12.40999984741211,12.869999885559082,12.0600004196167,12.649999618530273,0
2025-11-07,12.5600004196167,12.670000076293945,11.960000038146973,12.40999984741211,0
2025-11-10,12.300000190734863,12.930000305175781,11.40999984741211,12.5600004196167,0
2025-11-11,12.489999771118164,13.010000228881836,11.989999771118164,12.300000190734863,0
2025-11-12,12.109999656677246,12.710000038146973,11.4399995803833,12.489999771118164,0
2025-11-13,12.15999984741211,12.270000457763672,11.229999542236328,12.109999656677246,0
2025-11-14,11.9399995803833,12.449999809265137,11.800000190734863,12.15999984741211,0
2025-11-17,11.789999961853027,12.279999732971191,10.899999618530273,11.9399995803833,0
2025-11-18,12.100000381469727,12.289999961853027,10.9399995803833,11.789999961853027,0
2025-11-19,11.970000267028809,12.380000114440918,10.770000457763672,12.100000381469727,0
2025-11-20,12.140000343322754,12.380000114440918,11.0600004196167,11.970000267028809,0
2025-11-21,13.630000114440918,13.850000381469727,12.140000343322754,12.140000343322754,0
2025-11-24,13.239999771118164,13.630000114440918,11.9399995803833,13.630000114440918,0
2025-11-25,12.239999771118164,13.239999771118164,10.859999656677246,13.239999771118164,0
2025-11-26,11.970000267028809,12.569999694824219,11.59000015258789,12.239999771118164,0
2025-11-27,11.789999961853027,12.239999771118164,11.510000228881836,11.970000267028809,0
2025-11-28,11.619999885559082,11.789999961853027,10.819999694824219,11.789999961853027,0
2025-12-01,11.630000114440918,12.010000228881836,10.899999618530273,11.619999885559082,0
2025-12-02,11.229999542236328,11.9399995803833,11.029999732971191,11.630000114440918,0
2025-12-03,11.210000038146973,11.369999885559082,10.920000076293945,11.229999542236328,0
2025-12-04,10.819999694824219,11.270000457763672,10.579999923706055,11.210000038146973,0
2025-12-05,10.319999694824219,10.869999885559082,10.15999984741211,10.819999694824219,0
2025-12-08,11.130000114440918,11.609999656677246,10.140000343322754,10.319999694824219,0
2025-12-09,10.949999809265137,11.880000114440918,10.460000038146973,11.130000114440918,0
2025-12-10,10.90999984741211,11.420000076293945,10.489999771118164,10.949999809265137,0
2025-12-11,10.399999618530273,11.1899995803833,10.319999694824219,10.90999984741211,0
2025-12-12,10.109999656677246,10.399999618530273,9.960000038146973,10.399999618530273,0
2025-12-15,10.25,10.84000015258789,10.050000190734863,10.109999656677246,0
2025-12-16,10.0600004196167,10.430000305175781,9.65999984741211,10.25,0
2025-12-17,9.84000015258789,10.180000305175781,9.479999542236328,10.0600004196167,0
2025-12-18,9.710000038146973,9.949999809265137,9.609999656677246,9.84000015258789,0
2025-12-19,9.520000457763672,10.3100004196167,9.4399995803833,9.710000038146973,0
2025-12-22,9.680000305175781,9.899999618530273,8.859999656677246,9.520000457763672,0
2025-12-23,9.380000114440918,9.789999961853027,9.319999694824219,9.680000305175781,0
2025-12-24,9.1899995803833,9.680000305175781,8.880000114440918,9.380000114440918,0
2025-12-26,9.149999618530273,9.399999618530273,9.020000457763672,9.1899995803833,0
2025-12-29,9.720000267028809,9.770000457763672,9.050000190734863,9.149999618530273,0
2025-12-30,9.680000305175781,9.989999771118164,9.59000015258789,9.720000267028809,0
